5,"Bangunan Yayasan Negeri Sembilan",70000,74
5,"Jalan Bandar Tunggal",70000,74
5,"Jalan Bathurst",70000,74
5,"Jalan Berhala",70000,74
5,"Jalan Bukit Lemon",70000,74
5,"Jalan Campbell",70000,74
5,"Jalan Dato Abdul Kadir",70000,74
5,"Jalan Dato Abdul Malek",70000,74
5,"Jalan Dato Abdul Rahman",70000,74
5,"Jalan Dato Bandar Tunggal",70000,74
5,"Jalan Dato Hamzah",70000,74
5,"Jalan Dato Lee Fong Yee",70000,74
5,"Jalan Dato Sheikh Ahmad",70000,74
5,"Jalan Dr Krishnan",70000,74
5,"Jalan Dr Murugesu",70000,74
5,"Jalan Dr Samuel",70000,74
5,"Jalan Kapitan Tam Yeong",70000,74
5,"Jalan Kong Sang",70000,74
5,"Jalan Lee Fong Yee",70000,74
5,"Jalan Lee Sam",70000,74
5,"Jalan Liat",70000,74
5,"Jalan Lim Kee Siong",70000,74
5,"Jalan Lintang",70000,74
5,"Jalan Nunis (Jalan Locke)",70000,74
5,"Jalan Pasar",70000,74
5,"Jalan Prima 1",70000,74
5,"Jalan Raja Ali",70000,74
5,"Jalan Sheikh Ahmad",70000,74
5,"Jalan Siow Loong Hin",70000,74
5,"Jalan Tuanku Munawir",70000,74
5,"Jalan Tunku Hassan",70000,74
5,"Jalan Utam Singh",70000,74
5,"Jalan Wolff",70000,74
5,"Jalan Yam Tuan",70000,74
5,"Lorong Java (1 & 2)",70000,74
5,"Medan Suria",70000,74
5,"Pusat Perniagaan Templer",70000,74
5,"Taman Selera",70000,74
5,"Taman Sim",70000,74
5,"Wisma Negeri",70000,74
5,"Wisma Persekutuan",70000,74
5,"Bukit Ampangan",70100,74
5,"Dusun Nyior Rahang Kecil",70100,74
5,"Jalan Aminuddin Baki",70100,74
5,"Jalan Atas",70100,74
5,"Jalan Dato Muda Linggi",70100,74
5,"Jalan Dato Siamang Gagap",70100,74
5,"Jalan Dato Wong Yik Tong",70100,74
5,"Jalan Dr Chong Ah Khoon",70100,74
5,"Jalan Gan Tam",70100,74
5,"Jalan Gereja",70100,74
5,"Jalan Jelebu - Ampangan",70100,74
5,"Jalan Keliling",70100,74
5,"Jalan Medan Rahang",70100,74
5,"Jalan Muti Ahmad",70100,74
5,"Jalan Penghulu Cantik",70100,74
5,"Jalan Rahang",70100,74
5,"Jalan Raja Muda Ali",70100,74
5,"Jalan Siamang Gagap",70100,74
5,"Jalan Singkat",70100,74
5,"Jalan Taman Bunga",70100,74
5,"Jalan Tasek",70100,74
5,"Jalan Tetamu",70100,74
5,"Jalan Tok Ungku",70100,74
5,"Jalan Tuan Haji Said",70100,74
5,"Jalan Tuanku Antah",70100,74
5,"Jalan Zaaba",70100,74
5,"Kampung Abok",70100,74
5,"Kampung Baru Rahang",70100,74
5,"Kampung Lee Siew Joo",70100,74
5,"Kondo Allson Klana",70100,74
5,"Lorong Rahang 1",70100,74
5,"Medan Rahang",70100,74
5,"Pusat Komersial Bukit Blossom",70100,74
5,"Pusat Komersial Rasah Prima",70100,74
5,Rahang,70100,74
5,"Rahang Kecil",70100,74
5,"Rumah Murah Dusun Nyior",70100,74
5,"Taman Abok Jaya",70100,74
5,"Taman Beng Foh",70100,74
5,"Taman Bidara",70100,74
5,"Taman Blossom",70100,74
5,"Taman Bukit Blossom",70100,74
5,"Taman Bukit Pelangi",70100,74
5,"Taman Bukit Punca Emas",70100,74
5,"Taman Cermai Jaya",70100,74
5,"Taman Channer",70100,74
5,"Taman Choong Loong",70100,74
5,"Taman Dusun Nyior ",70100,74
5,"Taman Dusun Setia",70100,74
5,"Taman Forest Height",70100,74
5,"Taman Ideal",70100,74
5,"Taman Kian Kee",70100,74
5,"Taman Lee Siew Joo",70100,74
5,"Taman Lelayang",70100,74
5,"Taman Loop",70100,74
5,"Taman Mawar",70100,74
5,"Taman Mawar",70100,74
5,"Taman Ming Hoe",70100,74
5,"Taman Murugesu",70100,74
5,"Taman Nyior",70100,74
5,"Taman Nyior Gading",70100,74
5,"Taman Nyior Hijau",70100,74
5,"Taman Punca Mas",70100,74
5,"Taman Rahang",70100,74
5,"Taman Sea",70100,74
5,"Taman Sejahtera",70100,74
5,"Taman Seremban",70100,74
5,"Taman Seri Binjai",70100,74
5,"Taman Seri Kamban",70100,74
5,"Taman Seri Loop",70100,74
5,"Taman Setia Jaya",70100,74
5,"Taman South East",70100,74
5,"Taman Sri Puteh",70100,74
5,"Taman Sri Rahang",70100,74
5,"Taman Starlight",70100,74
5,"Taman Tan Chee Hoe",70100,74
5,"Taman Thivy Jaya",70100,74
5,"Taman Ujong",70100,74
5,"Taman Yoon Chan",70100,74
5,"Taman Yoon FooK",70100,74
5,"Villa Taman Tasik",70100,74
5,"Bandar Ainsdale",70200,74
5,"Bukit Chemara",70200,74
5,"Bukit Jong",70200,74
5,"Bukit Kaya",70200,74
5,"Bukit Lemon",70200,74
5,"Bukit Limbok",70200,74
5,"Bukit Lobak",70200,74
5,"Dawn Estate",70200,74
5,"Era Square",70200,74
5,"Hillside Estate",70200,74
5,"Jade Villa",70200,74
5,"Jalan Anggun",70200,74
5,"Jalan Dato Abdullah",70200,74
5,"Jalan Dato Kelana Maamor",70200,74
5,"Jalan Haji Abdul Hamid",70200,74
5,"Jalan Han Hui Foong",70200,74
5,"Jalan Kilat",70200,74
5,"Jalan Kuala Lumpur ",70200,74
5,"Jalan Kwang Tong",70200,74
5,"Jalan Labu",70200,74
5,"Jalan Labu Lama",70200,74
5,"Jalan Lam Teck Choon",70200,74
5,"Jalan Lt. Adnan",70200,74
5,"Jalan Manickavasagam",70200,74
5,"Jalan Muthu Cumaru",70200,74
5,"Jalan Off Keng Heng",70200,74
5,"Jalan Off Tun Dr Ismail",70200,74
5,"Jalan Pusat Komersial Lobak 1",70200,74
5,"Jalan Quek Kai Dong",70200,74
5,"Jalan Sawmill",70200,74
5,"Jalan Seng Meng Lee",70200,74
5,"Jalan Sentul",70200,74
5,"Jalan Sungai Ujong",70200,74
5,"Jalan Temiang",70200,74
5,"Jalan Temiang Lama",70200,74
5,"Jalan Tun Dr Ismail",70200,74
5,"Jalan Ulu Temiang",70200,74
5,"Jalan Veloo",70200,74
5,"Jalan Yazid Ahmad",70200,74
5,"Kampung Baru Bukit Temiang",70200,74
5,"Kampung Baru Cina",70200,74
5,"Kampung Baru Templer",70200,74
5,"Kampung Baru Ulu Temiang",70200,74
5,"Kampung Benggali",70200,74
5,"Kampung Dato Hj Mohd Said",70200,74
5,"Kampung Kepayang",70200,74
5,"Kampung Kin Ching",70200,74
5,"Kampung Lobak",70200,74
5,"Kampung Melayu Ulu Temiang",70200,74
5,"Kampung Penghulu",70200,74
5,"Kemayan Square",70200,74
5,"Kemayan Square",70200,74
5,"Kondo Bukit Kaya",70200,74
5,"Permata Villa Kondo",70200,74
5,"Pusat Perniagaan Gerbang",70200,74
5,"Residensi Prima Seremban Utara",70200,74
5,"Seri Kenangan",70200,74
5,"Sri Bukit Jade",70200,74
5,"Taman AST",70200,74
5,"Taman Baiduri",70200,74
5,"Taman Bangawan",70200,74
5,"Taman Belian Tropika",70200,74
5,"Taman Belimbing Perdana",70200,74
5,"Taman Bukit Berlian",70200,74
5,"Taman Bukit Dawn",70200,74
5,"Taman Bukit Desa Tembaga",70200,74
5,"Taman Bukit Galena",70200,74
5,"Taman Bukit Intan",70200,74
5,"Taman Bukit Jade",70200,74
5,"Taman Bukit Kaya",70200,74
5,"Taman Bukit Kelisa",70200,74
5,"Taman Bukit Kepayang",70200,74
5,"Taman Bukit Kristal",70200,74
5,"Taman Bukit Labu",70200,74
5,"Taman Bukit Markisa",70200,74
5,"Taman Bukit Mika",70200,74
5,"Taman Bukit Mutiara",70200,74
5,"Taman Bukit Sapphire",70200,74
5,"Taman Bukit Sentosa",70200,74
5,"Taman Bukit Termiang",70200,74
5,"Taman Cheng Shiang",70200,74
5,"Taman Chip Aik",70200,74
5,"Taman Cuepacs",70200,74
5,"Taman Delima",70200,74
5,"Taman Desa Temiang",70200,74
5,"Taman Duyong",70200,74
5,"Taman Harmonium Indah",70200,74
5,"Taman Harmonium Utama",70200,74
5,"Taman Jasper",70200,74
5,"Taman Jasper Jaya",70200,74
5,"Taman Jaya Mas",70200,74
5,"Taman Kepayang Baru",70200,74
5,"Taman King Wong",70200,74
5,"Taman Kong Heong",70200,74
5,"Taman Koop",70200,74
5,"Taman Kotamas",70200,74
5,"Taman Kwan Tong",70200,74
5,"Taman Labu Jaya",70200,74
5,"Taman Labu Utama",70200,74
5,"Taman Ladang Dawn / Bukit Dawn",70200,74
5,"Taman Lam Teck Choon",70200,74
5,"Taman Lucky Height",70200,74
5,"Taman Makmur",70200,74
5,"Taman Mon't Jade",70200,74
5,"Taman Mutiara Galla",70200,74
5,"Taman Nee Yan",70200,74
5,"Taman Oakland",70200,74
5,"Taman Perindustrian Galla",70200,74
5,"Taman Permai",70200,74
5,"Taman Permai (1 - 3)",70200,74
5,"Taman Permata",70200,74
5,"Taman Saga",70200,74
5,"Taman Seni Budaya",70200,74
5,"Taman Sentosa",70200,74
5,"Taman Sentosa Baru",70200,74
5,"Taman Seri Labu",70200,74
5,"Taman Seruling Jaya",70200,74
5,"Taman Serunai Indah",70200,74
5,"Taman Setosa Baru",70200,74
5,"Taman Sri Amber",70200,74
5,"Taman Sri Pinang",70200,74
5,"Taman Suria",70200,74
5,"Taman Temiang",70200,74
5,"Taman Templer",70200,74
5,"Taman Tuanku Abd Rahman",70200,74
5,"Taman Tun Dr Ismail",70200,74
5,"Taman Union",70200,74
5,"Taman Yoon Seng",70200,74
5,"Taman Zamrud",70200,74
5,"Templer Terrace",70200,74
5,"Ulu Temiang",70200,74
5,"Biz Avenue",70300,74
5,"Bukit Nanas",70300,74
5,"Bukit Nanas Estate",70300,74
5,"Bukit Rasah",70300,74
5,"CEB Site Garden",70300,74
5,"Central Park Seremban 2",70300,74
5,"Centre Park Seremban 2",70300,74
5,"Dataran Usahawan",70300,74
5,"Emerald Park Seremban 2",70300,74
5,"Garden Avenue Seremban 2",70300,74
5,"Garden City Homes",70300,74
5,"Garden Homes Seremban 2",70300,74
5,"Green Street Homes Seremban 2",70300,74
5,"Green Tech. Park",70300,74
5,"Jalan Bukit Nenas",70300,74
5,"Jalan Bukit Rasah",70300,74
5,"Jalan Bukit Tembok",70300,74
5,"Jalan Dr Muthu",70300,74
5,"Jalan Good Yard",70300,74
5,"Jalan Hill",70300,74
5,"Jalan Kuala Sawah",70300,74
5,"Jalan Locoshed",70300,74
5,"Jalan Osman",70300,74
5,"Jalan Port Dickson ",70300,74
5,"Jalan Rasah",70300,74
5,"Jalan Seremban - Port Dickson (Km 4 - 4.5)",70300,74
5,"Jalan Seremban-Bukit Nenas",70300,74
5,"Jalan Ulu Ara ",70300,74
5,"Jalan Yusof",70300,74
5,"Kampung Baru Mambau",70300,74
5,"Kampung Baru Rasah",70300,74
5,"Kampung Bemban",70300,74
5,"Kampung Bukit Chedang",70300,74
5,"Kampung Datuk Mansor",70300,74
5,"Kampung Kayu Ara",70300,74
5,"Kampung Kayu Ara Hilir",70300,74
5,"Kampung Mantau",70300,74
5,"Kampung Masjid",70300,74
5,"Kampung Mawar",70300,74
5,"Kampung Melayu Rasah",70300,74
5,"Kampung Pasir",70300,74
5,"Kampung Pondok",70300,74
5,"Kampung Puchong",70300,74
5,"Kampung Ulu Ara",70300,74
5,"Kem Rasah",70300,74
5,"Ladang Shanghai",70300,74
5,"Lake View Square",70300,74
5,Mambau,70300,74
5,"Mambau (Km 13)",70300,74
5,"Mambau (Km 9)",70300,74
5,"Medan Perniagaan Mambau",70300,74
5,"Oakland Industrial Park",70300,74
5,"One Avenue",70300,74
5,"Park Avenue",70300,74
5,"Pusat Automobil Mambau",70300,74
5,"Pusat Dagangan Seremban 2",70300,74
5,"Pusat Komersial Saujana",70300,74
5,"Pusat Komersial Seksyen C",70300,74
5,"Pusat Komersial Universiti",70300,74
5,"Rasah Kemayan Golf & Country Township",70300,74
5,"Rasah Kemayan Seremban 2",70300,74
5,"Residensi Sri Mahkota",70300,74
5,"Rumah Murah Mambau",70300,74
5,"S2 Height",70300,74
5,"Seksyen E",70300,74
5,"Seksyen G",70300,74
5,"Seremban 2 Heights",70300,74
5,"Seremban 3",70300,74
5,"Sri Carcosa Seremban 2",70300,74
5,"Taman Anggor Jaya",70300,74
5,"Taman Angsamas",70300,74
5,"Taman Ara Impian",70300,74
5,"Taman Ara Sendayan",70300,74
5,"Taman Arowana Impian",70300,74
5,"Taman Arowana Indah",70300,74
5,"Taman Ban Aik",70300,74
5,"Taman Belida",70300,74
5,"Taman Belimbing Height",70300,74
5,"Taman Belinda Indah",70300,74
5,"Taman Bukit Belida Fasa II",70300,74
5,"Taman Bukit Cedang",70300,74
5,"Taman Bukit Marlin",70300,74
5,"Taman Bukit Nanas",70300,74
5,"Taman Bukit Nuri Indah",70300,74
5,"Taman Bukit Nuri Indah",70300,74
5,"Taman Bukit Rasah",70300,74
5,"Taman Bunga Raya",70300,74
5,"Taman Cenderawasih",70300,74
5,"Taman Cenderawasih Indah",70300,74
5,"Taman Ceri Indah",70300,74
5,"Taman Desa Rasah",70300,74
5,"Taman Guru Rasah",70300,74
5,"Taman Happy",70300,74
5,"Taman Harapan Baru",70300,74
5,"Taman Ho",70300,74
5,"Taman Idaman Rasah",70300,74
5,"Taman Iringan Bayu",70300,74
5,"Taman Kaloi Jaya",70300,74
5,"Taman Kelab Tuanku",70300,74
5,"Taman Kelana Jubilee",70300,74
5,"Taman Kerisi Indah",70300,74
5,"Taman Kok Ann",70300,74
5,"Taman Koop",70300,74
5,"Taman Lian",70300,74
5,"Taman Limau Emas",70300,74
5,"Taman Lucky",70300,74
5,"Taman Mambau",70300,74
5,"Taman Mambau Baru",70300,74
5,"Taman Mambau Height",70300,74
5,"Taman Mambau Jaya",70300,74
5,"Taman Mantau Indah",70300,74
5,"Taman Megah",70300,74
5,"Taman Mok Sum",70300,74
5,"Taman Negeri (Rasah)",70300,74
5,"Taman Patin Indah",70300,74
5,"Taman Raja Hanifah",70300,74
5,"Taman Rasah",70300,74
5,"Taman Rasah Jaya",70300,74
5,"Taman Rasah Jaya Utama",70300,74
5,"Taman Rasah Kemayan",70300,74
5,"Taman Rasah Utama",70300,74
5,"Taman Rimbun Ara",70300,74
5,"Taman Rimbun Harmoni",70300,74
5,"Taman Saujana Duta",70300,74
5,"Taman Saujana Indah",70300,74
5,"Taman Saujana Prima",70300,74
5,"Taman Saujana Sutera",70300,74
5,"Taman Saujana Tropika",70300,74
5,"Taman Seremban 3",70300,74
5,"Taman Seremban Jaya",70300,74
5,"Taman Serenggam",70300,74
5,"Taman Seri Putih",70300,74
5,"Taman Sungai Ujong",70300,74
5,"Taman Tuan Sheikh",70300,74
5,"Taman Yuen Lian",70300,74
5,"Taman Zaharah",70300,74
5,"Up Town Avenue",70300,74
5,"Vision Homes Seremban 2",70300,74
5,"Appartment Kasturi",70400,74
5,"Appartment Seroja",70400,74
5,"Bandar Baru Ampangan",70400,74
5,"Bandar Warisan Puteri",70400,74
5,D'palma,70400,74
5,"Flat Cengal Utama",70400,74
5,"Flat Paroi",70400,74
5,"Flat Taman Casuarina",70400,74
5,"Gedong Lalang 162",70400,74
5,"Gedung Lalang 50",70400,74
5,"Jalan Ampangan",70400,74
5,"Jalan Jelebu (Hingga Km 3.5)",70400,74
5,"Jalan Kuala Pilah",70400,74
5,"Jalan Kuala Pilah (Km 3 - 4)",70400,74
5,"Jalan Sikamat",70400,74
5,"Jalan Temiang Jaya",70400,74
5,"Jalan Tok Dagang",70400,74
5,"Jalan Tuan Haji Said 2",70400,74
5,"Jalan Tuanku Kursiah Atas 2",70400,74
5,"Jalan Tunku Kurshiah",70400,74
5,"Jalan Ujong Pasir",70400,74
5,"Kampung Baru Paroi",70400,74
5,"Kampung Baru Sikamat",70400,74
5,"Kampung Belachan",70400,74
5,"Kampung Bukit Merbah",70400,74
5,"Kampung Dato Wong Seng Chow",70400,74
5,"Kampung Durian Tiga Batang",70400,74
5,"Kampung Dusun Nyior",70400,74
5,"Kampung Gedung Lalang Lama",70400,74
5,"Kampung Ismail",70400,74
5,"Kampung Jiboi",70400,74
5,"Kampung Jiboi Baru",70400,74
5,"Kampung Merbah Indah",70400,74
5,"Kampung Paroi",70400,74
5,"Kampung Sekolah",70400,74
5,"Kampung Sentosa Ampangan",70400,74
5,"Kampung Seri Landak",70400,74
5,"Kampung Sikamat",70400,74
5,"Kampung Sri Panchor",70400,74
5,"Kampung Sungai Landak",70400,74
5,"Kampung Sungai Pupoh",70400,74
5,"Kampung Ujong Pasir",70400,74
5,"Kem Sikamat",70400,74
5,"Laman Akasia",70400,74
5,"Lot 1767 Sikamat",70400,74
5,"Lot 1768 Sikamat",70400,74
5,"Lot 780 Sikamat",70400,74
5,"Pusat Perdagangan Paroi",70400,74
5,"Pusat Perniagaan Lavender Height",70400,74
5,"Rumah Murah Km 5 Sikamat",70400,74
5,"Seremban Putra",70400,74
5,"Stadium Tuanku Abdul Rahman",70400,74
5,"Taman Ampangan",70400,74
5,"Taman Ampangan Jaya",70400,74
5,"Taman Anzac",70400,74
5,"Taman Bakawali",70400,74
5,"Taman Bukit Kelana",70400,74
5,"Taman Bukit Nibong",70400,74
5,"Taman Bukit Penaga",70400,74
5,"Taman Bukit Sarimban",70400,74
5,"Taman Bukti",70400,74
5,"Taman Bukti Setia",70400,74
5,"Taman Casurina",70400,74
5,"Taman Casurina Fasa 2",70400,74
5,"Taman College Height",70400,74
5,"Taman Coral Height",70400,74
5,"Taman Dato Shah Bandar",70400,74
5,"Taman Dato Wan",70400,74
5,"Taman Dellinia",70400,74
5,"Taman Desa Beringin",70400,74
5,"Taman Desa Jaya",70400,74
5,"Taman Desa Kiara",70400,74
5,"Taman Desa Manggis",70400,74
5,"Taman Desa Rhu",70400,74
5,"Taman Desa Ros",70400,74
5,"Taman England",70400,74
5,"Taman Golf Heights",70400,74
5,"Taman Indah (Ampangan)",70400,74
5,"Taman Jerlang Indah",70400,74
5,"Taman JS Union",70400,74
5,"Taman Jujur",70400,74
5,"Taman Kemunting",70400,74
5,"Taman Kiambang Indah",70400,74
5,"Taman Kiara Indah",70400,74
5,"Taman Kim Soon",70400,74
5,"Taman Lavender Height",70400,74
5,"Taman Megaway",70400,74
5,"Taman Meranti Jaya",70400,74
5,"Taman Murni",70400,74
5,"Taman Negeri (Ampangan)",70400,74
5,"Taman Nusa Intan",70400,74
5,"Taman NZ",70400,74
5,"Taman Panchor Jaya",70400,74
5,"Taman Paroi Jaya",70400,74
5,"Taman Pelangi",70400,74
5,"Taman Pinang Gading",70400,74
5,"Taman Pinggiran Golf",70400,74
5,"Taman PJ Perdana",70400,74
5,"Taman Pulai Impian",70400,74
5,"Taman Pulai Perdana",70400,74
5,"Taman Purba",70400,74
5,"Taman Rashibah Indah",70400,74
5,"Taman Sakura",70400,74
5,"Taman Selasih",70400,74
5,"Taman Sena Jaya",70400,74
5,"Taman Sentosa Indah",70400,74
5,"Taman Seri Landak",70400,74
5,"Taman Seri Negeri",70400,74
5,"Taman Seri Paroi",70400,74
5,"Taman Seri Rambai",70400,74
5,"Taman Seri Sentosa ",70400,74
5,"Taman Seri Tanjung",70400,74
5,"Taman Shukor",70400,74
5,"Taman Sikamat",70400,74
5,"Taman Sikamat Indah",70400,74
5,"Taman Sikamat Jaya",70400,74
5,"Taman Sikamat Utama",70400,74
5,"Taman Sri Inai",70400,74
5,"Taman Sri Penaga",70400,74
5,"Taman Sri Penaga 11",70400,74
5,"Taman Sri Pulai",70400,74
5,"Taman Sri Pulai 3",70400,74
5,"Taman Sri Telawi",70400,74
5,"Taman Suliana",70400,74
5,"Taman Suliana 2",70400,74
5,"Taman Tasek Jaya (1 & 2)",70400,74
5,"Taman Temiang Jaya",70400,74
5,"Taman Vila Palma",70400,74
5,"Taman Warisan Puteri",70400,74
5,"Taman Zaiton Indah",70400,74
5,"Tepian Gelanggang",70400,74
5,"Zon Perindustrian Tasek Jaya",70400,74
5,"Bandar Prima Senawang",70450,74
5,"Bandar Utama Senawang",70450,74
5,"City Square Senawang",70450,74
5,"Dataran Kemuning",70450,74
5,"Desa Kenanga Indah",70450,74
5,"Flat Senawang Jaya",70450,74
5,"Flat Sri Mawar",70450,74
5,"Jalan Paroi-Senawang",70450,74
5,"Jalan Tampin (Hingga Km 7)",70450,74
5,"Kampung Baru Senawang",70450,74
5,"Kawasan Industri Sinar Andalas",70450,74
5,"Kawasan Perindustrian Senawang",70450,74
5,"Kawasan Perusahaan Senawang",70450,74
5,"Medan Perniagaan Senawang Jaya",70450,"74 "
5,"Persada Cattleya",70450,"74 "
5,"Pusat Komersial Persada Cattleya",70450,74
5,"Pusat Perdagangan Bukit Emas 2",70450,74
5,"Pusat Perniagaan Senawang Jaya",70450,74
5,Senawang,70450,74
5,"Senawang Business Park",70450,74
5,"Senawang Commercial Park",70450,74
5,"Senawang Industrial Estate",70450,74
5,"Taman Alamanda",70450,74
5,"Taman Bandar Senawang",70450,74
5,"Taman Bougainvillea Idaman",70450,74
5,"Taman Bukit Emas",70450,74
5,"Taman Bukit Senawang",70450,74
5,"Taman Cempaka",70450,74
5,"Taman Desa Anggerik",70450,74
5,"Taman Desa Dahlia",70450,74
5,"Taman Desa Exora",70450,74
5,"Taman Desa Flora",70450,74
5,"Taman Desa Melor",70450,74
5,"Taman Desa Melor Indah",70450,74
5,"Taman Desa Orkid",70450,74
5,"Taman Duranta",70450,74
5,"Taman Fajar Indah",70450,74
5,"Taman Guru-Guru",70450,74
5,"Taman Imigresen",70450,74
5,"Taman Jasmine",70450,74
5,"Taman Jasmine Indah",70450,74
5,"Taman Kemuning",70450,74
5,"Taman Kobena",70450,74
5,"Taman Lily",70450,74
5,"Taman Lily Sutera",70450,74
5,"Taman Lily Sutra",70450,74
5,"Taman Marida",70450,74
5,"Taman Matahari Height (Bukit Matahari)",70450,74
5,"Taman Matahari Indah",70450,74
5,"Taman Mayang Sari",70450,74
5,"Taman Merpati",70450,74
5,"Taman Nusa Baiduri",70450,74
5,"Taman Pusat Bandar Senawang",70450,74
5,"Taman Rasa Sayang",70450,74
5,"Taman Rashidah Utama",70450,74
5,"Taman Rashidah Utama 2",70450,74
5,"Taman Rose Mewah",70450,74
5,"Taman RPKR Senawang",70450,74
5,"Taman Satria",70450,74
5,"Taman Senangin",70450,74
5,"Taman Senawang Indah",70450,74
5,"Taman Senawang Jaya",70450,74
5,"Taman Seremban Jaya",70450,74
5,"Taman Seremban Jaya Idaman",70450,74
5,"Taman Seri Kasih",70450,74
5,"Taman Seri Kiambang",70450,74
5,"Taman Seri Mawar",70450,74
5,"Taman Seri Pagi",70450,74
5,"Taman Seroja Indah",70450,74
5,"Taman Setia Hati",70450,74
5,"Taman Siantan",70450,74
5,"Taman Sri Bayu",70450,74
5,"Taman Teratai",70450,74
5,"Taman Teratai Indah",70450,74
5,"Taman Widuri",70450,74
5,"DYMM Yang Di Pertuan Besar Negeri Sembilan",70500,74
5,"YAB Menteri Besar Negeri Sembilan",70502,74
5,"Setiausaha Kerajaan Negeri",70503,74
5,"Biro Bantuan Guaman",70504,74
5,"Biro Pengaduan Awam",70505,74
5,"Mahkamah Tinggi",70506,74
5,"Amanah Raya Berhad",70508,74
5,"Penasihat Undang-Undang Negeri",70512,74
5,"Jabatan Pemegang Harta",70516,74
5,"Jabatan Perpaduan Negara",70517,74
5,"Ketua Audit Negeri",70518,74
5,"Jabatan Sumber Manusia",70532,74
5,"Jabatan Kilang & Jentera",70534,74
5,"Jabatan Perhubungan Perusahaan",70536,74
5,"Jabatan Tenaga Rakyat",70540,74
5,"Pejabat Rela Negeri",70546,74
5,"Jabatan Hal Ehwal Orang Asli",70548,74
5,"Jabatan Imigresen",70550,74
5,"Jabatan Pendaftaran Negara",70551,74
5,"Penguasa Penjara",70558,74
5,"Ketua Polis Negeri",70560,74
5,"Jabatan Kebajikan Masyarakat",70564,74
5,"Jabatan Belia & Sukan",70570,74
5,"Perpustakaan Awam Negeri",70572,74
5,"Jabatan Tanah & Galian",70576,74
5,"Jabatan Ukur & Pemetaan",70578,74
5,"Jabatan Kerja Raya",70582,74
5,"Hospital Seremban",70586,74
5,"Jabatan Kesihatan",70590,74
5,"Pegawai Kewangan Negeri",70592,74
5,"Akauntan Negeri",70594,74
5,"Jabatan Kastam & Eksais Di Raja",70596,74
5,"Lembaga Hasil Dalam Negeri",70600,74
5,"Jabatan Pendidikan",70604,74
5,"Jabatan Kemajuan Masyarakat (Kemas)",70606,74
5,"Jabatan Pembangunan Koperasi",70608,74
5,"Pejabat Mara Negeri",70609,74
5,"Bahagian Pelesenan - Kementerian Penerangan",70610,74
5,"Jabatan Pengangkutan Jalan",70620,74
5,"Jabatan Pengairan & Saliran",70626,74
5,"Jabatan Perikanan",70628,74
5,"Jabatan Pertanian",70632,74
5,"Panglima Markas 1 Breged (Kem Rasah)",70634,74
5,"Majlis Perbandaran Seremban",70644,74
5,"Jabatan Perancang Bandar & Desa",70646,74
5,"Jabatan Bomba & PenyeLamat",70648,74
5,"Jabatan Kajibumi",70658,74
5,"Jabatan Perhilitan",70664,74
5,"Pos Malaysia Berhad",70670,74
5,"Telekom Malaysia Berhad",70672,74
5,"Tenaga Nasional Berhad",70673,74
5,"Pegawai Kemajuan Negeri",70674,74
5,"Jabatan Agama Islam Negeri Sembilan",70676,74
5,"Suruhanjaya Pilihan Raya Negeri",70690,74
5,"Seremban - Peti surat    1 - 80",70700,74
5,"Seremban - Peti surat  81 - 160",70710,74
5,"Seremban - Peti surat 161 - 240",70720,74
5,"Seremban - Peti surat 241 - 320",70730,74
5,"Seremban - Peti surat 321 - 400",70740,74
5,"Seremban - Peti surat 401 & ke atas",70750,74
5,"Seremban - Beg berkunci",70990,74
5,"Andrappan Block",71000,72
5,"Arkid Mara",71000,72
5,"Ayer Meleleh",71000,72
5,"Bukit Tuan Sheikh",71000,72
5,"Ginder Singh Block",71000,72
5,"Goh San Block",71000,72
5,"Jalan Shell",71000,72
5,"Kampung Arab",71000,72
5,"Kampung Bagan Pinang",71000,72
5,"Kampung Bagan Pinang Batu 2 1/2",71000,72
5,"Kampung Benggali",71000,72
5,"Kampung Chokra",71000,72
5,"Kampung Cina",71000,72
5,"Kampung Dhoby",71000,72
5,"Kampung Gelam",71000,72
5,"Kampung Gopal Raju",71000,72
5,"Kampung Hailam",71000,72
5,"Kampung Jawa",71000,72
5,"Kampung Melayu",71000,72
5,"Kampung Paya",71000,72
5,"Kampung Raja Hitam",71000,72
5,"Kampung Teck Lin",71000,72
5,"Kompleks Pendidikan Sentosa Jalan Pantai",71000,72
5,"Kompleks Pendidikan Sri Pinang Jalan Pantai",71000,72
5,"Ladang Mann",71000,72
5,"Ladang Port Dickson Lukut",71000,72
5,"Ladang St Leonard",71000,72
5,"Ladang Sua Betong",71000,72
5,"Ladang Sunggala",71000,72
5,"Ladang Tanah Merah",71000,72
5,"PD Waterfront",71000,72
5,"Port Dickson",71000,72
5,"Quarters Pegawai Kanan TNB Batu 1 1/2 Jalan Pantai",71000,72
5,"Quarters TNB Kampung Gelam Jalan Seremban",71000,72
5,"Shell Garden",71000,72
5,"Simpang Ampat",71000,72
5,"Taman Bakti II",71000,72
5,"Taman Bukit Orkid",71000,72
5,"Taman Bukit Samudera Baru",71000,72
5,"Taman Bukit Samudra",71000,72
5,"Taman Bukit Tuan Sheikh",71000,72
5,"Taman Damai",71000,72
5,"Taman Desa Permai",71000,72
5,"Taman Desa Pinang",71000,72
5,"Taman Desa Setia Jalan Pantai",71000,72
5,"Taman Eksklusif",71000,72
5,"Taman Flora",71000,72
5,"Taman Four Sea",71000,72
5,"Taman Gelam",71000,72
5,"Taman Happy",71000,72
5,"Taman Indah Desa",71000,72
5,"Taman Indah Emas",71000,72
5,"Taman Kampung Paya Utama",71000,72
5,"Taman Kenangan",71000,72
5,"Taman Kian Yap",71000,72
5,"Taman Kiara",71000,72
5,"Taman Kiara 2",71000,72
5,"Taman Koperasi Setia",71000,72
5,"Taman Megah",71000,72
5,"Taman Mekar",71000,72
5,"Taman Mewah",71000,72
5,"Taman Mika Mas",71000,72
5,"Taman Minang",71000,72
5,"Taman Muhibbah",71000,72
5,"Taman Negeri",71000,72
5,"Taman Negeri Baru",71000,72
5,"Taman Nesa",71000,72
5,"Taman NLFCS",71000,72
5,"Taman Orkid",71000,72
5,"Taman Pantai Mas",71000,72
5,"Taman PD Idaman",71000,72
5,"Taman PD Lagenda",71000,72
5,"Taman PD Mewah",71000,72
5,"Taman PD Suria",71000,72
5,"Taman PD Sutera",71000,72
5,"Taman PD Utama",71000,72
5,"Taman Pendang",71000,72
5,"Taman Perdana",71000,72
5,"Taman Persiaran Kurau",71000,72
5,"Taman Pertama",71000,72
5,"Taman Putra",71000,72
5,"Taman Putri",71000,72
5,"Taman Ria",71000,72
5,"Taman Samudra",71000,72
5,"Taman Sea View",71000,72
5,"Taman Sejahtera",71000,72
5,"Taman Selasih",71000,72
5,"Taman Seri Bandar",71000,72
5,"Taman Seri Bayu",71000,72
5,"Taman Seri Intan",71000,72
5,"Taman Seri Tanjong",71000,72
5,"Taman Seroja",71000,72
5,"Taman Sri Mawar Fasa II",71000,72
5,"Taman Sukaria",71000,72
5,"Taman Tanjong",71000,72
5,"Taman Tanjong Fasa II",71000,72
5,"Taman Tanjong Fasa III",71000,72
5,"Taman Tanjong Fasa IV",71000,72
5,"Taman Tuan Sheikh",71000,72
5,"Tan Book Kwee Block",71000,72
5,"Tan Liew Block",71000,72
5,"Tan Toh Guan Block",71000,72
5,"Tanjung Gemok",71000,72
5,"Tanjung Kemuning",71000,72
5,"Tong Seng Block",71000,72
5,"Port Dickson - Peti surat",71007,72
5,"Port Dickson - Beg berkunci",71009,72
5,"Bandar Baru Lukut",71010,72
5,"Bandar Baru Lukut Jaya",71010,72
5,"Bandar Spring Hill",71010,72
5,"Bandar Spring Hill Fasa 2",71010,72
5,"Bandar Spring Hill Fasa 3",71010,72
5,"Bandar Spring Hill Fasa 4",71010,72
5,"Dataran Segar",71010,72
5,"Kampung Bukit Palong",71010,72
5,"Kampung Parit Gila",71010,72
5,"Kampung Pasir",71010,72
5,"Kampung Sungai Sendayan",71010,72
5,"Kompleks Pendidikan Guru",71010,72
5,"Kuala Lukut",71010,72
5,Lukut,71010,72
5,"Taman Aman",71010,72
5,"Taman Bunga Raya",71010,72
5,"Taman Cemerlang",71010,72
5,"Taman Desaru",71010,72
5,"Taman Indah Baru",71010,72
5,"Taman Indah Jaya",71010,72
5,"Taman Industri",71010,72
5,"Taman Jaya",71010,72
5,"Taman Jaya Lukut",71010,72
5,"Taman Jimah Jaya",71010,72
5,"Taman Kian Yap",71010,72
5,"Taman Lukut",71010,72
5,"Taman Lukut Permai",71010,72
5,"Taman PD Jaya",71010,72
5,"Taman Sentosa",71010,72
5,"Taman Seri Jimah",71010,72
5,"Taman Seroja",71010,72
5,"Taman Sri Aman",71010,72
5,"Taman Sri Lukut",71010,72
5,"Taman Tun Sambanthan",71010,72
5,"Taman Vista Jaya",71010,72
5,"Taman Wawasan",71010,72
5,"Bandar Baru Sunggala",71050,72
5,"Coco Bay",71050,72
5,"Institut Teknologi Kejuruteraan",71050,72
5,"Jalan Pantai (Batu 4 - 10)",71050,72
5,"Kampung Askot",71050,72
5,"Kampung Baru SiRusa",71050,72
5,"Kampung Baru Sunggala",71050,72
5,"Kampung Orang Asli",71050,72
5,"Kampung Sawah Sunggala",71050,72
5,"Kampung Si Rusa",71050,72
5,"Kampung Sungai Menyala",71050,72
5,"Kampung Telok Kemang",71050,72
5,"Kem 1 Woksyop Brigade",71050,72
5,"Kem Lateda",71050,72
5,"Kem Pulamor",71050,72
5,"Kem Pusarti",71050,72
5,"Kem Pusat Olah Perang",71050,72
5,"Kem Sebatang Kara",71050,72
5,"Kem Segenting",71050,72
5,"Kem Sekolah Pengurusan Tentera Darat",71050,72
5,"Kem Sunggala",71050,72
5,"Medan Coral",71050,72
5,"PD Garison",71050,72
5,"Resort Laguna",71050,72
5,"Resort Sri Bulan",71050,72
5,Segenting,71050,72
5,"Si Rusa",71050,72
5,"Siginting Estate",71050,72
5,"Sua Betong",71050,72
5,"Taman Abu Zarim",71050,72
5,"Taman Anika",71050,72
5,"Taman Astana Harmoni",71050,72
5,"Taman Baru Kemang",71050,72
5,"Taman Bukit Perdana",71050,72
5,"Taman Bunga Kertas",71050,72
5,"Taman Dato Abdul Samad",71050,72
5,"Taman Desa Rusa",71050,72
5,"Taman Eastern",71050,72
5,"Taman Eastern Fasa 2",71050,72
5,"Taman Green View (Batu 12)",71050,72
5,"Taman Intan Perdana",71050,72
5,"Taman Koperasi Guru",71050,72
5,"Taman Melati",71050,72
5,"Taman Minda",71050,72
5,"Taman Orkid",71050,72
5,"Taman Pantai Port Dickson",71050,72
5,"Taman Politeknik",71050,72
5,"Taman Selayang",71050,72
5,"Taman Seri Pinang",71050,72
5,"Taman Sirusa",71050,72
5,"Taman Sua Betong",71050,72
5,"Taman Tiara",71050,72
5,"Taman TKK",71050,72
5,"Teluk Kemang",71050,72
5,"Teluk Pelandok",71050,72
5,"Si Rusa - Beg Berkunci",71059,72
5,"Atherthon Estate",71100,74
5,"Bradwall Estate",71100,74
5,"Guthrie Latex",71100,74
5,"Kampung Haji Ali Saga",71100,74
5,"Ladang Jemima",71100,74
5,"Ladang Saga",71100,74
5,"Ladang Sendayan",71100,74
5,"Ladang Siliau Selatan",71100,74
5,"Ladang Sungai Salak",71100,74
5,Saga,71100,74
5,Siliau,71100,74
5,"Siliau Estate",71100,74
5,"Sungai Sendayan Estate",71100,74
5,"Takau (Km 34)",71100,74
5,"Taman Cemerlang",71100,74
5,"Taman Sri Ramai Kuala Sawah",71100,74
5,"Siliau - Beg berkunci",71109,74
5,"Kampung Air Hitam",71150,72
5,"Kampung Bangsal Atap",71150,72
5,"Kampung Baru Linggi",71150,72
5,"Kampung Baru Nerambai",71150,72
5,"Kampung Baru Semin",71150,72
5,"Kampung Baru Simin",71150,72
5,"Kampung Baru Titian Akar",71150,72
5,"Kampung Bukit Chakong",71150,72
5,"Kampung Haji Yusof",71150,72
5,"Kampung Hulu Semin Baru",71150,72
5,"Kampung Hulu Simin",71150,72
5,"Kampung Kemadak",71150,72
5,"Kampung Kubang Badak",71150,72
5,"Kampung Linggi",71150,72
5,"Kampung Nerambai",71150,72
5,"Kampung Panchang",71150,72
5,"Kampung Pedas Estate",71150,72
5,"Kampung Pengkalan Kempas",71150,72
5,"Kampung Permatang Pasir",71150,72
5,"Kampung Semin",71150,72
5,"Kampung Sungai Radin",71150,72
5,"Kampung Sungai Radin Dalam",71150,72
5,"Kampung Sungai Timun",71150,72
5,"Kampung Sungai Timun Dalam",71150,72
5,"Kampung Tampin Linggi",71150,72
5,"Kampung Tampin Linggi Dalam",71150,72
5,"Kampung Tanah Arab",71150,72
5,"Kampung Titian Akar",71150,72
5,"Kampung Titian Bentagor",71150,72
5,"Kampung Titian Bintangor Hulu",71150,72
5,"Kampung Ulu Semin",71150,72
5,"Kampung Yeow Kim Fong",71150,72
5,"Kuala Pedas Estate",71150,72
5,"Ladang Angkok",71150,72
5,"Ladang Bukit Bertam",71150,72
5,"Ladang Kempas",71150,72
5,"Ladang Kuala Pedas",71150,72
5,"Ladang Marlow",71150,72
5,"Ladang Pengkalan Durian",71150,72
5,"Ladang Sungai Baru",71150,72
5,"Ladang Tarzan",71150,72
5,"Ladang Tiong Hoe",71150,72
5,Linggi,71150,72
5,"Pengkalan Durian",71150,72
5,"Pengkalan Kempas",71150,72
5,"Rumah Rakyat Lubok China",71150,72
5,"Rumah Rakyat Pengkalan Durian",71150,72
5,"Rumah Rakyat Pengkalan Fasa 2",71150,72
5,"Rumah Rakyat Sungai Timun",71150,72
5,"Sua Manggis",71150,72
5,"Sua Manggis Estate",71150,72
5,"Sungai Baru Estate",71150,72
5,"Takau (Km 34)",71150,72
5,"Taman Kempas",71150,72
5,"Taman Linggi",71150,72
5,"Taman Linggi Maju",71150,72
5,"Titian Bintangor",71150,72
5,"Titian Bintangor Estate",71150,72
5,"Linggi - Beg berkunci",71159,72
5,"Bandar Ekar Rantau",71200,74
5,"Jalan Mutiara 1 - 3",71200,74
5,"Jalan Nilam 2 - 5",71200,74
5,"Kampung Barisan",71200,74
5,"Kampung Baru Kombok",71200,74
5,"Kampung Baru Rantau",71200,74
5,"Kampung Belangkan",71200,74
5,"Kampung Kanapathy",71200,74
5,"Kampung Kanchong",71200,74
5,"Kampung Kuala Sawah",71200,74
5,"Kampung Linsum",71200,74
5,"Kampung Masjid Solok",71200,74
5,"Kampung Nyatoh",71200,74
5,"Kampung Pasir",71200,74
5,"Kampung Pasir Mas",71200,74
5,"Kampung Pening",71200,74
5,"Kampung Ribu",71200,74
5,"Kampung Saga",71200,74
5,"Kampung Sega",71200,74
5,"Kampung Sega Hilir",71200,74
5,"Kampung Sega Tengah",71200,74
5,"Kampung Sega Ulu",71200,74
5,"Kampung Setesen",71200,74
5,"Kampung Siliau",71200,74
5,"Kampung Sri Lalang",71200,74
5,"Kampung Takau",71200,74
5,"Kampung Tanjong Rantau",71200,74
5,"Kampung Ulu Belangkan",71200,74
5,"Kampung Ulu Lalang",71200,74
5,"Kampung Ulu Sawah",71200,74
5,"Kombok Estate",71200,74
5,"Kuala Sawah",71200,74
5,"Ladang Ayer Kuning",71200,74
5,"Ladang Leong Hin Sin",71200,74
5,"Ladang Linsum",71200,74
5,"Ladang Ribu",71200,74
5,"Linsun (Km 22)",71200,74
5,"Pusat Perniagaan Emas",71200,74
5,Rantau,71200,74
5,"Rumah Rakyat Jalan Linsun",71200,74
5,"Rumah Rakyat Kuala Sawah",71200,74
5,"Rumah Rakyat Nyatoh",71200,74
5,"Rumah Rakyat Sri Lalang",71200,74
5,"Rumah Rakyat Taman Rantau",71200,74
5,"Sua Grensing",71200,74
5,"Takau (Km 27)",71200,74
5,"Taman Air Kuning",71200,74
5,"Taman Anggerik",71200,74
5,"Taman Baiduri",71200,74
5,"Taman Baru Sua Betong",71200,74
5,"Taman Berlian",71200,74
5,"Taman Bersatu",71200,74
5,"Taman Bunga Raya",71200,74
5,"Taman Bunga Raya 2 ",71200,74
5,"Taman Bunga Sejati (1 & 2)",71200,74
5,"Taman Cempaka",71200,74
5,"Taman Delima",71200,74
5,"Taman Desa PD",71200,74
5,"Taman Emas Perdana",71200,74
5,"Taman Industri Ringan Nilam",71200,74
5,"Taman Jed Indah Kuala Sawah",71200,74
5,"Taman Koperasi Kuala sawah",71200,74
5,"Taman Kristal",71200,74
5,"Taman Mewah Linggi",71200,74
5,"Taman Mutiara",71200,74
5,"Taman Orkid",71200,74
5,"Taman Pasir Mas",71200,74
5,"Taman Rantau",71200,74
5,"Taman Rantau Jaya",71200,74
5,"Taman Seri Aman",71200,74
5,"Taman Seri Intan",71200,74
5,"Taman Seri Ramai 1",71200,74
5,"Taman Seri Ramai 2",71200,74
5,"Taman Sri Anggerik",71200,74
5,"Taman Sri Mawar",71200,74
5,"Tampin Linggi Estate",71200,74
5,"Ulu Belangkan",71200,74
5,"Ulu Kanchong Estate",71200,74
5,"Ulu Sawah",71200,74
5,"Rantau - Beg berkunci",71209,74
5,"Air Hitam",71250,72
5,"Bengal Estate",71250,72
5,"DRB-HICOM Learning Centre",71250,72
5,"Jalan Pantai (Batu 13 & 15)",71250,72
5,"Kampung Balak",71250,72
5,"Kampung Bukit Ibol",71250,72
5,"Kampung Bukit Kepong",71250,72
5,"Kampung Bukit Tembok",71250,72
5,"Kampung Orang Asli",71250,72
5,"Kampung Pasir Panjang",71250,72
5,"Kampung Pasir Tanjong",71250,72
5,"Kampung Sengkang",71250,72
5,"Kampung Sengkang (A - C)",71250,72
5,"Kampung Sungai Raya",71250,72
5,"Kampung Sungai Sekawang",71250,72
5,"Kampung Tanjong Agas",71250,72
5,"Kampung Telok",71250,72
5,"Pasir Panjang",71250,72
5,"Rumah Murah Pasir Panjang",71250,72
5,"Taman Chye",71250,72
5,"Taman Pasir Panjang",71250,72
5,"Taman Sengkang",71250,72
5,"Taman Seri Cermai",71250,72
5,"Taman Setia",71250,72
5,"Tanjung Agas",71250,72
5,"Ladang Sengkang (Batu 14, 18 & 22)",71259,72
5,"Pasir Panjang - Beg berkunci",71259,72
5,"Ampang Batu Chembong",71300,73
5,"Ampang Penajis",71300,73
5,"Ayer Sekapas",71300,73
5,"Batu Nunggul",71300,73
5,"Batu Puteh",71300,73
5,"Chembong (Km 27)",71300,73
5,"Chembong Halt",71300,73
5,"Chembong Kechil",71300,73
5,Chengkau,71300,73
5,Chenong,71300,73
5,"Desa Chembong",71300,73
5,"Desa Permai Mampong",71300,73
5,"Desa Permai Pilin",71300,73
5,"Durian Tunggal",71300,73
5,"Jalan Durian Daun (Batu 1/4)",71300,73
5,"Jirat Tok Budi",71300,73
5,"Kampung Ampang Batu  (Batu Hampar)",71300,73
5,"Kampung Ayer Itam Chembong",71300,73
5,"Kampung Baru Ayer Hitam",71300,73
5,"Kampung Baru Bongek Acheh",71300,73
5,"Kampung Baru Chuai Ulu",71300,73
5,"Kampung Baru Mampong",71300,73
5,"Kampung Baru Nerasau",71300,73
5,"Kampung Baru Penajis",71300,73
5,"Kampung Baru Pulau Bongek",71300,73
5,"Kampung Baru Pulau Bukit",71300,73
5,"Kampung Baru Rembau",71300,73
5,"Kampung Baru Seberang (Batu Hampar)",71300,73
5,"Kampung Baru Senama Hilir",71300,73
5,"Kampung Batu",71300,73
5,"Kampung Batu 17 (Jalan Tampin)",71300,73
5,"Kampung Batu 7 (Jalan Tampin)",71300,73
5,"Kampung Batu Hampar",71300,73
5,"Kampung Berkat Chembong",71300,73
5,"Kampung Bintongan",71300,73
5,"Kampung Bongek",71300,73
5,"Kampung Bongek Acheh",71300,73
5,"Kampung Bongek Tengah",71300,73
5,"Kampung Bukit Tambang Kuda",71300,73
5,"Kampung Chenong Hulu",71300,73
5,"Kampung Chuai",71300,73
5,"Kampung Chuai Hulu",71300,73
5,"Kampung Durian Daun",71300,73
5,"Kampung Fajar Harapan Bongek",71300,73
5,"Kampung Jalan Wanita Sungai Layang",71300,73
5,"Kampung Kayu Ara",71300,73
5,"Kampung Lada",71300,73
5,"Kampung Mampong",71300,73
5,"Kampung Mampong Hilir",71300,73
5,"Kampung Masjid Senama",71300,73
5,"Kampung Masjid Tanah",71300,73
5,"Kampung Mayon",71300,73
5,"Kampung Miku Lama",71300,73
5,"Kampung Miku PIndah",71300,73
5,"Kampung Mulia",71300,73
5,"Kampung Nerasau Chengkau",71300,73
5,"Kampung Nerasau Senama",71300,73
5,"Kampung Padang Lebar",71300,73
5,"Kampung Paya Lebar",71300,73
5,"Kampung Penajis Chengkau",71300,73
5,"Kampung Penajis Tanjong",71300,73
5,"Kampung Perigi Batu Penajis",71300,73
5,"Kampung Perigi Jernih",71300,73
5,"Kampung Pilin",71300,73
5,"Kampung Pulau Acheh",71300,73
5,"Kampung Pulau Besar",71300,73
5,"Kampung Pulau Bintongan",71300,73
5,"Kampung Pulau Bongek",71300,73
5,"Kampung Pulau Bukit",71300,73
5,"Kampung Pulau Chuai",71300,73
5,"Kampung Pulau Hanyut",71300,73
5,"Kampung Pulau Mampat",71300,73
5,"Kampung Pulau Tengah",71300,73
5,"Kampung Relong",71300,73
5,"Kampung Rendah",71300,73
5,"Kampung Selemak",71300,73
5,"Kampung Selemak Bongek",71300,73
5,"Kampung Selemak Sungai Layang",71300,73
5,"Kampung Selemak Ulu",71300,73
5,"Kampung Senama",71300,73
5,"Kampung Senama Baru",71300,73
5,"Kampung Senama Hilir",71300,73
5,"Kampung Senama Tengah",71300,73
5,"Kampung Solok Jelawai",71300,73
5,"Kampung Sungai Layang",71300,73
5,"Kampung Tengah Penajis",71300,73
5,"Kampung Tengah Seperi",71300,73
5,"Kampung Ulu Chembong",71300,73
5,"Ladang Batu Hampar",71300,73
5,"Ladang Bukit Jelutong",71300,73
5,"Ladang Chembong",71300,73
5,"Ladang Kian Seng",71300,73
5,"Ladang Sang Lee",71300,73
5,"Ladang St Ives",71300,73
5,"Ladang Sungai Dua",71300,73
5,"Ladang Tong Hong",71300,73
5,"Ladang Weng Tat Pilin",71300,73
5,Nerasau,71300,73
5,Rembau,71300,73
5,"Rumah Rakyat Chembong",71300,73
5,"Seberang Batu Hampar",71300,73
5,"Senama Ulu",71300,73
5,"Simpang Kling",71300,73
5,"Solok Ampang Batu",71300,73
5,"Solok Chengkau",71300,73
5,"Taman Chembong Jaya",71300,73
5,"Taman Chembong Utama",71300,73
5,"Taman Dato Lela Maharaja",71300,73
5,"Taman Dato Sedia Raja",71300,73
5,"Taman Desa Chembong",71300,73
5,"Taman Gunung Tahan Utama",71300,73
5,"Taman Kebun Kelapa",71300,73
5,"Taman Rembau Jaya",71300,73
5,"Taman Rembau Permata",71300,73
5,"Taman Rembau Utama",71300,73
5,"Taman Seri Puteri",71300,73
5,"Taman Sri Rembau",71300,73
5,"Tanah Datar",71300,73
5,"Tanjung Kling",71300,73
5,"Tanjung Sena Hilir",71300,73
5,"Tanjung Sena Hulu",71300,73
5,"Tengah Penajis",71300,73
5,"Tengah Sepri",71300,73
5,"Titian Teras",71300,73
5,"Waris Tebat",71300,73
5,"Rembau - Beg berkunci",71309,73
5,"Astana Raja",71350,73
5,"Ayer Melintang",71350,73
5,"Batang Nyamor",71350,73
5,"Jalan Batang Nyamor",71350,73
5,"Kampung Agam",71350,73
5,"Kampung Baru Kendong",71350,73
5,"Kampung Baru Semerbok",71350,73
5,"Kampung Bukit Keledang",71350,73
5,"Kampung Bukit Serajin",71350,73
5,"Kampung Bukit Terap",71350,73
5,"Kampung Chengai Sawah Raja",71350,73
5,"Kampung Chengkau Hulu",71350,73
5,"Kampung Cik Tambi",71350,73
5,"Kampung Gadong",71350,73
5,"Kampung Jawa",71350,73
5,"Kampung Jeram",71350,73
5,"Kampung Kendong Jaya",71350,73
5,"Kampung Kendong Lama",71350,73
5,"Kampung Kota",71350,73
5,"Kampung Kuala Dadeh",71350,73
5,"Kampung Limau Kambing",71350,73
5,"Kampung Mungkal",71350,73
5,"Kampung Padang",71350,73
5,"Kampung Padang Lebar",71350,73
5,"Kampung Perah",71350,73
5,"Kampung Pulau Kota",71350,73
5,"Kampung Sawah Raja",71350,73
5,"Kampung Semabok (A - B)",71350,73
5,"Kampung Semabok Masjid",71350,73
5,"Kampung Semabok Sungai Serai",71350,73
5,"Kampung Semerbok",71350,73
5,"Kampung Solok",71350,73
5,"Kampung Solok Rembia",71350,73
5,"Kampung Solok Tanjung Berangan",71350,73
5,"Kampung Tanah Datar",71350,73
5,"Kampung Tanjong",71350,73
5,"Kampung Tanjong Legong Ulu",71350,73
5,"Kampung Tanjong Pisang",71350,73
5,"Kampung Tiga Batu",71350,73
5,"Kampung Tiga Nenek",71350,73
5,"Kampung Titian Akar",71350,73
5,"Kampung Ulu Gadong",71350,73
5,"Kem Latihan Khidmat Negara Titian Bintangor",71350,73
5,"Kem Latihan Khidmat Negara Ulu Pari",71350,73
5,"Kendong Baru",71350,73
5,Kota,71350,73
5,"Ladang Ban Lee",71350,73
5,"Ladang Gadong",71350,73
5,"Ladang Kendong",71350,73
5,"Ladang Weng Tat",71350,73
5,"Ladang Yap Han Soon",71350,73
5,"Ladang Yusof",71350,73
5,"Legong Hulu",71350,73
5,"Legong Jaya",71350,73
5,"Okod Harimau Legong Jaya",71350,73
5,"Seberang Paya",71350,73
5,"Seri Kendong",71350,73
5,"Seri Melenggang",71350,73
5,"Seri Tambah",71350,73
5,"Solok Fajar",71350,73
5,"Taman Azizah",71350,73
5,"Taman Gadong",71350,73
5,"Taman Kaki Bukit Keledang",71350,73
5,"Taman Kota Indah",71350,73
5,"Taman Perindustrian Gunung Tahan",71350,73
5,"Taman Sri Kota",71350,73
5,"Taman Sri Meranti",71350,73
5,"Tiga Bator",71350,73
5,"Kota - Beg berkunci",71359,73
5,"Ayer Belerang",71400,73
5,"Ayer Panas",71400,73
5,"Denai Keroh",71400,73
5,"Desa Permai Kundur",71400,73
5,"Kampung Ampang Batu Sepri",71400,73
5,"Kampung Anak Ayer Kundur",71400,73
5,"Kampung Baru Sepri",71400,73
5,"Kampung Chembong",71400,73
5,"Kampung Contoh Sepri",71400,73
5,"Kampung Gaing",71400,73
5,"Kampung Gaing Baru",71400,73
5,"Kampung Kundur",71400,73
5,"Kampung Merbau Sembilan",71400,73
5,"Kampung Mincing Baru",71400,73
5,"Kampung Mincing Lama",71400,73
5,"Kampung Mungkal Sepri",71400,73
5,"Kampung Paya Besar",71400,73
5,"Kampung Pecha Estate",71400,73
5,"Kampung Pedas",71400,73
5,"Kampung Pedas Hilir",71400,73
5,"Kampung Pedas Tengah",71400,73
5,"Kampung Penajis Sepri",71400,73
5,"Kampung Percha Estate",71400,73
5,"Kampung Sungai Beringin",71400,73
5,"Kampung Sungai Ibor",71400,73
5,"Kampung Tanjung Semut",71400,73
5,"Kawasan Industri Tuanku Jaafar 3",71400,73
5,"Ladang Ayer Panas",71400,73
5,"Ladang Bukit Payang",71400,73
5,"Ladang Chety",71400,73
5,"Ladang Sungai Langsat",71400,73
5,Pedas,71400,73
5,"Taman Desa Permai",71400,73
5,"Taman Kayu Manis",71400,73
5,"Taman Koperasi",71400,73
5,"Taman KSNS",71400,73
5,"Taman Pedas Indah",71400,73
5,"Taman Pedas Perdana",71400,73
5,"Taman Pinggiran",71400,73
5,"Tanjung Berangan",71400,73
5,"Tanjung Terap",71400,73
5,"Tebing Tinggi",71400,73
5,Tontong,71400,73
5,"Ulu Pedas Estate",71400,73
5,"Ulu Sepri",71400,73
5,"Pedas - Beg berkunci",71409,73
5,"Bandar Seremban Selatan",71450,74
5,"Jalan Tampin (Batu 6 - 10)",71450,74
5,"Kampung Sungai Gadut",71450,74
5,"Kampung Ulu Rantau",71450,74
5,"Kawasan Perindustrian Sungai Gadut",71450,74
5,"Kawasan Perindustrian Tuanku Jaafar",71450,74
5,"Kawasan Perusahaan Andalas",71450,74
5,"Ladang Paroi",71450,74
5,"Ladang Perhentian Tinggi",71450,74
5,"Ladang Senawang",71450,74
5,"Ladang Seremban",71450,74
5,"Ladang Terentang",71450,74
5,"Perusahaan Ringan Senawang Light",71450,74
5,"Rumah Keluarga Angkatan Tentera",71450,74
5,"Senawang Central Park",71450,74
5,"Sungai Gadut",71450,74
5,"Taman Bukit Senawang Perdana",71450,74
5,"Taman Bukit Sri Senawang",71450,74
5,"Taman Pinggiran Senawang",71450,74
5,"Taman Sena",71450,74
5,"Taman Senawang Perdana",71450,74
5,"Taman Sri Permata",71450,74
5,"Taman Tuanku Ampuan Najihah",71450,74
5,"Taman Tuanku Jaafar",71450,74
5,"Taman Tuanku Jaafar Golf & Country Resort",71450,74
5,"Taman Tuanku Jaafar Selatan",71450,74
5,"Ulu Rantau",71450,74
5,"Zon Perindustrian Seri Senawang",71450,74
5,"Sungai Gadut - Beg berkunci",71459,74
5,"Ampang Serong",71500,71
5,"Ampang Tinggi",71500,71
5,"Ampang Tinggi Seberang",71500,71
5,"Kampung Ayer Hitam",71500,71
5,"Kampung Baru Lanjut Manis",71500,71
5,"Kampung Baru Talang",71500,71
5,"Kampung Baru Ulu Bendol",71500,71
5,"Kampung Bukit Laksa",71500,71
5,"Kampung Bukit Perah",71500,71
5,"Kampung Bukit Seberang",71500,71
5,"Kampung Bukit Seri Menanti",71500,71
5,"Kampung Durian Hijau",71500,71
5,"Kampung Gedang",71500,71
5,"Kampung Gemetir",71500,71
5,"Kampung Gemetir Seberang",71500,71
5,"Kampung Ibol",71500,71
5,"Kampung Jeram Talang",71500,71
5,"Kampung Kayu Ara",71500,71
5,"Kampung Kuala Parit",71500,71
5,"Kampung Kuala Serdang",71500,71
5,"Kampung Kuala Talang",71500,71
5,"Kampung Kubangan",71500,71
5,"Kampung Kundangan",71500,71
5,"Kampung Kundangan Seberang",71500,71
5,"Kampung Lanjut Manis",71500,71
5,"Kampung Mampas Besar",71500,71
5,"Kampung Mampas Kecil",71500,71
5,"Kampung Orang Asli Langkap",71500,71
5,"Kampung Orang Asli Ulu Mampas",71500,71
5,"Kampung Padang Lebar",71500,71
5,"Kampung Parit Istana",71500,71
5,"Kampung Parit Mainau",71500,71
5,"Kampung Parit Mungkar",71500,71
5,"Kampung Parit Seberang",71500,71
5,"Kampung Parit Terachi",71500,71
5,"Kampung Pauh",71500,71
5,"Kampung Perigi Jernih",71500,71
5,"Kampung Pulau Jelebu",71500,71
5,"Kampung Purun",71500,71
5,"Kampung Sawah Liat",71500,71
5,"Kampung Simpang Seberang",71500,71
5,"Kampung Simpang Seri Menanti",71500,71
5,"Kampung Talang Ulu",71500,71
5,"Kampung Tanah Liat",71500,71
5,"Kampung Tanjong Bangkong",71500,71
5,"Kampung Tanjong Limau Purut",71500,71
5,"Kampung Tebing Tinggi",71500,71
5,"Kampung Tengah Hilir",71500,71
5,"Kampung Tengah Pulau",71500,71
5,"Kampung Ulu Bendol",71500,71
5,"Kampung Ulu Parit",71500,71
5,"Kubang Gajah",71500,71
5,"Rumah Rakyat Ampang Tinggi",71500,71
5,"Rumah Rakyat Tanjung Ipoh",71500,71
5,"Taman Seri Terachi",71500,71
5,"Taman Ulu Bendol",71500,71
5,"Tanjung Ipoh",71500,71
5,"Tanjung Petai",71500,71
5,"Ujong Tanjong",71500,71
5,"Ulu Kok",71500,71
5,"Tanjung Ipoh - Beg berkunci",71509,71
5,"Ampang Batu",71550,71
5,"Batu Hampar",71550,71
5,"Gunung Pasir",71550,71
5,"Istana Kayangan",71550,71
5,"Istana KeNanga",71550,71
5,"Istana Lama / Besar",71550,71
5,"Kampung Baru Seri Menanti",71550,71
5,"Kampung Bukit",71550,71
5,"Kampung Bukit Alai",71550,71
5,"Kampung Bukit Lintang",71550,71
5,"Kampung Bukit Seri Menanti",71550,71
5,"Kampung Bukit Tempurong",71550,71
5,"Kampung Bukit Terang",71550,71
5,"Kampung Buyau",71550,71
5,"Kampung Galau",71550,71
5,"Kampung Gamin",71550,71
5,"Kampung Gunung Pasir",71550,71
5,"Kampung Juar",71550,71
5,"Kampung Jumbang",71550,71
5,"Kampung Kabong Hilir",71550,71
5,"Kampung Kubor Masjid",71550,71
5,"Kampung Lereng",71550,71
5,"Kampung Masjid Lama",71550,71
5,"Kampung Masjid Terbakar",71550,71
5,"Kampung Mertang Seberang",71550,71
5,"Kampung Merual",71550,71
5,"Kampung Padang Biawas",71550,71
5,"Kampung Pauh",71550,71
5,"Kampung Pulau Gunung Pasir",71550,71
5,"Kampung Sekolah Gunong Pasir",71550,71
5,"Kampung Sikai",71550,71
5,"Kampung Simpai",71550,71
5,"Kampung Sungai Layang",71550,71
5,"Kampung Tobek Godang",71550,71
5,"Kampung Umor",71550,71
5,"Seberang Tanjong Beringin",71550,71
5,"Seri Menanti",71550,71
5,"Tanah Datar",71550,71
5,"Tanjung Bachang",71550,71
5,"Tanjung Beringin",71550,71
5,"Tanjung Galau",71550,71
5,"Tanjung Limau",71550,71
5,"Tanjung Sepam",71550,71
5,"Tengah Panglang",71550,71
5,"Seri Menanti - Beg berkunci",71559,71
5,"Kampung Amar Penghulu",71600,70
5,"Kampung Ampang Batu",71600,70
5,"Kampung Bakong",71600,70
5,"Kampung Bandar Tinggi",71600,70
5,"Kampung Baru Petaling",71600,70
5,"Kampung Batu 17",71600,70
5,"Kampung Batu Serambai",71600,70
5,"Kampung Binjai",71600,70
5,"Kampung Bukit",71600,70
5,"Kampung Bukit Piatu",71600,70
5,"Kampung Chenderak",71600,70
5,"Kampung Chenor",71600,70
5,"Kampung Chepum",71600,70
5,"Kampung Dulang",71600,70
5,"Kampung Durian Gasing",71600,70
5,"Kampung Gagu",71600,70
5,"Kampung Geliu",71600,70
5,"Kampung Gepu",71600,70
5,"Kampung Grisik",71600,70
5,"Kampung Guntong",71600,70
5,"Kampung Jambatan Serong",71600,70
5,"Kampung Jelatang",71600,70
5,"Kampung Jelebu Tengah",71600,70
5,"Kampung Jeletang Petasih",71600,70
5,"Kampung Jelin",71600,70
5,"Kampung Jelutong",71600,70
5,"Kampung Kachu Petaseh",71600,70
5,"Kampung Kampai",71600,70
5,"Kampung Kelembang",71600,70
5,"Kampung Kemin Beringin",71600,70
5,"Kampung Kemin Luar (Batu 22)",71600,70
5,"Kampung Kemin Tanjong",71600,70
5,"Kampung Kerangai",71600,70
5,"Kampung Klakor",71600,70
5,"Kampung Kuala Klawang",71600,70
5,"Kampung Kuala Pah",71600,70
5,"Kampung Larong",71600,70
5,"Kampung Mangkan",71600,70
5,"Kampung Mengkan",71600,70
5,"Kampung Mengkan Dalam",71600,70
5,"Kampung Mengkan Luar",71600,70
5,"Kampung Merbau",71600,70
5,"Kampung Peninjau",71600,70
5,"Kampung Peradong",71600,70
5,"Kampung Pergai",71600,70
5,"Kampung Petaling",71600,70
5,"Kampung Petaseh",71600,70
5,"Kampung Petaseh Hilir",71600,70
5,"Kampung Petaseh Hulu",71600,70
5,"Kampung Petaseh Tengah",71600,70
5,"Kampung Pianggu",71600,70
5,"Kampung Purun",71600,70
5,"Kampung Rambai Baris",71600,70
5,"Kampung Renal",71600,70
5,"Kampung Rendah",71600,70
5,"Kampung Sarin",71600,70
5,"Kampung Sawah Liat",71600,70
5,"Kampung Sepam",71600,70
5,"Kampung Seperi Hulu",71600,70
5,"Kampung Sepri",71600,70
5,"Kampung Sepri Hilir",71600,70
5,"Kampung Sepri Tengah",71600,70
5,"Kampung Seri Temoi",71600,70
5,"Kampung Simpang Bakong",71600,70
5,"Kampung Solok Pelai",71600,70
5,"Kampung Sungai Bijeh",71600,70
5,"Kampung Sungai Daun",71600,70
5,"Kampung Sungai Kua",71600,70
5,"Kampung Sungai Lalang",71600,70
5,"Kampung Sungai Legom",71600,70
5,"Kampung Sungai Raya",71600,70
5,"Kampung Tanjong Chachar",71600,70
5,"Kampung Tembun",71600,70
5,"Kampung Tengkoh Banir",71600,70
5,"Kampung Teriang",71600,70
5,"Kampung Ulu Klawang",71600,70
5,"Kuala Klawang",71600,70
5,"Kuala Klawang - Beg berkunci",71600,70
5,"Ladang Jelebu",71600,70
5,"Rumah Murah Petaling",71600,70
5,"Rumah Rakyat Larong",71600,70
5,"Sekolah Kebangsaan Triang",71600,70
5,"Simpang Gelami",71600,70
5,"Taman Angsana",71600,70
5,"Taman Bandar Tinggi",71600,70
5,"Taman Berlian",71600,70
5,"Taman Bukit Petaling",71600,70
5,"Taman Cengal",71600,70
5,"Taman Dato Abdullah",71600,70
5,"Taman Dato Moyang Salleh",71600,70
5,"Taman Irama",71600,70
5,"Taman Jati",71600,70
5,"Taman Jelebu (1 - 2)",71600,70
5,"Taman KSM",71600,70
5,"Taman Pembina Jaya",71600,70
5,"Taman Petaling",71600,70
5,"Taman Poem",71600,70
5,"Taman Seri Cempedak",71600,70
5,"Taman Seri Kenaboi",71600,70
5,"Taman Wangsa Indah Larong",71600,70
5,"Tanjung Berangan",71600,70
5,"Teluk Belai",71600,70
5,Temoi,71600,70
5,"Ulu Jelebu",71600,70
5,"Taman Bukit Kempas",71609,70
5,"Felda Titi",71650,70
5,Hosapa,71650,70
5,"Kampung Baru Sungai Muntoh",71650,70
5,"Kampung Bertam",71650,70
5,"Kampung Chenah",71650,70
5,"Kampung Dusun Kubor",71650,70
5,"Kampung Felda Titi",71650,70
5,"Kampung Kenan",71650,70
5,"Kampung Puom",71650,70
5,"Kampung Semarail",71650,70
5,"Kampung Seperi",71650,70
5,"Kampung Seperi Tengah",71650,70
5,"Kampung Sungai Kekaru",71650,70
5,"Kampung Sungai Muntoh",71650,70
5,"Kampung Sungai Rotan",71650,70
5,"Kampung Telekong",71650,70
5,"Ladang Jelebu",71650,70
5,"Mah Fong",71650,70
5,"Pusat Perikanan Air Tawar (Gelem - Lemi)",71650,70
5,"Rumah Rakyat Sungai Rotan",71650,70
5,"Taman Bukit Kempas",71650,70
5,"Taman Desa Permai",71650,70
5,"Taman Kin San",71650,70
5,"Taman Mawar",71650,70
5,"Taman Mok Sum",71650,70
5,"Taman Naga Mas",71650,70
5,"Taman Seri Jelebu",71650,70
5,"Taman Titi",71650,70
5,Titi,71650,70
5,"Titi - Beg berkunci",71659,70
5,"Apartment Sri Palma",71700,74
5,"Bandar Baru Mantin",71700,74
5,"Bandar Sri Pajam",71700,74
5,"Bandar Universiti Teknologi Lagenda",71700,74
5,"Bayu Lake Home",71700,74
5,"College Height Pajam",71700,74
5,"Gebok Division Estate",71700,74
5,"Jalan Perdana College Heights 17",71700,74
5,"Kampung Baru Batang Benar",71700,74
5,"Kampung Baru Mantin",71700,74
5,"Kampung Baru Pajam",71700,74
5,"Kampung Baru Sungai Mahang",71700,74
5,"Kampung Batang Benar",71700,74
5,"Kampung Batu 12",71700,74
5,"Kampung Batu 8",71700,74
5,"Kampung Batu 9",71700,74
5,"Kampung Cik Lah",71700,74
5,"Kampung Gebok",71700,74
5,"Kampung Mantin Dalam",71700,74
5,"Kampung Masjid",71700,74
5,"Kampung Staffield",71700,74
5,"Kampung Ulu Batang Benar",71700,74
5,"Kawasan Biru",71700,74
5,"Kawasan Hijau",71700,74
5,"Kawasan Kuning",71700,74
5,"Kawasan Merah",71700,74
5,"Kawasan Perindustrian Ringan College Heights",71700,74
5,"Kawasan Perindustrian Ringan Mantin",71700,74
5,"Kawasan Tong Sing",71700,74
5,"Kem Sri Perkasa",71700,74
5,"Kolej Legenda",71700,74
5,"Laman Suria ",71700,74
5,Mantin,71700,74
5,"Mukim Setul",71700,74
5,Pajam,71700,74
5,"Pangsapuri Legenda",71700,74
5,"Pusat Perniagaan Bunga Raya",71700,74
5,"Rumah Rakyat Batang Benar",71700,74
5,"Rumah Rakyat Mantin",71700,74
5,"Sri Palma Villa",71700,74
5,"Staffield Country Resort",71700,74
5,"Taman Akasia",71700,74
5,"Taman Alam Seni",71700,74
5,"Taman Andalas",71700,74
5,"Taman Anggerik",71700,74
5,"Taman Angsana",71700,74
5,"Taman Asoka",71700,74
5,"Taman Beringin Jaya",71700,74
5,"Taman Bukit Belian",71700,74
5,"Taman Bukit Belian Fasa 2",71700,74
5,"Taman Bukit Belian Fasa 3",71700,74
5,"Taman Bukit Cerana",71700,74
5,"Taman Bukit Citra",71700,74
5,"Taman Bukit Inai",71700,74
5,"Taman Bukit Lili",71700,74
5,"Taman Bukit Mantin",71700,74
5,"Taman Bukit Saga",71700,74
5,"Taman Bunga Raya",71700,74
5,"Taman Bunga Raya II",71700,74
5,"Taman Dahlia Batang Benar",71700,74
5,"Taman Dahlia Indah",71700,74
5,"Taman Desa Mantin",71700,74
5,"Taman Desa Pelangi",71700,74
5,"Taman Desa Pinggiran Bayu",71700,74
5,"Taman Gading Indah",71700,74
5,"Taman Gading Jaya",71700,74
5,"Taman Jaya 1",71700,74
5,"Taman Kayangan",71700,74
5,"Taman Kempas",71700,74
5,"Taman Kenari",71700,74
5,"Taman KS",71700,74
5,"Taman Lai Loy",71700,74
5,"Taman Maju Jaya",71700,74
5,"Taman Mantin",71700,74
5,"Taman Mantin 2",71700,74
5,"Taman Mantin Jaya",71700,74
5,"Taman Medang",71700,74
5,"Taman Meranti",71700,74
5,"Taman Merbau",71700,74
5,"Taman Mulia",71700,74
5,"Taman Murni",71700,74
5,"Taman Mutiara",71700,74
5,"Taman Nada Alam",71700,74
5,"Taman Orkid",71700,74
5,"Taman Pelangi Indah",71700,74
5,"Taman Perdana College Heights",71700,74
5,"Taman Permai Jaya",71700,74
5,"Taman Pertama",71700,74
5,"Taman Rose",71700,74
5,"Taman Ru",71700,74
5,"Taman Sentosa",71700,74
5,"Taman Seraya",71700,74
5,"Taman Seri Gelam",71700,74
5,"Taman Seri Impian",71700,74
5,"Taman Setul",71700,74
5,"Taman Sri Damar",71700,74
5,"Taman Sri Gading",71700,74
5,"Taman Sri Mawar",71700,74
5,"Taman Sri Pajam",71700,74
5,"Taman Surian",71700,74
5,"Taman Tong Seng",71700,74
5,"Ulu Batang Benar",71700,74
5,"Mantin - Peti surat",71707,74
5,"Mantin - Beg berkunci",71709,74
5,"Bandar Tasik Senangin",71750,74
5,Broga,71750,74
5,"Jalan Klana Jaya 1 - 5",71750,74
5,"Kampung Baru Broga",71750,74
5,"Kampung Baru Lenggeng",71750,74
5,"Kampung Baru Ulu Beranang",71750,74
5,"Kampung Batu 18",71750,74
5,"Kampung Chelogeh",71750,74
5,"Kampung Daching Hilir",71750,74
5,"Kampung Daching Hulu",71750,74
5,"Kampung Daching Tengah",71750,74
5,"Kampung Jelatok",71750,74
5,"Kampung Jelebu",71750,74
5,"Kampung Jeram Kedah",71750,74
5,"Kampung Kapal",71750,74
5,"Kampung Katub",71750,74
5,"Kampung Lombong Jerneh",71750,74
5,"Kampung Masjid",71750,74
5,"Kampung Mendom",71750,74
5,"Kampung Pendekar Raja",71750,74
5,"Kampung Sompo",71750,74
5,"Kampung Sungai Bioh",71750,74
5,"Kampung Sungai Bunga",71750,74
5,"Kampung Sungai Jai",71750,74
5,"Kampung Sungai Machang Hilir",71750,74
5,"Kampung Sungai Machang Ulu",71750,74
5,"Kampung Tarun",71750,74
5,"Kampung Tegor",71750,74
5,"Kampung Tengah",71750,74
5,"Kampung Ulu Beranang",71750,74
5,"Ladang Lenggeng",71750,74
5,"Ladang Sungai Beranang",71750,74
5,Lenggeng,71750,74
5,"Lorong Klana Jaya 3/1",71750,74
5,"Rawa Hilir",71750,74
5,"Rawa Ulu",71750,74
5,"Rumah Rakyat Lenggeng",71750,74
5,"Rumah Rakyat Ulu Beranang",71750,74
5,"Sungai Petai",71750,74
5,"Taman Broga",71750,74
5,"Taman Dato Dagang Hj Abdullah",71750,74
5,"Taman Desa Klana Lenggeng",71750,74
5,"Taman Kelana Jaya",71750,74
5,"Taman Kenari",71750,74
5,"Taman Melati",71750,74
5,"Taman Ulu Beranang",71750,74
5,"Ulu Beranang",71750,74
5,"Lenggeng - Beg berkunci",71759,74
5,"Bandar Baru Enstek",71760,74
5,"Bandar Enstek",71760,74
5,"Epson College",71760,74
5,"Institut Latihan Universiti Teknologi Mara (UiTM)",71760,74
5,"Jalan Cendrawasih 1 - 2",71760,74
5,"Jalan Jentayu, Lengkuk 1-9",71760,74
5,"Jalan Timur 1/2",71760,74
5,"Kampung LB Johnson",71760,74
5,"Kampung LBJ (Felda)",71760,74
5,"Kompleks Pendidikan Bandar Enstek",71760,74
5,"Taman Ekar Matahari",71760,74
5,"Taman Jentayu",71760,74
5,"Taman Mahawangsa",71760,74
5,"Taman Seri Labu",71760,74
5,"Taman Timur 1",71760,74
5,"Taman Timur Enstek",71760,74
5,"Kampung Baru Pantai",71770,74
5,"Kampung Batu 4 (Jalan Jelebu)",71770,74
5,"Kampung Berembun",71770,74
5,"Kampung Pantai",71770,74
5,"Ladang Pantai",71770,74
5,Pantai,71770,74
5,"Pantai Estate",71770,74
5,"Rumah Murah Km 5 Jalan Jelebu",71770,74
5,"Rumah Rakyat Pantai",71770,74
5,"Taman Desa Permai Pantai",71770,74
5,"Taman Kayu Manis",71770,74
5,"Taman Laman Puteri",71770,74
5,"Taman Perwira",71770,74
5,"Arab Malaysian Industrial Park",71800,74
5,"Bukit Citra Residensi",71800,74
5,"Desa Anggerik",71800,74
5,"Desa Cempaka",71800,74
5,"Dusun Labu Valley",71800,74
5,"Impiana Villa",71800,74
5,"Jalan Desa Kasia 2/1A",71800,74
5,"Jalan Nilai-Pajam",71800,74
5,"Jalan Nilam 3",71800,74
5,"Kampung Atap",71800,74
5,"Kampung Baru Nilai",71800,74
5,"Kampung Belakang Pekan",71800,74
5,"Kampung Bukit Kadir",71800,74
5,"Kampung Chelet",71800,74
5,"Kampung Haji",71800,74
5,"Kampung Jijan",71800,74
5,"Kampung Jijan Hilir",71800,74
5,"Kampung Jijan Ulu",71800,74
5,"Kampung Kondok",71800,74
5,"Kampung Kubang",71800,74
5,"Kampung Muhammad Sultan",71800,74
5,"Kampung Orang Asli",71800,74
5,"Kampung Stesyen",71800,74
5,"Kampung Sungai Labu",71800,74
5,"Kampung Sungai Mahang",71800,74
5,"Kampung Sungai Sekah",71800,74
5,"Kampung Tanjong",71800,74
5,"Kampung Tanjung",71800,74
5,"Kasturi Hight",71800,74
5,"Kawasan Perindustrian Nilai",71800,74
5,"Kawasan Perindustrian Nilai Utama",71800,74
5,"Kawasan Perniagaan Suria",71800,74
5,"Kota Seriemas",71800,74
5,"Kuarters KLIA",71800,74
5,"Ladang Bute",71800,74
5,"Ladang Cairo",71800,74
5,"Ladang Hamilton",71800,74
5,"Ladang Jenderam",71800,74
5,"Ladang Kubang",71800,74
5,"Ladang Labu Baru",71800,74
5,"Ladang Sungai Mahang",71800,74
5,"Ladang Sungai Sekah",71800,74
5,"Laman Alamanda",71800,74
5,"Laman Alocasia",71800,74
5,"Laman Angsoka",71800,74
5,"Laman Azalea",71800,74
5,"Laman Bakawali",71800,74
5,"Laman Cempaka",71800,74
5,"Laman Delfina",71800,74
5,"Laman Galla",71800,74
5,"Laman Komersial Areca",71800,74
5,"Laman Lantana",71800,74
5,"Laman Mawar",71800,74
5,"Laman Orkid",71800,74
5,"Laman Remenia",71800,74
5,"Laman Sakura",71800,74
5,"Laman Seroja",71800,74
5,"Laman Universiti",71800,74
5,"Lembah Dusun Labu",71800,74
5,Nilai,71800,74
5,"Nilai 2",71800,74
5,"Nilai 3",71800,74
5,"Nilai Impian",71800,74
5,"Nilai Spring",71800,74
5,"Nilai Spring Villas",71800,74
5,"Persiaran Negeri",71800,74
5,"Planters Heaven",71800,74
5,"Pusat Perdagangan D'Galla",71800,74
5,"Pusat Perniagaan Desa Kolej",71800,74
5,"Pusat Perniagaan Halam Dagang",71800,74
5,"Pusat Perniagaan Kuarters KLIA",71800,74
5,"Pusat Perniagaan Wira",71800,74
5,"Putra Nilai",71800,74
5,"Putra Point",71800,74
5,"Simpang Tiga",71800,74
5,"Simpang Tiga",71800,74
5,"Taman Abdul Karim",71800,74
5,"Taman Amra",71800,74
5,"Taman Bakawali",71800,74
5,"Taman Ban Aik",71800,74
5,"Taman Bucida Hijauan",71800,74
5,"Taman Casuarina",71800,74
5,"Taman Delima Idaman",71800,74
5,"Taman Desa Anggerik",71800,74
5,"Taman Desa Cempaka",71800,74
5,"Taman Desa Cempaka 2",71800,74
5,"Taman Desa Cempaka Puri",71800,74
5,"Taman Desa Hijauan",71800,74
5,"Taman Desa Indah",71800,74
5,"Taman Desa Indah 2",71800,74
5,"Taman Desa Jasmin",71800,74
5,"Taman Desa Jati",71800,74
5,"Taman Desa Kasia",71800,74
5,"Taman Desa Kolej",71800,74
5,"Taman Desa Mayang Sari",71800,74
5,"Taman Desa Melati",71800,74
5,"Taman Desa Palma",71800,74
5,"Taman Desa Ria",71800,74
5,"Taman Desa Ria 2",71800,74
5,"Taman Desa Seringin",71800,74
5,"Taman Emville",71800,74
5,"Taman Impiana",71800,74
5,"Taman Iris",71800,74
5,"Taman Kota Sri Mas",71800,74
5,"Taman Nada Alam",71800,74
5,"Taman Nilai",71800,74
5,"Taman Nilai Perdana",71800,74
5,"Taman Rimbun Kasia",71800,74
5,"Taman Rose Merah",71800,74
5,"Taman Santalia",71800,74
5,"Taman Semarak",71800,74
5,"Taman Yadin Impiana",71800,74
5,"Zon Perindustrian Arab-Malaysian",71800,74
5,"Nilai - Peti surat",71807,74
5,"Nilai - Beg berkunci",71809,74
5,"Bukit Ara Perdana",71900,74
5,"Jalan Koperasi Labu 1",71900,74
5,Jerengkang,71900,74
5,"Jerengkang Darat",71900,74
5,"Kampung Baru Batu 8",71900,74
5,"Kampung Baru Cina",71900,74
5,"Kampung Batu 5 1/2",71900,74
5,"Kampung Bukit Buak",71900,74
5,"Kampung Gadong Jaya",71900,74
5,"Kampung Gadong Lama",71900,74
5,"Kampung Gadong S/C",71900,74
5,"Kampung Jawa",71900,74
5,"Kampung Jerangkang",71900,74
5,"Kampung Kering",71900,74
5,"Kampung Kilang Padi",71900,74
5,"Kampung Labu",71900,74
5,"Kampung Labu Hilir",71900,74
5,"Kampung Lambar",71900,74
5,"Kampung Masjid Lama",71900,74
5,"Kampung Merbah Condong",71900,74
5,"Kampung Pasir Puteh",71900,74
5,"Kampung Pelebar",71900,74
5,"Kampung Pelenggong",71900,74
5,"Kampung Pelenggong Tengah",71900,74
5,"Kampung Pulau Labu",71900,74
5,"Kampung Sekolah Lama",71900,74
5,"Kampung Seri",71900,74
5,"Kampung Tekir",71900,74
5,"Kampung Tengah",71900,74
5,"Kampung Tiroi",71900,74
5,"Labu Batu 8",71900,74
5,"Ladang Lembah Labu",71900,74
5,"Ladang Pasala",71900,74
5,"Pusat Perniagaan Gadong",71900,74
5,"Pusat Perniagaan Tebing Tinggi Labu",71900,74
5,"Rumah Rakyat Batu 13",71900,74
5,"Rumah Rakyat Batu 7",71900,74
5,"Taman Cermai Impian",71900,74
5,"Taman Dato Shahardin",71900,74
5,"Taman Gadong Indah",71900,74
5,"Taman Gadong Jaya",71900,74
5,"Taman Orchid",71900,74
5,"Taman Pinggiran Markisa",71900,74
5,"Taman Sri Rambai",71900,74
5,"Taman Tiroi Batu 6",71900,74
5,"Tebing Tinggi",71900,74
5,"Labu - Peti surat",71907,74
5,"Labu - Beg berkunci",71909,74
5,"Bandar Sri Sendayan (Felda)",71950,74
5,"Felda Sendayan",71950,74
5,"Jalan Bukit Sendayan",71950,74
5,"Kampung Jimah Baru",71950,74
5,"Kampung Jimah Lama",71950,74
5,"Kawasan Perindustrian Sendayan Techvalley",71950,74
5,"Kip Sentral",71950,74
5,"Persiaran Masjid",71950,74
5,"Pusat Dagangan Sendayan",71950,74
5,"Sendayan Techpark",71950,74
5,"Taman Bukit Sendayan",71950,74
5,"Taman Hijayu",71950,74
5,"Taman Hijayu 2",71950,74
5,"Taman Metro Sendayan",71950,74
5,"Taman Nusari Aman 2",71950,74
5,"Taman Nusari Aman 3",71950,74
5,"Taman Nusari Bayu",71950,74
5,"Taman Sendayan Aman",71950,74
5,"Taman Sendayan Indah",71950,74
5,"Taman Suriaman 1",71950,74
5,"Taman Tiara Sendayan",71950,74
5,"Kampung Bakar Arang",71960,72
5,"Kampung Baru Sungai Nipah",71960,72
5,"Kampung Baru Tanah Merah Site C",71960,72
5,"Kampung Bukit Melintang",71960,72
5,"Kampung Bukit Pelandok",71960,72
5,"Kampung Chuah",71960,72
5,"Kampung Cina Bukit Pelandok",71960,72
5,"Kampung Cina Chuah",71960,72
5,"Kampung India",71960,72
5,"Kampung Jangging",71960,72
5,"Kampung Jawa Bukit Pelandok",71960,72
5,"Kampung Melayu (Chuah)",71960,72
5,"Kampung Pacitan",71960,72
5,"Kampung Pantai Chuah",71960,72
5,"Kampung Sawah",71960,72
5,"Kampung Sungai Rambai (Chuah)",71960,72
5,"Kampung Yap Ah Peng",71960,72
5,"Kuala Lukut (Chuah)",71960,72
5,"Ladang New Langka",71960,72
5,"Sungai Nipah Chuah",71960,72
5,"Taman Bukit Pelandok",71960,72
5,"Taman Jimah Raya",71960,72
5,"Tanah Merah Site C",71960,72
5,"Kampung Acheh",72000,71
5,"Kampung Batang Pilah",72000,71
5,"Kampung Batu 26 (Jalan Bahau)",72000,71
5,"Kampung Batu 30",72000,71
5,"Kampung Batu 46",72000,71
5,"Kampung Batu Meraong",72000,71
5,"Kampung Bemban",72000,71
5,"Kampung Beting",72000,71
5,"Kampung Bukit",72000,71
5,"Kampung Bukit Temensu",72000,71
5,"Kampung Cheriau",72000,71
5,"Kampung Dioh Besar",72000,71
5,"Kampung Dioh Kecil",72000,71
5,"Kampung Gachong",72000,71
5,"Kampung Gemuruh",72000,71
5,"Kampung Gentam",72000,71
5,"Kampung Jawa",72000,71
5,"Kampung Jemapoh Tengah",72000,71
5,"Kampung Juasseh Tengah",72000,71
5,"Kampung Kuala Dioh",72000,71
5,"Kampung Kuala Sungai Dua",72000,71
5,"Kampung Kuala Sungkak",72000,71
5,"Kampung Lanjut Mati",72000,71
5,"Kampung Melang",72000,71
5,"Kampung Parit (Km 37)",72000,71
5,"Kampung Parit Tinggi",72000,71
5,"Kampung Pasir Ambor",72000,71
5,"Kampung Pelangai",72000,71
5,"Kampung Pelangai Hilir",72000,71
5,"Kampung Pelangai Ulu",72000,71
5,"Kampung Peraku",72000,71
5,"Kampung Perigi Jernih",72000,71
5,"Kampung Pilah Tengah",72000,71
5,"Kampung Pulau Pandan",72000,71
5,"Kampung Sawah Lebar",72000,71
5,"Kampung Senaling",72000,71
5,"Kampung Sungai Dua Besar",72000,71
5,"Kampung Sungai Dua Kechil",72000,71
5,"Kampung Sungai Tawang",72000,71
5,"Kampung Sungkak",72000,71
5,"Kampung Sungkak Pinggir",72000,71
5,"Kampung Tanah Melintang",72000,71
5,"Kampung Tanjung Jati",72000,71
5,"Kampung Tebat Kering",72000,71
5,"Kampung Telok",72000,71
5,"Kampung Terap",72000,71
5,"Kampung Ulu Muar",72000,71
5,"Kampung Ulu Pilah",72000,71
5,"Kuala Pilah",72000,71
5,"Ladang Kuala Pilah",72000,71
5,"Pekan Lama",72000,71
5,"Rumah Rakyat Batu 46",72000,71
5,"Rumah Rakyat Pelangai",72000,71
5,"Rumah Rakyat Selaru",72000,71
5,"Rumah Rakyat Senaling",72000,71
5,"Seberang Ampang Batu",72000,71
5,"Taman Ampang Tinggi",72000,71
5,"Taman Angkasa Jaya",72000,71
5,"Taman Bahagia Delima",72000,71
5,"Taman Bukit Indah",72000,71
5,"Taman Bukit Intan",72000,71
5,"Taman Bukit Mutiara",72000,71
5,"Taman Bukit Pilah Perdana",72000,71
5,"Taman Cemerlang",72000,71
5,"Taman Chin Joo",72000,71
5,"Taman Cita Jaya",72000,71
5,"Taman Damai",72000,71
5,"Taman Desa Aman",72000,71
5,"Taman Desa Melang",72000,71
5,"Taman Desa Permai Selaru",72000,71
5,"Taman Dioh",72000,71
5,"Taman Fatimah",72000,71
5,"Taman Gemilang",72000,71
5,"Taman Hang Guan",72000,71
5,"Taman Impian",72000,71
5,"Taman Impian Utama",72000,71
5,"Taman Kuala Pilah",72000,71
5,"Taman Maasof",72000,71
5,"Taman Nesa",72000,71
5,"Taman Pelangi",72000,71
5,"Taman Permai",72000,71
5,"Taman Perpaduan Height",72000,71
5,"Taman Pilah Jaya",72000,71
5,"Taman Rasa Sayang",72000,71
5,"Taman Rasa Sayang Selaru",72000,71
5,"Taman Selasih",72000,71
5,"Taman Senaling",72000,71
5,"Taman Sentosa",72000,71
5,"Taman Sima",72000,71
5,"Taman Suria",72000,71
5,"Taman Suria Dioh",72000,71
5,"Taman Waja",72000,71
5,"Taman Wawasan",72000,71
5,"Taman Wira",72000,71
5,"Kuala Pilah - Peti surat",72007,71
5,"Kuala Pilah - Beg berkunci",72009,71
5,Bahau,72100,76
5,"Bandar Seri Jempol",72100,76
5,"Batu Bakar",72100,76
5,"Chu Ward",72100,76
5,"Chu Ward Besar",72100,76
5,"Chu Ward Kecil",72100,76
5,"Felda Kepis",72100,76
5,"Jalan Besar",72100,76
5,"Jalan Dato Amar Menteri",72100,76
5,"Jalan Gurney",72100,76
5,"Jalan Jempol",72100,76
5,"Jalan Kuala Pilah",72100,76
5,"Jalan Lelayang",72100,76
5,"Jalan Mahligai",72100,76
5,"Jalan Menteri Besar (Bukit Kelulut)",72100,76
5,"Jalan Mewah",72100,76
5,"Jalan Pasar Baru",72100,76
5,"Jalan Pegawai",72100,76
5,"Jalan Raja Muda Serting",72100,76
5,"Jalan Rompin",72100,76
5,"Jalan Tampin",72100,76
5,"Kampung Baru Mahsan",72100,76
5,"Kampung Baru Peladang",72100,76
5,"Kampung Batu Bakar",72100,76
5,"Kampung Bukit Kelulut",72100,76
5,"Kampung Bukit Laka",72100,76
5,"Kampung Cacar",72100,76
5,"Kampung Cina",72100,76
5,"Kampung Gajah Mati",72100,76
5,"Kampung Jambu Lapan",72100,76
5,"Kampung Jelai",72100,76
5,"Kampung Jempol",72100,76
5,"Kampung Kuala Jempol",72100,76
5,"Kampung Kuala Sialang",72100,76
5,"Kampung Mahsan",72100,76
5,"Kampung Padang Lalang",72100,76
5,"Kampung Pakachun",72100,76
5,"Kampung Peladang",72100,76
5,"Kampung Serting Hilir",72100,76
5,"Kampung Tebat",72100,76
5,"Kampung Temeris",72100,76
5,"Kuala Jempol",72100,76
5,"Ladang Bahau",72100,76
5,"Ladang Cheong Wing Chan",72100,76
5,"Ladang Glendale",72100,76
5,"Ladang Jempol",72100,76
5,"Ladang Jeram Padang",72100,76
5,"Ladang Kelpin",72100,76
5,"Ladang Kok Poh",72100,76
5,"Ladang Kuala Jelai",72100,76
5,"Ladang Malay Rompin",72100,76
5,"Ladang Malika",72100,76
5,"Ladang Senama",72100,76
5,"Ladang St Helier",72100,76
5,"Ladang Sungai Sebaling",72100,76
5,"Rumah Murah Bahau",72100,76
5,"Rumah Murah Batu Bakar",72100,76
5,"Rumah Murah Jambu Lapan",72100,76
5,"Serting Hilir",72100,76
5,"Sungai Chermai",72100,76
5,"Taisho New Village",72100,76
5,"Taman Acbe",72100,76
5,"Taman Angkasa",72100,76
5,"Taman Angsana",72100,76
5,"Taman Awana",72100,76
5,"Taman Bahau",72100,76
5,"Taman Bahau  Indah",72100,76
5,"Taman Batu Bakar",72100,76
5,"Taman Bukit Khaya",72100,76
5,"Taman Cemara",72100,76
5,"Taman Cempaka",72100,76
5,"Taman Desa Penarikan",72100,76
5,"Taman Industri (Jalan Mahsan)",72100,76
5,"Taman Industri Mahsan",72100,76
5,"Taman Jati",72100,76
5,"Taman Jaya",72100,76
5,"Taman Jempol",72100,76
5,"Taman Juara",72100,76
5,"Taman Juara Fasa II",72100,76
5,"Taman Kepayang",72100,76
5,"Taman KSM",72100,76
5,"Taman Kwong Hup",72100,76
5,"Taman Kwong Hup II",72100,76
5,"Taman Mahsan",72100,76
5,"Taman Margosa",72100,76
5,"Taman Megah",72100,76
5,"Taman Melati",72100,76
5,"Taman Muhibbah",72100,76
5,"Taman Mutiara",72100,76
5,"Taman Rasa Sayang",72100,76
5,"Taman Ria",72100,76
5,"Taman Ria 2",72100,76
5,"Taman Saga",72100,76
5,"Taman Satelite Fasa III",72100,76
5,"Taman Seri Jempol",72100,76
5,"Taman Seri Mahsan",72100,76
5,"Taman Seri Pelating",72100,76
5,"Taman Serting Jaya",72100,76
5,"Taman Setelite",72100,76
5,"Taman Sornam",72100,76
5,"Taman Tanjung",72100,76
5,"Taman Tasik",72100,76
5,"Taman Teratai",72100,76
5,"Taman Timur",72100,76
5,"Taman Tunku Puan Chik",72100,76
5,Tebat,72100,76
5,Temaris,72100,76
5,"Bahau  - Peti surat",72107,76
5,"Bahau  - Beg berkunci",72109,76
5,"Ayer Hitam",72120,76
5,"Bandar Baru Serting",72120,76
5,"Felda Jaya Selatan Raja Alias",72120,76
5,"Felda Lui Barat",72120,76
5,"Felda Lui Muda",72120,76
5,"Felda Lui Selatan",72120,76
5,"Felda Lui Timur",72120,76
5,"Felda Serting (1 - 4)",72120,76
5,"Felda Serting Hilir (1 - 7)",72120,76
5,"Felda Sungai Lui",72120,76
5,"Felda Tembangau",72120,76
5,"Felda Wilayah NS Timur",72120,76
5,"Kampung Baru Cina Air Hitam",72120,76
5,"Kampung Cina Sungai Lui",72120,76
5,"Kampung Dusat",72120,76
5,"Kampung Gatco/Kampung Serampang Indah",72120,76
5,"Kampung Keretapi",72120,76
5,"Kampung Lama Air Hitam",72120,76
5,"Kampung Melor",72120,76
5,"Ladang Geddes",72120,76
5,Pulapah,72120,76
5,"Pusat Perniagaan Ara",72120,76
5,"Risda Espek Palong 1 - 2",72120,76
5,"Sungai Lui",72120,76
5,"Taman Lelayang",72120,76
5,"Taman Serting Indah",72120,76
5,"Taman Serting Utama",72120,76
5,"Taman Sri Air Hitam",72120,76
5,"Taman Sri Serting",72120,76
5,"Bandar Baru Serting - Peti surat",72127,76
5,"Bandar Baru Serting - Beg berkunci",72129,76
5,"Ayer Dedali",72200,76
5,"Batu Kikir",72200,76
5,Bayai,72200,76
5,"Bayai Lama",72200,76
5,"Desa Permai Serting Tengah",72200,76
5,"Felcra Gugusan Serting",72200,76
5,"Felda Pasoh 3",72200,76
5,Ghalib,72200,76
5,Guntor,72200,76
5,"Kampung Baru Batu 38, Serting Tengah",72200,76
5,"Kampung Baru Bukit Gelugor",72200,76
5,"Kampung Bayai Baru",72200,76
5,"Kampung Bintongan",72200,76
5,"Kampung Birah",72200,76
5,"Kampung Bukit Bahagia",72200,76
5,"Kampung Bukit Gombang",72200,76
5,"Kampung Bukit Kerdas",72200,76
5,"Kampung Bukit Perah",72200,76
5,"Kampung Bukit Sempit",72200,76
5,"Kampung Bukit Tempurong",72200,76
5,"Kampung Jawa Serting",72200,76
5,"Kampung Jelutong",72200,76
5,"Kampung Jeram",72200,76
5,"Kampung Jerjak",72200,76
5,"Kampung Kata",72200,76
5,"Kampung Keru",72200,76
5,"Kampung Lonek",72200,76
5,"Kampung Majau",72200,76
5,"Kampung Masjid Terentang",72200,76
5,"Kampung Mungkar",72200,76
5,"Kampung Padang Lebar",72200,76
5,"Kampung Pajah",72200,76
5,"Kampung Pauh",72200,76
5,"Kampung Paya Mengkuang",72200,76
5,"Kampung Pondok",72200,76
5,"Kampung Pulau Pabai",72200,76
5,"Kampung Pulau Tapak",72200,76
5,"Kampung Seri Melenggang",72200,76
5,"Kampung Serting Tengah",72200,76
5,"Kampung Simpang Bahau",72200,76
5,"Kampung Sungai Talan",72200,76
5,"Kampung Sungai Taling",72200,76
5,"Kampung Tampin",72200,76
5,"Kampung Tapak",72200,76
5,"Kampung Tengkek",72200,76
5,"Kampung Terentang",72200,76
5,"Ladang Batu Kikir",72200,76
5,"Serting Hulu",72200,76
5,"Taman Anggerik",72200,76
5,"Taman Baiduri",72200,76
5,"Taman Beringin",72200,76
5,"Taman Bukit Gelugor",72200,76
5,"Taman Gelugor",72200,76
5,"Taman Intan",72200,76
5,"Taman MawarI (1 & 2)",72200,76
5,"Taman Melati Indah",72200,76
5,"Taman Mutiara",72200,76
5,"Taman Putera",72200,76
5,"Taman Seri Gelugor",72200,76
5,"Taman Setia Budi",72200,76
5,"Batu Kikir - Peti surat",72207,76
5,"Batu Kikir - Beg berkunci",72209,76
5,"Felcra Kerangai - Penagoh",72300,70
5,"Felda Pasoh 1",72300,70
5,"Felda Pasoh 2",72300,70
5,"Felda Pasoh 4",72300,70
5,"Gerai Pusat Penjaja Simpang Pertang",72300,70
5,"Kampung Bagong Serting Ulu",72300,70
5,"Kampung Berangan Serting Ulu",72300,70
5,"Kampung Durian Tawar",72300,70
5,"Kampung Geylang",72300,70
5,"Kampung Kalu Geylang",72300,70
5,"Kampung Melayu Pertang",72300,70
5,"Kampung Orang Asli Batu 17",72300,70
5,"Kampung Parit Gong",72300,70
5,"Ladang Pertang",72300,70
5,"Pekan Baru Simpang Pertang",72300,70
5,Pertang,72300,70
5,"Rumah Rakyat 1 Simpang Pertang",72300,70
5,"Rumah Rakyat 2 Simpang Pertang",72300,70
5,"Rumah Rakyat Pertang",72300,70
5,"Serting Ulu",72300,70
5,"Simpang Pertang",72300,70
5,"Taman Bukit Pertang",72300,70
5,"Taman Gunung Mas",72300,70
5,"Taman IPP (FRIM)",72300,70
5,"Taman Pertang",72300,70
5,"Taman Seri Desa",72300,70
5,"Taman Simpang Jaya",72300,70
5,"Taman Sri Perdana",72300,70
5,"Taman Sri Pertang",72300,70
5,"Zon Perindustrian Simpang Pertang",72300,70
5,"Simpang Pertang - Peti surat",72307,70
5,"Simpang Pertang - Beg berkunci",72309,70
5,"Ayer Baning (Batu 52)",72400,70
5,"Durian Tipus",72400,70
5,"Felcra Lakai",72400,70
5,"Kampung Batu 51",72400,70
5,"Kampung Batu 60 3/4",72400,70
5,"Kampung Bemban",72400,70
5,"Kampung Durian Tipus",72400,70
5,"Kampung Juntai",72400,70
5,"Kampung Lakai",72400,70
5,"Kampung Mentaus",72400,70
5,"Kampung Putra",72400,70
5,"Kampung Rangoi",72400,70
5,"Kampung Sabun",72400,70
5,"Kampung Serdai Hilir",72400,70
5,"Kampung Serdai Ulu",72400,70
5,"Kampung Simpang Durian",72400,70
5,"Kampung Sungai Buloh",72400,70
5,"Ladang Abdullah Kadir",72400,70
5,"Ladang Juntai",72400,70
5,"Loji Air Lakai",72400,70
5,"Simpang Durian",72400,70
5,"Sino Malay",72400,70
5,"Taman Bunga Raya",72400,70
5,"Simpang Durian - Beg berkunci",72409,70
5,"Jalan Bahau  (Batu 28 3/4)",72500,71
5,"Jalan Bahau (Batu 30 1/2)",72500,71
5,"Jalan Keretapi Lama",72500,71
5,"Kampung Acheh",72500,71
5,"Kampung Air Puteh",72500,71
5,"Kampung Anak Air Sungai Jernih",72500,71
5,"Kampung Baru Jemapoh",72500,71
5,"Kampung Baru Terusan Seberang",72500,71
5,"Kampung Bukit Tempurong",72500,71
5,"Kampung Juasseh",72500,71
5,"Kampung Juasseh Hilir",72500,71
5,"Kampung Juasseh Kapitan",72500,71
5,"Kampung Juasseh Seberang",72500,71
5,"Kampung Kuala Jemapoh",72500,71
5,"Kampung Kuala Rembang Panas",72500,71
5,"Kampung Lubok Gitan",72500,71
5,"Kampung Paya Kumboh",72500,71
5,"Kampung Rembang Panas",72500,71
5,"Kampung Rembang Panas (Batu 5)",72500,71
5,"Kampung Rembang Panas Ulu",72500,71
5,"Kampung Seri Jemapoh",72500,71
5,"Kampung Tebing Tinggi",72500,71
5,"Kampung Terusan",72500,71
5,"Kampung Terusan Seberang",72500,71
5,"Kampung Ulu Rembang Panas",72500,71
5,"Ladang Juasseh",72500,71
5,"Masjid Rembang Panas (Batu 3)",72500,71
5,"Pekan Juasseh",72500,71
5,"Taman Desa Permai",72500,71
5,"Taman Jemapoh",72500,71
5,"Taman Ros Setia",72500,71
5,"Juasseh - Peti surat",72507,71
5,"Juasseh - Beg berkunci",72509,71
5,"Dataran Satria",73000,75
5,"Dataran Satria 1",73000,75
5,"Kampung Anak Durian Daun",73000,75
5,"Kampung Arongan",73000,75
5,"Kampung Baru Tampin",73000,75
5,"Kampung Batu Belang",73000,75
5,"Kampung Bukit Gebang",73000,75
5,"Kampung Bukit Merchat",73000,75
5,"Kampung Chenaga",73000,75
5,"Kampung Chenderam",73000,75
5,"Kampung Dusun",73000,75
5,"Kampung Gadek",73000,75
5,"Kampung Kebun Kelapa",73000,75
5,"Kampung Keru",73000,75
5,"Kampung Keru Alai",73000,75
5,"Kampung Kuala Ina",73000,75
5,"Kampung Pondoi",73000,75
5,"Kampung Pulau Sebang",73000,75
5,"Kampung Repah",73000,75
5,"Kampung Seri Repah",73000,75
5,"Kampung Tampin Pisang",73000,75
5,"Kampung Ulu Chenderam",73000,75
5,"Ladang Gadek",73000,75
5,"Ladang Repah",73000,75
5,"Pusat Komersial Delima Indah",73000,75
5,"Rumah Rakyat Kuala Ina",73000,75
5,"Rumah Rakyat Repah",73000,75
5,"Taman Bahgia",73000,75
5,"Taman Batu Belang",73000,75
5,"Taman Bukit Ina",73000,75
5,"Taman Bukit Tampin",73000,75
5,"Taman Clonlee",73000,75
5,"Taman Clonlee 2",73000,75
5,"Taman Crescent",73000,75
5,"Taman Desa Permai",73000,75
5,"Taman Desa Permai Ulu Yoh",73000,75
5,"Taman DUN Pulau Sebang",73000,75
5,"Taman Gunong Mas",73000,75
5,"Taman Hock Lee",73000,75
5,"Taman Indah",73000,75
5,"Taman Kasturi",73000,75
5,"Taman Mahsuri (Jalan Pulau Sebang)",73000,75
5,"Taman Mahsuri (Jalan Seremban)",73000,75
5,"Taman Mutiara",73000,75
5,"Taman Rasa Sayang",73000,75
5,"Taman Repah Baru",73000,75
5,"Taman Satria 2",73000,75
5,"Taman Sebang Baru",73000,75
5,"Taman Seri Berlian",73000,75
5,"Taman Seri Indah",73000,75
5,"Taman Seri Tampin",73000,75
5,"Taman Sitiawan",73000,75
5,"Taman Tampin",73000,75
5,"Taman Woon",73000,75
5,"Tampin Jaya",73000,75
5,"Tampin Tengah",73000,75
5,"Tampin - Peti surat",73007,75
5,"Tampin - Beg berkunci",73009,75
5,"Ayer Puteh (Batu 13)",73100,71
5,"Kampung Anak Ayer Rambutan",73100,71
5,"Kampung Ayer Gapis",73100,71
5,"Kampung Ayer Kempas",73100,71
5,"Kampung Ayer Kuning Kepis",73100,71
5,"Kampung Ayer Mawang",73100,71
5,"Kampung Ayer Pulasan",73100,71
5,"Kampung Ayer Puteh",73100,71
5,"Kampung Ayer Rengas",73100,71
5,"Kampung Ayer Taling",73100,71
5,"Kampung Balai Panjang",73100,71
5,"Kampung Balik Bukit",73100,71
5,"Kampung Batu 4 (Betong)",73100,71
5,"Kampung Berambai",73100,71
5,"Kampung Bukit Changgang",73100,71
5,"Kampung Bukit Istana",73100,71
5,"Kampung Chabang Dua",73100,71
5,"Kampung Charik",73100,71
5,"Kampung Chegor",73100,71
5,"Kampung Dangi",73100,71
5,"Kampung Depan Sekolah Inas",73100,71
5,"Kampung Desa Dangi",73100,71
5,"Kampung Dingkir",73100,71
5,"Kampung Dingkir Hulu",73100,71
5,"Kampung Dusun Besar",73100,71
5,"Kampung Eyor",73100,71
5,"Kampung Gajan",73100,71
5,"Kampung Gating",73100,71
5,"Kampung Geduhum",73100,71
5,"Kampung Gemencheh  Hulu",73100,71
5,"Kampung Inas Tengah",73100,71
5,"Kampung Ipok",73100,71
5,"Kampung Kabong",73100,71
5,"Kampung Kabong Hilir",73100,71
5,"Kampung Kabong Hulu",73100,71
5,"Kampung Kelapi",73100,71
5,"Kampung Kelomboi",73100,71
5,"Kampung Kepis",73100,71
5,"Kampung Kepis Baru",73100,71
5,"Kampung Kepis Hilir",73100,71
5,"Kampung Kepis Hulu",73100,71
5,"Kampung Kepis Tengah",73100,71
5,"Kampung Kuala Johol",73100,71
5,"Kampung Kuala Nuri",73100,71
5,"Kampung Kuala Tumang",73100,71
5,"Kampung Lanjut Lumpuh",73100,71
5,"Kampung Maha",73100,71
5,"Kampung Malan",73100,71
5,"Kampung Malok",73100,71
5,"Kampung Masjid Batu",73100,71
5,"Kampung Masjid Gating",73100,71
5,"Kampung Masjid Tangkoh",73100,71
5,"Kampung Masjid Tua",73100,71
5,"Kampung Melekai",73100,71
5,"Kampung Nerusa",73100,71
5,"Kampung Padang Jual",73100,71
5,"Kampung Pasit",73100,71
5,"Kampung Paya",73100,71
5,"Kampung Putong",73100,71
5,"Kampung Renggoh",73100,71
5,"Kampung Seberang Jelai",73100,71
5,"Kampung Seginyeh",73100,71
5,"Kampung Selaru",73100,71
5,"Kampung Senarak",73100,71
5,"Kampung Senibai",73100,71
5,"Kampung Serting Johol",73100,71
5,"Kampung Sikota",73100,71
5,"Kampung Simat",73100,71
5,"Kampung Simpang",73100,71
5,"Kampung Simpang Inas Lama",73100,71
5,"Kampung Solok Ayer Kuning",73100,71
5,"Kampung Solok Pisang",73100,71
5,"Kampung Sompo",73100,71
5,"Kampung Sungai Sala",73100,71
5,"Kampung Tanah Baru",73100,71
5,"Kampung Tanggai",73100,71
5,"Kampung Tangkoh Hilir",73100,71
5,"Kampung Tangkoh Hulu",73100,71
5,"Kampung Tanjong Pisang",73100,71
5,"Kampung Tanjong Tengah",73100,71
5,"Kampung Tering",73100,71
5,"Kampung Tinggal",73100,71
5,"Kampung Tulang Rimau",73100,71
5,"Kampung Tumang",73100,71
5,"Kampung Ulu Inas",73100,71
5,"Kampung Ulu Nuri",73100,71
5,"Kampung Ulu Punggor",73100,71
5,"Kampung Ulu Tanggai",73100,71
5,"Kuala Kepis (Batu 12)",73100,71
5,"Ladang Ban Onn",73100,71
5,"Ladang Johol",73100,71
5,"Ladang See Kee",73100,71
5,"Ladang Sekota",73100,71
5,"Ladang Tai Hin San",73100,71
5,"Ladang United",73100,71
5,"Ladang Yong Seng",73100,71
5,"Pekan Johol",73100,71
5,"Rumah Rakyat Ayer Mawang",73100,71
5,"Rumah Rakyat Dangi",73100,71
5,"Rumah Rakyat Johol",73100,71
5,"Rumah Rakyat Kuala Johol",73100,71
5,"Rumah Rakyat Padang Jual",73100,71
5,"Rumah Rakyat Pasit",73100,71
5,"Simpang Dangi",73100,71
5,"Simpang Langkap",73100,71
5,"Simpang Senibai",73100,71
5,"Taman Air Mawang",73100,71
5,"Taman Dangi",73100,71
5,"Taman Johol",73100,71
5,"Tok Kong Batu Tangga",73100,71
5,"Johol - Beg berkunci",73109,71
5,"Bukit Rokan",73200,75
5,"Bukit Rokan Utara",73200,75
5,"Felda Bukit Rokan",73200,75
5,"Felda Bukit Rokan Barat",73200,75
5,"Felda Bukit Rokan Utara",73200,75
5,Gemencheh,73200,75
5,"Gemencheh Lama",73200,75
5,"Institut Tahfiz",73200,75
5,"Kampung Air Kuning",73200,75
5,"Kampung Ayer Gelugor",73200,75
5,"Kampung Ayer Rawa",73200,75
5,"Kampung Baru Gedok",73200,75
5,"Kampung Baru Jelai",73200,75
5,"Kampung Baru Seri Dangi",73200,75
5,"Kampung Baru Sungai Dua",73200,75
5,"Kampung Batang Rokan",73200,75
5,"Kampung Bunga Raya",73200,75
5,"Kampung Gedok",73200,75
5,"Kampung Jelawai",73200,75
5,"Kampung Pulau",73200,75
5,"Kampung Rokan",73200,75
5,"Kampung Seri Asahan",73200,75
5,"Kampung Seri Gemencheh",73200,75
5,"Kampung Sungai Dua",73200,75
5,"Kampung Sungai Jerneh",73200,75
5,"Kampung Sungai Kepong",73200,75
5,"Kampung Sungai Salah",73200,75
5,"Kampung Tanjong Melintang",73200,75
5,"Kampung Tenai",73200,75
5,"Kampung Tengah",73200,75
5,"Kampung Ulu Rokan",73200,75
5,"Loji Bekalan Air Gemencheh",73200,75
5,"Maktab Rendah Sains Mara",73200,75
5,"Rumah Rakyat Gemencheh 2",73200,75
5,"Rumah Rakyat Gemencheh Lama",73200,75
5,"Rumah Rakyat Kampung Tengah",73200,75
5,"Taman Asahan Jaya",73200,75
5,"Taman Bukit Gemencheh",73200,75
5,"Taman Bunga Raya",73200,75
5,"Taman Dato Mohd Taha",73200,75
5,"Taman Gembira",73200,75
5,"Taman Gemencheh Baru",73200,75
5,"Taman Gemencheh Lama",73200,75
5,"Taman Impian Jaya",73200,75
5,"Taman Komersial Suria",73200,75
5,"Taman Melor",73200,75
5,"Taman Melor 2",73200,75
5,"Taman Merak",73200,75
5,"Taman Merak Utama",73200,75
5,"Taman Muhibah",73200,75
5,"Taman Nuri Indah",73200,75
5,"Taman Orkid",73200,75
5,"Taman Orkid 2",73200,75
5,"Taman Regent",73200,75
5,"Taman Semarak Air Kuning Selatan",73200,75
5,"Taman Sentosa",73200,75
5,"Taman Seri Intan",73200,75
5,"Taman Yu Yi",73200,75
5,"Gemencheh  - Peti surat",73207,75
5,"Gemencheh  - Beg berkunci",73209,75
5,"Ayer Kuning Selatan",73300,75
5,"Batang Melaka",73300,75
5,"Batang Melaka Estate",73300,75
5,"Felda Bukit Jalor",73300,75
5,"Kampung Ayer Kuning Selatan",73300,75
5,"Kampung Baru Ayer Kuning Selatan",73300,75
5,"Kampung Baru Cina",73300,75
5,"Kampung Baru India",73300,75
5,"Kampung Baru Melayu",73300,75
5,"Kampung Parit Buluh Ayer Kuning Selatan",73300,75
5,"Kampung Paya Lebar Ayer Kuning Selatan",73300,75
5,"Kampung Punggor",73300,75
5,"Kampung Tengah Air Kuning Selatan",73300,75
5,"Kayu Estate",73300,75
5,"Ladang Atlas",73300,75
5,"Ladang Ayer Tengah",73300,75
5,"Ladang Bukit Katil",73300,75
5,"Ladang Chinpul",73300,75
5,"Ladang Nam Bee",73300,75
5,"Ladang Ong Guan Neo",73300,75
5,"Ladang Regent",73300,75
5,"Ladang Tampin (Melaka Pindah)",73300,75
5,"Taman Ayer Kuning Selatan",73300,75
5,"Taman Batang Melaka",73300,75
5,"Taman Semarak",73300,75
5,"Taman Seri Ayer Kuning Selatan",73300,75
5,"Tiong Watt Estate",73300,75
5,"Valley Side Estate",73300,75
5,"Batang Melaka - Beg berkunci",73309,75
5,"Bangka Hulu",73400,75
5,"Felda Sungai KeLamah",73400,75
5,"Gemas Baru",73400,75
5,"Gemas Baru Estate",73400,75
5,"Gemas Estate",73400,75
5,"Kampung Baru",73400,75
5,"Kampung Baru Gemas",73400,75
5,"Kampung Benggali Gemas",73400,75
5,"Kampung Ladang",73400,75
5,"Kampung Londah",73400,75
5,"Kampung Londah Baru",73400,75
5,"Kampung Pasir Besar",73400,75
5,"Kampung Seri Ladang",73400,75
5,"Kampung Tiong",73400,75
5,"Kampung Ulu Ladang",73400,75
5,"Ladang Chin Lian",73400,75
5,"Ladang Fortrose",73400,75
5,"Ladang Gomali",73400,75
5,"Ladang Sungai Kelamah",73400,75
5,"Pekan Gemas",73400,75
5,"Pusat Komersial Pahlawan",73400,75
5,"Pusat Komersial Perwira Gemas",73400,75
5,"Pusat Komersial Seri Mutiara",73400,75
5,"Pusat Perniagaan Harmoni Gemas",73400,75
5,"Sungai Kelamah",73400,75
5,"Taman Anggerik Desa",73400,75
5,"Taman Bakti",73400,75
5,"Taman Bintang",73400,75
5,"Taman Bukit Gemas",73400,75
5,"Taman Bukit Lentang (Gemas Baru)",73400,75
5,"Taman Damai",73400,75
5,"Taman Dataran Suria",73400,75
5,"Taman Desa Gemas",73400,75
5,"Taman Desa Permai",73400,75
5,"Taman Gemas",73400,75
5,"Taman Gemas Baru",73400,75
5,"Taman Gemas Baru II",73400,75
5,"Taman Gemas Jaya",73400,75
5,"Taman Gemas Setia",73400,75
5,"Taman Gembira",73400,75
5,"Taman Golden Hill",73400,75
5,"Taman Hala Cara Baru",73400,75
5,"Taman Indah",73400,75
5,"Taman Megah",73400,75
5,"Taman Molek",73400,75
5,"Taman Morris",73400,75
5,"Taman Pasir Besar",73400,75
5,"Taman Pinggiran Felda",73400,75
5,"Taman Sahabat",73400,75
5,"Taman Sentosa",73400,75
5,"Taman Seri Gemas",73400,75
5,"Taman Seri Mutiara",73400,75
5,"Taman Sungai Gemas",73400,75
5,"Taman Wira",73400,75
5,"Gemas - Beg berkunci",73409,75
5,"Felda Pasir Besar",73420,75
5,"Kampung Pasir Besar",73420,75
5,"Felda Palong (4 - 6)",73430,76
5,"Palong 6 & 8",73430,76
5,"Pusat Bandar Palong",73430,76
5,"Felda Palong 1",73440,76
5,"Felda Palong 2",73450,76
5,"Felda Palong 3",73460,76
5,"Felda Palong (7 - 8)",73470,76
5,"Kampung Jeram Panjang",73470,76
5,"Palong 9 - 14,16",73470,76
5,"Felda Jelai 1",73480,75
5,"Felda Jelai 2",73480,75
5,"Felda Jelai 3",73480,75
5,"Felda Jelai 4",73480,75
5,"Gugusan Felda Jelai",73480,75
5,"Bukit Tinggi Estate",73500,76
5,"Goodwood Estate",73500,76
5,"Kampung Balai China",73500,76
5,"Kampung Baru Rompin",73500,76
5,"Kampung Batu Peti",73500,76
5,"Kampung Bukit Pilah",73500,76
5,"Kampung Felcra Rompin",73500,76
5,"Kampung Panchor",73500,76
5,"Kampung Rompin",73500,76
5,"Kampung Rompin",73500,76
5,"Ladang Bukit Pilah",73500,76
5,"Ladang Bukit Pilah Rompin",73500,76
5,"Ladang Middleton",73500,76
5,"Ladang Middleton Palong",73500,76
5,"Ladang Middleton Rompin",73500,76
5,"Ladang New Rompin",73500,76
5,"Middleton Estate",73500,76
5,"Rumah Rakyat Rompin",73500,76
5,"Taman Desa Rompin",73500,76
5,"Taman Melor Rompin",73500,76
5,"Taman Saujana",73500,76
5,"Taman Sri Rompin",73500,76
5,"Taman Suria",73500,76
5,"Tanah Panjis",73500,76
5,"Rompin - Peti surat",73507,76
5,"Rompin - Beg berkunci",73509,76
5,"Rimba Residensi",70300,74
