6,25000,"Bangunan LKNP"
6,25000,"Biro Tata Negara Pahang"
6,25000,"Jabatan Bekalan Elektrik"
6,25000,"Jalan Bank"
6,25000,"Jalan Besar"
6,25000,"Jalan Bukit Sekiau"
6,25000,"Jalan Gambut"
6,25000,"Jalan Haji Abd Aziz"
6,25000,"Jalan Haji Abd Rahman"
6,25000,"Jalan Lebai Ali"
6,25000,"Jalan Mahkota"
6,25000,"Jalan Masjid"
6,25000,"Jalan Pasar"
6,25000,"Jalan Pasar Baru"
6,25000,"Jalan Pasar Besar"
6,25000,"Jalan Stadium Darul Makmur"
6,25000,"Jalan Teluk Sisek"
6,25000,"Jalan Teruntum"
6,25000,"Jalan Tun Ismail"
6,25000,"Jalan Tun Ismail 1"
6,25000,"Kompleks Teruntum"
6,25000,"Lembaga Kemajuan Perusahaan Pertanian"
6,25000,"Lembaga Pelesenan Kelapa Sawit"
6,25000,"Lembaga Pertubuhan Peladang"
6,25000,"Lembaga Tabung Haji"
6,25000,"Lorong Haji Abdul Rahman 1"
6,25000,"Lorong Pasar Baru"
6,25000,"Lorong Tun Ismail (1 - 5)"
6,25000,"Lorong Tun Ismail 2"
6,25000,"Mahkota Parade"
6,25000,"Medan Pelancongan"
6,25000,"Pejabat Daerah Kuantan"
6,25000,"Pejabat MIDA Negeri"
6,25000,"Pusat Khidmat Kontraktor"
6,25000,"Telok Sisek"
6,25000,"Teluk Sisek Pendek"
6,25000,"Wisma Persekutuan"
6,25050,"Istana Hinggap"
6,25050,"Jalan Che Timah"
6,25050,"Jalan Club Golf Teruntum"
6,25050,"Jalan Dato Abdullah"
6,25050,"Jalan Dato Abu Samah"
6,25050,"Jalan Dato Bahaman"
6,25050,"Jalan Dato Haji Abu Bakar"
6,25050,"Jalan Haji Abu Bakar"
6,25050,"Jalan Kampung Tanjung Api"
6,25050,"Jalan Merbok"
6,25050,"Jalan Padang Lalang"
6,25050,"Jalan Taman Tok Sira"
6,25050,"Jalan Tanjong Api"
6,25050,"Jalan Teluk Chempedak"
6,25050,"Jalan Teluk Sisek"
6,25050,"Jalan Tengku Muhamad"
6,25050,"Jalan Tok Sira"
6,25050,"Kampung Galing Kechil"
6,25050,"Kampung Jalan Telok Sisek"
6,25050,"Kampung Jalan Teluk Sisek"
6,25050,"Kampung Kubang Buaya"
6,25050,"Kampung Kubor Tok Keramat"
6,25050,"Kampung Selamat"
6,25050,"Kampung Tanjong Api"
6,25050,"Kingdom Park"
6,25050,"Lorong Alor Akar"
6,25050,"Lorong Kubang Buaya"
6,25050,"Lorong Kubang Buaya 61"
6,25050,"Lorong Padang Lalang"
6,25050,"Lorong Pelindung 101"
6,25050,"Lorong Pelindung 50"
6,25050,"Lorong Pelindung 54"
6,25050,"Lorong Pelindung 76"
6,25050,"Lorong Selamat 40"
6,25050,"Lorong Tanjong Api"
6,25050,"Lorong Tok Sira 10"
6,25050,"Lorong Tok Sira 6"
6,25050,"Lorong Tok Sira 70"
6,25050,"Medan Tok Sera"
6,25050,"Padang Lalang"
6,25050,"Perkampungan Pelindung"
6,25050,"Perkampungan Selamat"
6,25050,"Perkampungan Tok Sira"
6,25050,"Perumahan Tok Sira"
6,25050,"Taman Alur Akar"
6,25050,"Taman Bakti"
6,25050,"Taman Bukit Perlindung (1 & 2)"
6,25050,"Taman Cempedak"
6,25050,"Taman Coorperative"
6,25050,"Taman Datin Maharum"
6,25050,"Taman Galing Kecil"
6,25050,"Taman Gelora"
6,25050,"Taman Jaya"
6,25050,"Taman Kasturi"
6,25050,"Taman Kerjasama"
6,25050,"Taman Kingdom"
6,25050,"Taman Koperatif"
6,25050,"Taman LKNP Baru"
6,25050,"Taman LKNP Medan Tok Sera"
6,25050,"Taman LKNP Peringkat 1"
6,25050,"Taman LKNP Peringkat 2"
6,25050,"Taman Lorong Kijang"
6,25050,"Taman Makmor"
6,25050,"Taman Medan Tok Sira"
6,25050,"Taman Melodies"
6,25050,"Taman Melody"
6,25050,"Taman Melor"
6,25050,"Taman Merbok"
6,25050,"Taman Merdeka"
6,25050,"Taman Pantai Cempedak"
6,25050,"Taman Pelindong"
6,25050,"Taman Selamat"
6,25050,"Taman Selamat Baru"
6,25050,"Taman Seroja"
6,25050,"Taman Tanjong Api"
6,25050,"Taman Taz"
6,25050,"Taman Teberau"
6,25050,"Taman Teluk Cempedak"
6,25050,"Taman Teluk Sisek"
6,25050,"Taman Tengku Mahmud"
6,25050,"Taman Tengku Mohamad"
6,25050,"Taman Teratai"
6,25050,"Taman Timur Jaya"
6,25050,"Taman Tok Sira"
6,25050,"Tanjung Api"
6,25050,"Teluk Cempedak"
6,25100,"Fountain Park"
6,25100,"Jalan Bayam"
6,25100,"Jalan Bintang"
6,25100,"Jalan Cempaka"
6,25100,"Jalan Cemperai"
6,25100,"Jalan Darat Makbar"
6,25100,"Jalan Dato Wong Ah Jang"
6,25100,"Jalan Hospital"
6,25100,"Jalan Kampung Tengah"
6,25100,"Jalan Kemunting"
6,25100,"Jalan Mat Kilau"
6,25100,"Jalan Penjara"
6,25100,"Jalan Penjara"
6,25100,"Jalan Perisai"
6,25100,"Jalan Sentol (Tanah Puteh)"
6,25100,"Jalan Sri Teruntum"
6,25100,"Jalan Taman Tengah"
6,25100,"Jalan Tanah Puteh"
6,25100,"Jalan Tanah Putih Lama"
6,25100,"Jalan Terkukur"
6,25100,"Jalan Wong Ah Jang"
6,25100,"Kampung Baru, Kuantan"
6,25100,"Kampung Darat Makbar"
6,25100,"Kampung Darat Tanah Puteh"
6,25100,"Kampung Melayu"
6,25100,"Kampung Setinggan Tanah Putih"
6,25100,"Kampung Tanah Puteh"
6,25100,"Kampung Tanah Puteh Lama"
6,25100,"Kampung Tengah"
6,25100,"Kompleks Medan Warisan"
6,25100,"Kompleks PeriKanan"
6,25100,"Lembaga Penduduk Negara (LPPKN)"
6,25100,"Lorong Cemperai"
6,25100,"Lorong Kemunting"
6,25100,"Lorong Mat Kilau"
6,25100,"Lorong Mat Kilau 21"
6,25100,"Lorong Rusa"
6,25100,"Lorong Seri Teruntum"
6,25100,"Lorong Seri Teruntum 125"
6,25100,"Lorong Seri Teruntum 18"
6,25100,"Lorong Seri Teruntum 32"
6,25100,"Lorong Sri Teruntum 37"
6,25100,"Medan Warisan"
6,25100,"Perkampungan Seri Teruntum"
6,25100,"Perumahan Mat Kilau"
6,25100,"Perumahan Seri Teruntum"
6,25100,"Rumah Pangsa Permai"
6,25100,"Taman Bintang"
6,25100,"Taman Golden City"
6,25100,"Taman Jade"
6,25100,"Taman Jasmin"
6,25100,"Taman Lee Town Apartment"
6,25100,"Taman Lion"
6,25100,"Taman Mahsuri"
6,25100,"Taman Mat Kilau"
6,25100,"Taman Mega View"
6,25100,"Taman Melor Desa"
6,25100,"Taman Muhibah"
6,25100,"Taman Murni"
6,25100,"Taman Pangsa Puri Permai"
6,25100,"Taman Pelangi"
6,25100,"Taman Raya"
6,25100,"Taman Seri Teruntum"
6,25100,"Taman Tanah Puteh"
6,25100,"Taman Tas Putera"
6,25100,"Taman Tengah"
6,25100,"Taman Yau"
6,25100,"Taman Zurina"
6,25150,"Batu 8, Jalan Pekan"
6,25150,"Batu 9 Jalan Gambang"
6,25150,"Jalan Damai"
6,25150,"Jalan Gambang"
6,25150,"Jalan Industri Tanah putih baru"
6,25150,"Jalan Isap Perdana"
6,25150,"Jalan Karyawan"
6,25150,"Jalan Kuantan - Gambang"
6,25150,"Jalan Kuantan - Pekan (Km 9 - 16)"
6,25150,"Jalan Lebuhraya"
6,25150,"Jalan Permatang Badak"
6,25150,"Jalan Permatang Badak Aman 1"
6,25150,"Jalan Permatang Badak Perdana 4"
6,25150,"Jalan Rasau Aman 1"
6,25150,"Jalan Seri Damai Perdana 2"
6,25150,"Jalan Sri Inderapura"
6,25150,"Jalan Sungai Isap jaya"
6,25150,"Jalan Tas"
6,25150,"Jalan Tok Mat"
6,25150,"Kampung Air Itam"
6,25150,"Kampung Baru Chendering"
6,25150,"Kampung Baru Dalam"
6,25150,"Kampung Baru MPK"
6,25150,"Kampung Baru Permatang Badak"
6,25150,"Kampung Baru Seri Melati"
6,25150,"Kampung Baru Yahya Seh (Batu 6)"
6,25150,"Kampung Batu 3 - 7 (Jalan Gambang)"
6,25150,"Kampung Belukar"
6,25150,"Kampung Bukit Rangin"
6,25150,"Kampung Cendering"
6,25150,"Kampung Desa Mesra (Jalan Gambang)"
6,25150,"Kampung Gudang Rasau"
6,25150,"Kampung Haji Ali"
6,25150,"Kampung Kurnia"
6,25150,"Kampung Lubok Puyu"
6,25150,"Kampung Melati (Jalan Gambang)"
6,25150,"Kampung Permatang Badak"
6,25150,"Kampung Razali"
6,25150,"Kampung SC"
6,25150,"Kampung Sungai Belat"
6,25150,"Kampung Telaga Pasu"
6,25150,"Kampung Telok Mahang"
6,25150,"Lorong Bakti Batu 5"
6,25150,"Lorong Belukar Maju"
6,25150,"Lorong BKP 3"
6,25150,"Lorong Budiman"
6,25150,"Lorong Bukit Rangin"
6,25150,"Lorong Bunut Rendang Jaya 1"
6,25150,"Lorong Guang Rasau 57"
6,25150,"Lorong Indera Sempurna 89"
6,25150,"Lorong Industri Tanah Puteh Baru 5"
6,25150,"Lorong Industri Tanah Putih Baru 15"
6,25150,"Lorong Isap Murni"
6,25150,"Lorong Karyawan 34"
6,25150,"Lorong Kenanga"
6,25150,"Lorong KM"
6,25150,"Lorong Kurnia Jaya 4"
6,25150,"Lorong Lengkok Kanan"
6,25150,"Lorong Lengkok Kiri"
6,25150,"Lorong Pandan Damai 1/18"
6,25150,"Lorong Pandan Damai 2/201"
6,25150,"Lorong Pandan Damai 2/211"
6,25150,"Lorong Pandan Damai 2/212"
6,25150,"Lorong Pandan Perdana"
6,25150,"Lorong Permatang Badak Aman 26"
6,25150,"Lorong Permatang Badak Aman 28"
6,25150,"Lorong Permatang Badak Damai"
6,25150,"Lorong Permatang Badak Damai 5"
6,25150,"Lorong Permatang Badak Jaya"
6,25150,"Lorong Permatang Badak Makmur 24"
6,25150,"Lorong Permatang Badak Perdana"
6,25150,"Lorong Rasau Aman 2"
6,25150,"Lorong Rasau Perdana"
6,25150,"Lorong Rasau Permata"
6,25150,"Lorong Seri Damai Aman 52"
6,25150,"Lorong Seri Damai Perdana 1"
6,25150,"Lorong Sri Inderapura"
6,25150,"Lorong Sungai Isap Damai"
6,25150,"Lorong Sungai Isap Jaya"
6,25150,"Lorong Sungai Isap Perdana"
6,25150,"Lorong Tas Ria"
6,25150,"Lorong Tas Ria 38"
6,25150,"Maktab Sains Mara"
6,25150,"Paya Besar (Jalan Gambang)"
6,25150,"Perkampungan Bunut Rendang Jaya"
6,25150,"Perkampungan Gudang Rasau"
6,25150,"Perkampungan Indera Sempurna"
6,25150,"Perkampungan Pandan Damai"
6,25150,"Perkampungan Permatang Badak Jaya"
6,25150,"Perkampungan Permatang Badak Perdana"
6,25150,"Perkampungan Seri Damai Aman"
6,25150,"Perkampungan Seri Damai Baru"
6,25150,"Perkampungan Seri Damai Perdana"
6,25150,"Perkampungan Sungai Isap Aman"
6,25150,"Permatang Badak"
6,25150,"Permatang Badak Aman"
6,25150,"Perumahan Cendering"
6,25150,"Perumahan Cendering Lama"
6,25150,"Perumahan Desa Mesra"
6,25150,"Perumahan Kurnia Jaya"
6,25150,"Perumahan Pandan Damai"
6,25150,"Perumahan Permatang Badak Maju"
6,25150,"Perumahan Permatang Badak Perdana"
6,25150,"Perumahan Sungai Isap (1 - 3)"
6,25150,"Perumahan Tanah Putih Baru"
6,25150,"Rumah Murah Permatang Badak"
6,25150,"Sungai Isap"
6,25150,"Taman Aishah"
6,25150,"Taman Aneka Jaya (Jalan Gambang)"
6,25150,"Taman Baru Chendering"
6,25150,"Taman Belukar Maju"
6,25150,"Taman Bukit Rangin"
6,25150,"Taman Desa Mesra"
6,25150,"Taman Dr Mohd Taib"
6,25150,"Taman Gudang Rasau Aman"
6,25150,"Taman Guru"
6,25150,"Taman Kurnia Jaya"
6,25150,"Taman Mega"
6,25150,"Taman Pandan"
6,25150,"Taman Pandan Damai"
6,25150,"Taman Pandan Perdana"
6,25150,"Taman Pandan Permai"
6,25150,"Taman Permatang Badak Maju"
6,25150,"Taman Putra / Putri"
6,25150,"Taman Rasau Aman"
6,25150,"Taman Rasau Permata"
6,25150,"Taman Sepakat"
6,25150,"Taman Seri Damai Jaya"
6,25150,"Taman Sri Belat"
6,25150,"Taman Sri Inderapura"
6,25150,"Taman Sri Pandan"
6,25150,"Taman Sungai Isap"
6,25150,"Taman Sungai Isap baru"
6,25150,"Taman Sungai Isap Damai"
6,25150,"Taman Sungai Isap Jaya"
6,25150,"Taman Sungai Isap Perdana"
6,25150,"Taman Tanah Puteh Baru"
6,25150,"Taman Tas Kuantan"
6,25150,"Taman Tas Ria"
6,25150,"Taman Uda (Jalan Gambang)"
6,25150,"Taman Uda Murni"
6,25150,"Taman Ukhwah"
6,25150,"Tanah Puteh Baru"
6,25200,"Bandar Indera Mahkota"
6,25200,"Batu Sawar"
6,25200,"Bukit Istana"
6,25200,"Bukit Sekilau"
6,25200,"Bukit Setongkol"
6,25200,"Desa Samudra"
6,25200,"Desa Teratai"
6,25200,"Jabatan Bekalan Air"
6,25200,"Jalan Bukit Beirut"
6,25200,"Jalan Bukit Sekilau"
6,25200,"Jalan Bukit Sekilau 1"
6,25200,"Jalan Bukit Setongkol"
6,25200,"Jalan Bukit Ubi"
6,25200,"Jalan Busut Bukit Setongkol"
6,25200,"Jalan Haji Junid"
6,25200,"Jalan IM 3/9"
6,25200,"Jalan Indera Mahkota"
6,25200,"Jalan Kampung Baharu"
6,25200,"Jalan Kampung Jawa"
6,25200,"Jalan Kampung Padang"
6,25200,"Jalan Kanchil"
6,25200,"Jalan Kenanga"
6,25200,"Jalan Lim Hoe Lek"
6,25200,"Jalan Padang Jaya"
6,25200,"Jalan Paya"
6,25200,"Jalan Paya (1 - 2)"
6,25200,"Jalan Paya Bukit Setongkol"
6,25200,"Jalan Sekilau"
6,25200,"Jalan Sekilau 3"
6,25200,"Jalan Sepat (Kampung Jawa)"
6,25200,"Jalan Setongkol"
6,25200,"Jalan Sungai Lembing"
6,25200,"Jalan Tok Kong"
6,25200,"Kampung Batu Sawar"
6,25200,"Kampung Bukit Kuin"
6,25200,"Kampung Bukit Ubi"
6,25200,"Kampung Cina (Indera Mahkota)"
6,25200,"Kampung Haji Junid"
6,25200,"Kampung India Bukit Setongkol"
6,25200,"Kampung Kobat"
6,25200,"Kampung Padang"
6,25200,"Kampung Paya (Bukit Setongkol)"
6,25200,"Kampung Songsang"
6,25200,"Kampung Sungai Pinang"
6,25200,"Kampung Sungai Tiram"
6,25200,"Kampung Tanjong Pasir"
6,25200,"Kampung Tanjong Putus"
6,25200,"Kampung Tiram"
6,25200,"Kawasan Industri Ringan Prima Kota"
6,25200,"Kawasan Perindustrian Bandar Indera Mahkota"
6,25200,"Ketua Unit Kontrak Bumiputra"
6,25200,"Kompleks Tun Abdul Razak (KOMTAR)"
6,25200,"Kota Sri Ahmad Shah"
6,25200,"Ladang Sungai Talam"
6,25200,"Lembaga Pasaran & Perusahaan Getah"
6,25200,"Lorong Beirut"
6,25200,"Lorong Bukit Bay Route 15"
6,25200,"Lorong Bukit Setongkol"
6,25200,"Lorong Bukit Setongkol 209"
6,25200,"Lorong Bukit Setongkol 32/1"
6,25200,"Lorong Bukit Setongkol Maju"
6,25200,"Lorong Bukit Setongkol Maju 18"
6,25200,"Lorong Bukit Setongkol Maju 44"
6,25200,"Lorong Bukit Setongkol Maju 46"
6,25200,"Lorong Bukit Ubi"
6,25200,"Lorong Bukit Ubi 16"
6,25200,"Lorong Bukit Ubi 2"
6,25200,"Lorong Bukit Ubi 32"
6,25200,"Lorong Bukit Ubi 35"
6,25200,"Lorong Bukit Ubi 47"
6,25200,"Lorong Bukit Ubi 63"
6,25200,"Lorong Bukit Ubi 75"
6,25200,"Lorong Cenderawasih"
6,25200,"Lorong Desa Teratai"
6,25200,"Lorong IM 1/28"
6,25200,"Lorong IM 1/34"
6,25200,"Lorong IM 10/22"
6,25200,"Lorong IM 12/1"
6,25200,"Lorong IM 16/14"
6,25200,"Lorong IM 5/17"
6,25200,"Lorong IM 8/33"
6,25200,"Lorong Impian Ku"
6,25200,"Lorong Jaya"
6,25200,"Lorong Kampung Jawa"
6,25200,"Lorong Kampung Padang Jaya"
6,25200,"Lorong Kampung Padang Jaya 27"
6,25200,"Lorong Kampung Tiram Jaya 6"
6,25200,"Lorong Kancil"
6,25200,"Lorong Padang Jaya"
6,25200,"Lorong Padang Permai 41"
6,25200,"Lorong Paya Tiga 1/1"
6,25200,"Lorong Paya Tiga 30"
6,25200,"Lorong Setongkol Baru"
6,25200,"Lorong Shahzan IM 12"
6,25200,"Lorong Singa Mas"
6,25200,"Lorong Sri Teruntum"
6,25200,"Lorong Stongkol Maju"
6,25200,"Lorong Stongkol Perdana"
6,25200,"Lorong Tiram"
6,25200,"Lorong Tiram Perdana 2"
6,25200,"Lot 108, Sek. 31"
6,25200,"Pejabat Felcra Negeri"
6,25200,"Pejabat Felda Pahang Timur"
6,25200,"Pejabat Risda Negeri"
6,25200,"Perindustrian Indera Mahkota"
6,25200,"Perkampungan Bukit Setongkol"
6,25200,"Perkampungan Bukit Setongkol 36"
6,25200,"Perkampungan Bukit Setongkol Maju"
6,25200,"Perkampungan Bukit Setongkol Perdana 36"
6,25200,"Perkampungan Cenderawasih"
6,25200,"Perkampungan Cenderawasih Perdana"
6,25200,"Perkampungan Padang Indah"
6,25200,"Perkampungan Padang Jaya"
6,25200,"Perkampungan Padang Permai"
6,25200,"Perkampungan Paya Tiga"
6,25200,"Perkampungan Shahzan IM"
6,25200,"Perkampungan Tiram Jaya"
6,25200,"Persiaran Sultan Abu Bakar"
6,25200,"Perumahan Indera Mahkota"
6,25200,"Perumahan Bandar Indera Mahkota 16"
6,25200,"Perumahan Bukit Setongkol Maju"
6,25200,"Perumahan Bukit Setongkol Perdana"
6,25200,"Perumahan Cenderawasih Perdana"
6,25200,"Perumahan IM 1"
6,25200,"Perumahan Indera Mahkota 8"
6,25200,"Perumahan Kampung Padang Baru"
6,25200,"Perumahan Kampung Padang Jaya"
6,25200,"Perumahan Kampung Padang Maju"
6,25200,"Perumahan Padang Permai"
6,25200,"Perumahan Setongkol Perdana"
6,25200,"Perumahan Tiram Jaya"
6,25200,"Risda Negeri"
6,25200,"Sungai Charu"
6,25200,"Taman Aneka Jaya"
6,25200,"Taman Astana View"
6,25200,"Taman Beirut"
6,25200,"Taman Bukit Setongkol"
6,25200,"Taman Bukit Ubi"
6,25200,"Taman Bukit Ubi Jaya"
6,25200,"Taman Cahaya (Kampung Jawa)"
6,25200,"Taman Cenderawasih"
6,25200,"Taman Cenderawasih Baru"
6,25200,"Taman Cenderawasih Indah"
6,25200,"Taman Chung Chin"
6,25200,"Taman Dahlia (Bukit Setongkol)"
6,25200,"Taman Desa Cahaya"
6,25200,"Taman Desa Jawa (Kampung Tengah)"
6,25200,"Taman Desa Jaya"
6,25200,"Taman Desa Samudra"
6,25200,"Taman Desa Teratai"
6,25200,"Taman Fairmont"
6,25200,"Taman Haji Junid"
6,25200,"Taman Idaman"
6,25200,"Taman Impian Ku"
6,25200,"Taman Indera Mahkota"
6,25200,"Taman Indera Mahkota 5"
6,25200,"Taman Indera Mahkota Jaya"
6,25200,"Taman Irama"
6,25200,"Taman Jasmin"
6,25200,"Taman Kampung Jawa"
6,25200,"Taman Kampung Padang Jaya"
6,25200,"Taman Kampung Padang Permai"
6,25200,"Taman Kampung Padang Sejahtera"
6,25200,"Taman Kota Ria"
6,25200,"Taman LKNP (Bukit Setongkol)"
6,25200,"Taman LKNP Sekilau Maju"
6,25200,"Taman Madu"
6,25200,"Taman Mahkota"
6,25200,"Taman Mahkota Idaman"
6,25200,"Taman Mahkota Perdana"
6,25200,"Taman Maju Jaya"
6,25200,"Taman Mega Gold"
6,25200,"Taman Muhibbah"
6,25200,"Taman Num Chun"
6,25200,"Taman Padang Jaya"
6,25200,"Taman Padang Perdana"
6,25200,"Taman Paya Tiga"
6,25200,"Taman Perdana"
6,25200,"Taman Polo"
6,25200,"Taman Rose"
6,25200,"Taman Salmah"
6,25200,"Taman Sekilau"
6,25200,"Taman Sekilau Maju"
6,25200,"Taman Sekilau Makmur"
6,25200,"Taman Sekilau Mewah"
6,25200,"Taman Sekilau Perdana"
6,25200,"Taman Seri Berlian"
6,25200,"Taman Seri Setongkol"
6,25200,"Taman Setongkol"
6,25200,"Taman Setongkol Baru"
6,25200,"Taman Setongkol Jaya"
6,25200,"Taman Sinar"
6,25200,"Taman Singa Mas"
6,25200,"Taman Sri Setongkol"
6,25200,"Taman Stongkol Perdana"
6,25200,"Taman Sungai Charu"
6,25200,"Taman Sungai Karas"
6,25200,"Taman Tiram Jaya"
6,25200,"Taman Tanjong Pasir"
6,25200,"Taman Tas Mahkota"
6,25200,"Taman Tunas Makmur"
6,25200,"Taman Utama"
6,25250,"Alor Akar A"
6,25250,Belatuk
6,25250,"Galing Besar"
6,25250,"Jalan Alor Akar"
6,25250,"Jalan Baserah"
6,25250,"Jalan Belatok"
6,25250,"Jalan Beserah"
6,25250,"Jalan Dato Bahaman"
6,25250,"Jalan Galing"
6,25250,"Jalan Kubang Buaya"
6,25250,"Jalan Murai"
6,25250,"Jalan Pandan"
6,25250,"Jalan Serai"
6,25250,"Jalan Survey Qts"
6,25250,"Lembaga Tembakau Negara"
6,25250,"Lorong Alor Akar 3"
6,25250,"Lorong Alor Akar 6"
6,25250,"Lorong Alor Akar 79"
6,25250,"Lorong Alur Akar 31"
6,25250,"Lorong Kubang Buaya"
6,25250,"Lorong Kubang Buaya 36"
6,25250,"Lorong Serai"
6,25250,"Lorong Seri Kuantan 15"
6,25250,"Lorong Seri Kuantan 80"
6,25250,"Lorong Seri Kuantan 82"
6,25250,"Perkampungan Alor Akar"
6,25250,"Perumahan Galing"
6,25250,"Perumahan Pasifik"
6,25250,"Perumahan Pelindung"
6,25250,"Perumahan Seri Kuantan"
6,25250,"Seng Heng Garden"
6,25250,"Survey Quarters"
6,25250,"Taman Ah Heng"
6,25250,"Taman Alfa Indah"
6,25250,"Taman Alor Akar"
6,25250,"Taman Alor Akar Indah"
6,25250,"Taman Aman"
6,25250,"Taman Bahagia"
6,25250,"Taman Bak Siah"
6,25250,"Taman Baru (Jalan Taman Bee)"
6,25250,"Taman Bashah Jaya"
6,25250,"Taman Bee"
6,25250,"Taman Beserah Jaya"
6,25250,"Taman Bumi Raya"
6,25250,"Taman Bunga Raya"
6,25250,"Taman Damai"
6,25250,"Taman East Coast"
6,25250,"Taman East Dragon"
6,25250,"Taman Emerald"
6,25250,"Taman Fock Wah"
6,25250,"Taman Galing Park"
6,25250,"Taman Goh"
6,25250,"Taman Happy"
6,25250,"Taman Hasfa"
6,25250,"Taman Hasfa Tunas"
6,25250,"Taman Hasta Tunas"
6,25250,"Taman Intan"
6,25250,"Taman Jalan Galing"
6,25250,"Taman Kuan San"
6,25250,"Taman Kuantan"
6,25250,"Taman Kubang Buaya"
6,25250,"Taman Kwong Sang"
6,25250,"Taman Lee Choon"
6,25250,"Taman Maju"
6,25250,"Taman Mariamah"
6,25250,"Taman Mas"
6,25250,"Taman Mayfair"
6,25250,"Taman Metro"
6,25250,"Taman Mewah"
6,25250,"Taman Midah"
6,25250,"Taman Mutiara"
6,25250,"Taman Onn Loke"
6,25250,"Taman Orkid"
6,25250,"Taman Paramount"
6,25250,"Taman Peng On"
6,25250,"Taman River View"
6,25250,"Taman Ruby"
6,25250,"Taman Saujana"
6,25250,"Taman Sea View"
6,25250,"Taman Seng Heng"
6,25250,"Taman Serai"
6,25250,"Taman Seri Kuantan"
6,25250,"Taman Seri Lempah"
6,25250,"Taman Sri Pelangi"
6,25250,"Taman Sun Foon"
6,25250,"Taman Sungai Karas"
6,25250,"Taman Suria"
6,25250,"Taman Timur"
6,25250,"Taman Tiong"
6,25300,"Alor Akar  B"
6,25300,"Hutan Setali"
6,25300,"Jalan Air Putih (1 - 5)"
6,25300,"Jalan Beserah"
6,25300,"Jalan Chan Loon Compound"
6,25300,"Jalan Haji Ahmad (1 - 7)"
6,25300,"Jalan Haji Ahmad 10"
6,25300,"Jalan Hutan Setali"
6,25300,"Jalan Lim Hoe Lek 1"
6,25300,"Jalan Pelanduk"
6,25300,"Jalan Putra Square"
6,25300,"Jalan Tun Ismail 1"
6,25300,"Jalan Tun Ismail 10"
6,25300,"Kampung Air Puteh"
6,25300,"Kampung Alor Akar"
6,25300,"Kampung Cina"
6,25300,"Kampung Galing Besar"
6,25300,"Kampung Galing Camp"
6,25300,"Kampung Jalan Hutan Setali"
6,25300,"Kampung Lapang Besar"
6,25300,"Kampung Setali"
6,25300,"Lorong 1 - 8 (Taman Imbi)"
6,25300,"Lorong Air Putih (1 - 131)"
6,25300,"Lorong Air Putih 115"
6,25300,"Lorong Bayan 14"
6,25300,"Lorong Bayan 3"
6,25300,"Lorong Galing"
6,25300,"Lorong Galing 23"
6,25300,"Lorong Galing 27"
6,25300,"Lorong Galing 29"
6,25300,"Lorong Galing 50"
6,25300,"Lorong Galing 9"
6,25300,"Lorong Gemilang"
6,25300,"Lorong Haji Ahmad (1 - 2)"
6,25300,"Lorong Melor"
6,25300,"Lorong Puyu (1 - 11)"
6,25300,"Lorong Sekilau"
6,25300,"Lorong Sekilau 63"
6,25300,"Lorong Seri Setali 105"
6,25300,"Lorong Seri Setali 89"
6,25300,"Lorong Serindit (1 - 111)"
6,25300,"Lorong Tok Sira"
6,25300,"Lorong Tun Ismail (8 - 12)"
6,25300,"Markas Briged Tenggara PPH"
6,25300,"Perkampungan Air Putih"
6,25300,"Perkampungan Galing"
6,25300,"Perkampungan Sekilau"
6,25300,"Perumahan Bukit Sekilau"
6,25300,"Perumahan Sekilau"
6,25300,"Putra Square"
6,25300,"Taman Air Puteh Maju"
6,25300,"Taman Air Putih"
6,25300,"Taman Anda"
6,25300,"Taman Anggerik Desa"
6,25300,"Taman Angkasa"
6,25300,"Taman Angsa"
6,25300,"Taman Asia"
6,25300,"Taman Baru (Jalan Ayer Puteh)"
6,25300,"Taman Berjaya"
6,25300,"Taman Berlian"
6,25300,"Taman Bersekutu"
6,25300,"Taman Beserah"
6,25300,"Taman Cahaya (Bukit Galing)"
6,25300,"Taman Cahaya Timur"
6,25300,"Taman Chia"
6,25300,"Taman City"
6,25300,"Taman Desa Anggerik"
6,25300,"Taman Galing"
6,25300,"Taman Gaya"
6,25300,"Taman Gembira"
6,25300,"Taman Harapan"
6,25300,"Taman Hong Seng"
6,25300,"Taman Imbi"
6,25300,"Taman Indah"
6,25300,"Taman Indera"
6,25300,"Taman Ipoh"
6,25300,"Taman Jubli"
6,25300,"Taman Kim Leng"
6,25300,"Taman Klasik"
6,25300,"Taman Kuantan Jaya"
6,25300,"Taman Kurnia"
6,25300,"Taman LKNP (Jalan Beserah)"
6,25300,"Taman Mahawangsa"
6,25300,"Taman MCA"
6,25300,"Taman MCA Satu"
6,25300,"Taman Megah Jaya"
6,25300,"Taman Megah Ria"
6,25300,"Taman Mirama"
6,25300,"Taman Multiplier"
6,25300,"Taman Pacific"
6,25300,"Taman Pauline"
6,25300,"Taman Peninsular"
6,25300,"Taman Peninsular Court"
6,25300,"Taman Peninsular Jaya"
6,25300,"Taman Pertama"
6,25300,"Taman Puyu"
6,25300,"Taman Rasa Sayang"
6,25300,"Taman Seri Galing"
6,25300,"Taman Seri Pelandok"
6,25300,"Taman Seri Tahan"
6,25300,"Taman Serindit"
6,25300,"Taman Setali"
6,25300,"Taman Setali Indah"
6,25300,"Taman Setali Maju"
6,25300,"Taman Setali Wangsa"
6,25300,"Taman Siok Thong"
6,25300,"Taman Sumber Mewah"
6,25300,"Taman Suraya"
6,25300,"Taman Tab"
6,25300,"Taman Tahan"
6,25300,"Taman Tunas"
6,25300,"Taman Tunas Jaya"
6,25300,"Taman Union"
6,25350,"Estate Semambu"
6,25350,"Jalan Air Putih"
6,25350,"Jalan Industri Semambu"
6,25350,"Jalan Jabor"
6,25350,"Jalan Pelindung Beserah"
6,25350,"Jalan Semambu"
6,25350,"Jalan Sri Setali"
6,25350,"Kampung Cina Semambu"
6,25350,"Kawasan Perusahaan Semambu"
6,25350,"Loji Air Semambu"
6,25350,"Lorong Air Putih (115 - 119)"
6,25350,"Lorong Air Putih 100"
6,25350,"Lorong Dato rashid"
6,25350,"Lorong Galing (129 - 148)"
6,25350,"Lorong Industri"
6,25350,"Lorong Semambu Baru"
6,25350,"Lorong Setaling (114 - 121)"
6,25350,"Lorong Sri Setali"
6,25350,"Maktab Perguruan Tengku Ampuan Afzan"
6,25350,"Perkampungan Air Putih"
6,25350,"Perkampungan Semambu Baru"
6,25350,"Perumahan Murah Semambu"
6,25350,"Politeknik Kuantan"
6,25350,"Politeknik Sultan Ahmad Shah (Polisas)"
6,25350,Semambu
6,25350,"Taman Aneka Jaya (Semambu)"
6,25350,"Taman Bersatu"
6,25350,"Taman Cempaka"
6,25350,"Taman Dato Rashid"
6,25350,"Taman Desa"
6,25350,"Taman Fong Seong"
6,25350,"Taman Jalan Semambu"
6,25350,"Taman LKNP Semambu PT I"
6,25350,"Taman Paka"
6,25350,"Taman Rimau"
6,25350,"Taman Sekilau Maju (Jalan Air Puteh)"
6,25350,"Taman Semambu"
6,25350,"Taman Sentosa"
6,25350,"Taman Sentosa Baru"
6,25350,"Taman Serukun"
6,25350,"Taman Skyline"
6,25350,"Taman Sri Raya"
6,25350,"Taman Timur Raya"
6,25350,"Taman Tunas Jaya (PT 3)"
6,25350,"Taman Tunas Jaya (PT 5)"
6,25350,"Taman Tunas Manja"
6,25350,"Taman Union (1 - 2)"
6,25350,"Taman Wawasan"
6,25500,"DYMM Sultan Pahang"
6,25502,"YAB Menteri Besar Pahang"
6,25503,"Setiausaha Kerajaan Negeri"
6,25504,"Biro Bantuan Guaman"
6,25505,"Biro Pengaduan Awam"
6,25506,"Mahkamah Tinggi"
6,25508,"Amanah Raya Berhad"
6,25509,"Pegawai Kemajuan Negeri"
6,25512,"Penasihat Undang-Undang Negeri"
6,25514,"Jabatan Perangkaan"
6,25516,"Jabatan Pemegang Harta"
6,25517,"Jabatan Perpaduan Negara"
6,25518,"Ketua Audit Negeri"
6,25520,"Suruhanjaya Perkhidmatan Awam"
6,25524,"Setiausaha Keselamatan Negeri"
6,25529,"Unit Penyelidikan Sosio Ekonomi"
6,25532,"Jabatan Sumber Manusia"
6,25534,"Jabatan Kilang & Jentera"
6,25536,"Jabatan Perhubungan Perusahaan"
6,25538,"Jabatan Keselamatan Sosial (Perkeso)"
6,25540,"Jabatan Tenaga Rakyat"
6,25546,"Pejabat Rela Negeri"
6,25548,"Jabatan Hal Ehwal Orang Asli"
6,25550,"Jabatan Imigresen"
6,25551,"Jabatan Pendaftaran Negara"
6,25552,"Jabatan Pendaftar Pertubuhan"
6,25556,"Jabatan Pertahanan Awam"
6,25558,"Jabatan Penjara"
6,25560,"Ketua Polis Negeri"
6,25564,"Jabatan Kebajikan Masyarakat"
6,25570,"Jabatan Belia Dan Sukan"
6,25576,"Jabatan Tanah Dan Galian"
6,25578,"Jabatan Ukur & Pemetaan"
6,25582,"Jabatan Kerja Raya"
6,25584,"Jabatan Kawalan Penyakit"
6,25586,"Hospital Kuantan"
6,25590,"Jabatan Kesihatan"
6,25592,"Jabatan Penilaian Harta"
6,25592,"Pegawai Kewangan Negeri"
6,25594,"Akauntan Negeri"
6,25596,"Jabatan Kastam & Eksais Di Raja"
6,25598,"Kumpulan Wang Simpanan Pekerja"
6,25600,"Lembaga Hasil Dalam Negeri"
6,25604,"Jabatan Pendidikan"
6,25604,"Jemaah Nazir Sekolah"
6,25606,"Jabatan Kemajuan Masyarakat (Kemas)"
6,25608,"Jabatan Pembangunan Koperasi"
6,25609,"Pejabat Mara Negeri"
6,25610,"Bahagian Pelesenan - Kementerian Penerangan"
6,25612,"Jabatan Penerangan"
6,25614,"Jabatan Penyiaran"
6,25620,"Jabatan Pengangkutan Jalan"
6,25622,"Jabatan Pendaftar Perniagaan"
6,25622,"Pejabat Unit Matrik"
6,25622,"Penguatkuasa Kem Perdagangan Dalam Negeri"
6,25626,"Jabatan Pengairan Dan Saliran"
6,25628,"Jabatan Perikanan"
6,25630,"Jabatan Haiwan"
6,25632,"Jabatan Pertanian"
6,25644,"Majlis Perbandaran Kuantan"
6,25646,"Jabatan Perancang Bandar Dan Desa"
6,25648,"Jabatan Bomba & Penyelamat"
6,25656,"Jabatan Galian Wilayah Timur"
6,25660,"Jabatan Perhutanan"
6,25661,"Padi & Beras Nasional (Bernas)"
6,25662,"Jabatan Alam Sekitar Wilayah Timur"
6,25662,"Jabatan Kajicuaca"
6,25662,"Jabatan Kimia"
6,25670,"Pos Malaysia Berhad"
6,25672,"Telekom Malaysia Berhad"
6,25673,"Tenaga Nasional Berhad"
6,25674,"Perbadanan Kemajuan Negeri Pahang"
6,25676,"Jabatan Agama Islam Pahang"
6,25690,"Suruhanjaya Pilihanraya Negeri"
6,25700,"Kuantan - Peti surat   1 - 80"
6,25710,"Kuantan - Peti surat  81 - 160"
6,25720,"Kuantan - Peti surat 161 - 240"
6,25730,"Kuantan - Peti surat 241 - 320"
6,25740,"Kuantan - Peti surat 321 - 400"
6,25750,"Kuantan - Peti surat 401 & ke atas"
6,25990,"Badan Pencegah Rasuah"
6,25990,"Kuantan - Beg berkunci"
6,25990,"Markas Divisyen Kem Batu 10"
6,26010,"Felda Sungai Panching Selatan"
6,26010,"Markas Wilayah Laut (TLDM)"
6,26040,"Felda Sungai Panching Timur"
6,26040,"Felda Sungai Panching Utara"
6,26050,"Bukit Goh"
6,26050,"Bukit Goh Perdana (1 - 12)"
6,26050,"Bukit Sagu 1"
6,26050,"Jalan Aman"
6,26050,"Jalan Cempaka"
6,26050,"Jalan Cengal"
6,26050,"Jalan Damai"
6,26050,"Jalan Kektus"
6,26050,"Jalan Kekwa"
6,26050,"Jalan Kenanga"
6,26050,"Jalan Kubur"
6,26050,"Jalan Masjid"
6,26050,"Jalan Mawar"
6,26050,"Jalan Melor"
6,26050,"Jalan Murai"
6,26050,"Jalan Ros"
6,26050,"Jalan Sega"
6,26050,"Jalan Serai"
6,26050,"Jalan Seroja"
6,26050,"Jalan Teratai"
6,26050,"Jalan Tok Janggut"
6,26050,"Lorong Muhamad"
6,26050,"Perk. RTP Bukit Goh"
6,26050,"Perkampungan Tanah Pemuda"
6,26050,"Pertanian Komuniti"
6,26050,"Perumahan Bukit Goh Perdana"
6,26050,"Simpang 3 RTP"
6,26060,"Astaka Village"
6,26060,"Bandar Kuantan Putri"
6,26060,"Bandar Putra"
6,26060,"Bandar Putra Peramu"
6,26060,"Jalan Haji Wok (Tanjung Lumpur)"
6,26060,"Jalan Kempadang - Soi"
6,26060,"Jalan Masjid (Tanjung Lumpur)"
6,26060,"Jalan Razali (Tanjung Lumpur)"
6,26060,"Jalan Tanjong Lumpur"
6,26060,"Jalan Teluk Baharu 2"
6,26060,"Jalan Tok Guru (Tanjung Lumpur)"
6,26060,"Kampung Anak Air"
6,26060,"Kampung Baharu Tanjung Lumpur"
6,26060,"Kampung Banjir"
6,26060,"Kampung Chempaka (Kuala Penor)"
6,26060,"Kampung Kempadang"
6,26060,"Kampung Kuala Penor"
6,26060,"Kampung Nelayan"
6,26060,"Kampung Orang Asli (Batu 9 Jalan Pekan)"
6,26060,"Kampung Pahang"
6,26060,"Kampung Pahang Sol"
6,26060,"Kampung Pak Mahat"
6,26060,"Kampung Penor"
6,26060,"Kampung Peramu"
6,26060,"Kampung Peramu Hilir"
6,26060,"Kampung Peramu Hulu"
6,26060,"Kampung Sepat"
6,26060,"Kampung Seri Melati"
6,26060,"Kampung Sri Melati"
6,26060,"Kampung Sungai Derhaka"
6,26060,"Kampung Sungai Dua"
6,26060,"Kampung Sungai Soi"
6,26060,"Kampung Tanjong Lumpor"
6,26060,"Kampung Telok Baharu"
6,26060,"Lorong Alor Gajah (1 - 2)"
6,26060,"Lorong Alor Kangkong"
6,26060,"Lorong Berjaya Permai 1"
6,26060,"Lorong BKP 26"
6,26060,"Lorong Cempaka (1 - 6)"
6,26060,"Lorong Cempaka 4/9"
6,26060,"Lorong Haji Ariffin"
6,26060,"Lorong I S 44"
6,26060,"Lorong Kampung Sungai Deraka 4"
6,26060,"Lorong Kampung Sungai Deraka 4"
6,26060,"Lorong Kempadang Aman (83 - 85)"
6,26060,"Lorong Kempadang Jaya 1/2"
6,26060,"Lorong Kempadang Jaya 3"
6,26060,"Lorong Kempadang Maju 11"
6,26060,"Lorong Kempadang Maju 3"
6,26060,"Lorong Kempadang Makmur 1/17"
6,26060,"Lorong Kempadang Makmur 62"
6,26060,"Lorong Kempadang Perdana 23"
6,26060,"Lorong Kempadang Perdana 3/1"
6,26060,"Lorong Kempadang Sejahtera 2"
6,26060,"Lorong Kempadang Setia 4"
6,26060,"Lorong Melor (Kampung Kempadang)"
6,26060,"Lorong Meranti"
6,26060,"Lorong Pak Mahat"
6,26060,"Lorong Penor Aman"
6,26060,"Lorong Peramu Baru"
6,26060,"Lorong Peramu Maju (1 - 12)"
6,26060,"Lorong Permai 1"
6,26060,"Lorong Permatang Cengal (Sungai Soi)"
6,26060,"Lorong Permatang Gaharu Baru 1"
6,26060,"Lorong Permatang Gharu (Kampung Kem)"
6,26060,"Lorong Permatang Limau (Sungai Soi)"
6,26060,"Lorong Permatang Peria (Sungai Soi)"
6,26060,"Lorong Permatang Ubi (Sungai Soi)"
6,26060,"Lorong Promenade Villa 6"
6,26060,"Lorong Rusa (Kampung Kempadang)"
6,26060,"Lorong Sri Inderapura 60"
6,26060,"Lorong Sungai Soi Baru 17"
6,26060,"Lorong Sungai Soi Baru 21"
6,26060,"Lorong Sungai Soi Baru 6"
6,26060,"Lorong Sungai Soi Jaya 10"
6,26060,"Lorong Sungai Soi Jaya 18"
6,26060,"Lorong Sungai Soi Jaya 2"
6,26060,"Peramu Hilir"
6,26060,"Peramu Maju"
6,26060,"Perkampungan Cempaka"
6,26060,"Perkampungan Kempadang Aman"
6,26060,"Perkampungan Kempadang Maju"
6,26060,"Perkampungan Kempadang Makmur"
6,26060,"Perkampungan Kempadang Perdana"
6,26060,"Perkampungan Kempadang Utama 1"
6,26060,"PerKampungan Orang Asli"
6,26060,"Perkampungan Penor Aman"
6,26060,"Perkampungan Peramu Baru"
6,26060,"Perkampungan Peramu Maju"
6,26060,"Perkampungan Soi Baru"
6,26060,"Perkampungan Sungai Deraka"
6,26060,"Perkampungan Sungai Soi Baru"
6,26060,"Perkampungan Sungai Soi Jaya"
6,26060,"Perkampungan Teluk Baharu"
6,26060,"Permatang Gaharu"
6,26060,"Perumahan Anak Air"
6,26060,"Perumahan Berjaya Permai"
6,26060,"Perumahan Kempadang Damai"
6,26060,"Perumahan Kempadang Jaya"
6,26060,"Perumahan Kempadang Makmur"
6,26060,"Perumahan Sepat Aman"
6,26060,"Perumahan Sungai Derhaka"
6,26060,"Taman Ashikan Bayu"
6,26060,"Taman Astaka Village"
6,26060,"Taman bandar Putri"
6,26060,"Taman Berjaya Permai"
6,26060,"Taman Desa Bistari"
6,26060,"Taman Kempadang Jaya"
6,26060,"Taman Padang Sungai Soi"
6,26060,"Taman Penor Jaya"
6,26060,"Taman Prima Bayu"
6,26060,"Taman Prima Jaya"
6,26060,"Taman Promenade"
6,26060,"Taman RRM Kempadang Perdana"
6,26060,"Taman RRM Peramu"
6,26060,"Tanjung Lumpor"
6,26060,"Yayasan Pahang"
6,26070,"Kampung Batu 11"
6,26070,"Kampung Cina (Kuantan)"
6,26070,"Kampung Jaya Gading"
6,26070,"Kampung Mahkota"
6,26070,"Kampung Pandan Dua"
6,26070,"Kampung Pandan Perdana 1"
6,26070,"Kampung Pandan Satu"
6,26070,"Kampung Seri Damai"
6,26070,"Kampung Sri Damai"
6,26070,"Lorong Melor"
6,26070,"Lorong Pandan Perdana 1"
6,26070,"Lorong Pandan Perdana 1/10"
6,26070,"Lorong Pandan Perdana 1/23"
6,26070,"Lorong Pandan Perdana 4"
6,26070,"Lorong Pandan Perdana 6/3"
6,26070,"Lorong Pandan Sejahtera 2/1"
6,26070,"Lorong Pandan Sejahtera 2/4"
6,26070,"Lorong Seri Mahkota Aman 32"
6,26070,"Lorong Seri Mahkota Permai"
6,26070,"Lorong Seri Mahkota Ria 1"
6,26070,"Perkampungan Pandan Indah"
6,26070,"Perkampungan Pandan Jaya"
6,26070,"Perkampungan Pandan Perdana"
6,26070,"Perkampungan Pandan Sejahtera"
6,26070,"Perkampungan Pandan Sejahtera"
6,26070,"Perkampungan Seri Mahkota Aman"
6,26070,"Perkampungan Seri Mahkota Permai"
6,26070,"Perumahan Pandan Aman"
6,26070,"Perumahan Pandan Damai 1"
6,26070,"Perumahan Pandan Perdana"
6,26070,"Perumahan Pandan Perdana 1"
6,26070,"Perumahan Seri Damai Indah"
6,26070,"Taman Aneka Jaya"
6,26070,"Taman Mahkota Aman"
6,26070,"Taman Mahkota Jaya"
6,26070,"Taman Mahkota Makmur"
6,26070,"Taman Mahkota Permai"
6,26070,"Taman Pandan Damai 1"
6,26070,"Taman Pandan Perdana 2"
6,26070,"Taman Pandan Sejahtera 1"
6,26070,"Taman Perdana"
6,26070,"Taman Sri Gading"
6,26070,"Taman Sri Ku"
6,26070,"Taman Sri Mahkota"
6,26070,"Telok Baru"
6,26080,Balok
6,26080,"Balok Perdana"
6,26080,"Bandar Baru Gebeng"
6,26080,Cherating
6,26080,"Jalan Aspa"
6,26080,"Jalan Balok Baru"
6,26080,"Jalan Gebeng 1/24"
6,26080,"Jalan Kuantan - By Pass"
6,26080,"Jalan Kuantan - Kemaman"
6,26080,"Kampung Baging"
6,26080,"Kampung Baharu Sungai Ular"
6,26080,"Kampung Baru Cherating"
6,26080,"Kampung Batu 20"
6,26080,"Kampung Batu Palas"
6,26080,"Kampung Chengal Lempong"
6,26080,"Kampung Darat Sungai Ular"
6,26080,"Kampung Kubang Ikan"
6,26080,"Kampung Melayu (Jabor)"
6,26080,"Kampung Seberang Sungai Ular"
6,26080,"Kampung Selamat"
6,26080,"Kampung Sungai Baging"
6,26080,"Kawasan Perindustrian Gebeng"
6,26080,"Lorong Balok Baru"
6,26080,"Lorong Balok Makmur"
6,26080,"Lorong Balok Perdana 3/4"
6,26080,"Lorong Balok Perdana 4/1"
6,26080,"Lorong Chendur Baru 4"
6,26080,"Lorong Chendur Makmur"
6,26080,"Lorong Sg. Karang Darat"
6,26080,"Pelabuhan Kuantan"
6,26080,"Perkampungan Balok Makmur"
6,26080,"Perkampungan Balok Perdana 4"
6,26080,"Perkampungan Balok Samudera"
6,26080,"Perkampungan Chendor Aman"
6,26080,"Perkampungan Seberang Balok"
6,26080,"Perkampungan Sungai Ular Damai"
6,26080,"Perkampungan Sungai Ular Jaya"
6,26080,"Perkampungan Sungai Ular Perdana"
6,26080,"Sungai Ular"
6,26080,"Taman Balok Aman"
6,26080,"Taman Balok Baru"
6,26080,"Taman Balok Makmur"
6,26080,"Taman Balok Ria"
6,26080,"Taman Beserah Permai"
6,26080,"Taman Chendor Baru"
6,26080,"Taman Desa Aspa"
6,26080,"Taman Samudera"
6,26080,"Lorong Seberang Balok 3/2"
6,26080,"Perumahan Cherating Perdana"
6,26080,"Perumahan Sungai Baging 1"
6,26080,"Perumahan Sungai Ular Jaya"
6,26080,"Taman Seberang Balok"
6,26090,"Kampung Baru Ah Tong"
6,26090,"Kampung Bukit Batu"
6,26090,"Kampung Bukit Danau"
6,26090,"Kampung Charas (Panching)"
6,26090,"Kampung Danang (Panching)"
6,26090,"Kampung Gajah Mati (Panching)"
6,26090,"Kampung Kolek"
6,26090,"Kampung Kuala Reman"
6,26090,"Kampung Machang (Panching)"
6,26090,"Kampung Panching"
6,26090,"Kampung Pasir Kemudi"
6,26090,"Kampung Sungai Batu"
6,26090,"Kampung Sungai Durian (Panching)"
6,26090,"Kampung Tanjung Pasir"
6,26090,"Lorong Belida"
6,26090,"Lorong Jelawat"
6,26090,"Lorong Kelah"
6,26090,"Lorong Kelisa"
6,26090,"Lorong Sebarau"
6,26090,Panching
6,26090,"R.R.M Panching"
6,26090,"R.T.P Bukit Mabuk"
6,26090,"Simpang Koran Panching"
6,26090,"Simpang Tiga Bukit Goh"
6,26090,"Taman TLDM"
6,26100,"Batu Hitam Beserah"
6,26100,"Jalan Balok Jaya"
6,26100,"Kampung Balok"
6,26100,"Lorong Balok Jaya"
6,26100,"Lorong Balok Permai 6"
6,26100,"Lorong Balok Sejahtera"
6,26100,"Lorong Bandar Damansara"
6,26100,"Lorong Chengal lempong Baru 28"
6,26100,"Lorong Sungai Karang Damai (90 - 93)"
6,26100,"Lorong Sungai Karang Damai 34"
6,26100,"Lorong Sungai Karang Darat (9 - 10)"
6,26100,"Lorong Sungai Karang Darat 105"
6,26100,"Lorong Sungai Karang Darat 51"
6,26100,"Lorong Sungai Karang Darat Jaya 9"
6,26100,"Lorong Sungai Karang Jaya 7"
6,26100,"Lorong Sungai Karang Jaya 8"
6,26100,"Lorong Sungai Karang Maju 6"
6,26100,"Perkampungan Balok Permai"
6,26100,"Perkampungan Chengal Lempong Baru"
6,26100,"Perkampungan Sungai Karang Damai"
6,26100,"Perkampungan Sungai Karang Darat"
6,26100,"Perkampungan Sungai Karang Darat Jaya"
6,26100,"Perkampungan Sungai Karang Jaya"
6,26100,"Perkampungan Sungai Karang Mesra"
6,26100,"Sungai Karang Darat"
6,26100,"Sungai Karang Pantai"
6,26100,"Taman Balok Cahaya"
6,26100,"Taman Balok Darat"
6,26100,"Taman Balok Fajar"
6,26100,"Taman Balok Jaya 1 & 2"
6,26100,"Taman Balok Maju"
6,26100,"Taman Balok Permai"
6,26100,"Taman Batu Hitam"
6,26100,"Taman Chendor Perdana"
6,26100,"Taman Chengal Lempong Damai"
6,26100,"Taman Gelugor 10"
6,26100,"Taman Jariah"
6,26100,"Taman Mutiara Perdana"
6,26100,"Taman Sungai Karang Maju"
6,26100,"Taman Sungai Ular Jaya"
6,26100,"Bandar Damansara Kuantan"
6,26100,Beserah
6,26100,"Bukit Kuin Dua"
6,26100,"Jalan Bandar Damansara"
6,26100,"Jalan Kampung Alor Ladang"
6,26100,"Jalan Kuantan - Kemaman"
6,26100,"Jalan Pantai Batu Hitam"
6,26100,"Jalan Pelindung Bayu"
6,26100,"Jalan Pelindung Maju 1"
6,26100,"Kampung Alor Ladang"
6,26100,"Kampung Alor Tuan Haji"
6,26100,"Kampung Baru, Beserah"
6,26100,"Kampung Batu Hitam"
6,26100,"Kampung Bugis"
6,26100,"Kampung Bukit Gelugur"
6,26100,"Kampung Chendor"
6,26100,"Kampung Chetty"
6,26100,"Kampung Darat"
6,26100,"Kampung Darat Sekolah"
6,26100,"Kampung Jambu"
6,26100,"Kampung Jeram"
6,26100,"Kampung Kubor"
6,26100,"Kampung Masjid"
6,26100,"Kampung Pantai"
6,26100,"Kampung Pantai Sungai Karang"
6,26100,"Kampung Pasir Garam"
6,26100,"Kampung Pelindong"
6,26100,"Kampung Pelindong Tasik"
6,26100,"Kampung Rumbia"
6,26100,"Kampung Simpang Kemaman"
6,26100,"Kampung Tuan"
6,26100,"Lorong Alor Ladang 41"
6,26100,"Lorong Batu Hitam 58"
6,26100,"Lorong Beserah Ria 43"
6,26100,"Lorong Bukit Gelugor 9"
6,26100,"Lorong Bukit Gelugur 13"
6,26100,"Lorong Chengal Lempong"
6,26100,"Lorong Kampung Bugis"
6,26100,"Lorong Kampung Jeram 3"
6,26100,"Lorong Pelindung 24"
6,26100,"Lorong Pelindung Damai 30"
6,26100,"Lorong Pelindung Maju"
6,26100,"Lorong Pelindung Perdana 6"
6,26100,"Lorong Pelindung Perdana 7"
6,26100,"Perkampungan Batu Hitam"
6,26100,"Perkampungan Beserah Ria"
6,26100,"Perkampungan Cengal Lempong"
6,26100,"Perkampungan Jeram"
6,26100,"Perkampungan Pelindung Damai"
6,26100,"Perkampungan Pelindung Maju"
6,26100,"Perkampungan Pelindung Perdana"
6,26100,"Perkampungan Taman Beserah"
6,26100,"Perumahan Beserah Ria"
6,26100,"Perumahan Sungai Karang Darat"
6,26100,"Perumahan Pelindung"
6,26100,"Perumahan Pelindung Jaya"
6,26100,"Perumahan Pelindung Maju"
6,26100,"Pusat Komersil Chendor"
6,26100,"RRM Batu Hitam (Beserah)"
6,26100,"Sungai Karang Batu 9"
6,26100,"Taman Balok Sejahtera"
6,26100,"Taman Pelindong Bayu"
6,26100,"Taman Pelindong Damai"
6,26100,"Taman Pelindong Indah"
6,26140,"Bukit Kuantan"
6,26150,Jabor
6,26150,"Kampung Alor Batu"
6,26170,"Kawasan Perindustrian Gebeng"
6,26180,"Bukit Kuin Satu"
6,26190,"Kampung Bahagia"
6,26200,"Batu Enam"
6,26200,"Bukit Pos"
6,26200,Jelihang
6,26200,"Jeram Batang"
6,26200,"Jeram Tekar"
6,26200,"Kampung Batu 4 1/2"
6,26200,"Kampung Batu 6"
6,26200,"Kampung Kawah"
6,26200,"Kampung Kolong Pahat"
6,26200,"Kampung Kuala Nadak"
6,26200,"Kampung Kuala Perong"
6,26200,"Kampung Melayu"
6,26200,"Kampung `Nyah"
6,26200,"Kampung Sungai Mas"
6,26200,"Kampung Tengah"
6,26200,Kolek
6,26200,"Kuala Kenau"
6,26200,"Ladang Enam"
6,26200,"Paddock Creek"
6,26200,Samaliang
6,26200,Seberang
6,26200,"Sungai Arang"
6,26200,"Sungai Blat"
6,26200,"Sungai Lembing"
6,26200,"Sungai Rimau"
6,26250,"Kampung Sungai Pelandok"
6,26300,"Arabian Bay Resort"
6,26300,"Bandar Gambang"
6,26300,"Jalan Bandar Gambang 24"
6,26300,"Jalan Bandar Gambang 25"
6,26300,"Jalan Besar Gambang"
6,26300,"Jalan Bukit Gambang Utama"
6,26300,"Jalan Gambang Makmur"
6,26300,"Pusat Komersial Bandar Gambang"
6,26300,"Pusat Komersial Bandar Gambang"
6,26300,"Sek 7 Bandar Gambang"
6,26300,"Sekolah Sukan Malaysia Pahang"
6,26300,"Sungai Panching Utara"
6,26300,"Taman Gambang Makmur"
6,26310,Gambang
6,26310,"Jalan Gambang Damai"
6,26310,"Jalan Gambang Damai (1 - 2)"
6,26310,"Lorong Gambang Damai (1 - 20)"
6,26310,"Perkampungan Gambang Damai"
6,26320,"Lepar Hilir"
6,26330,"Felda Lepar Hilir 2"
6,26340,"Felda Lepar Hilir 3"
6,26350,"Felda Lepar Hilir 4"
6,26360,"Felda Lepar Hilir 5"
6,26370,"Felda Lepar Hilir 6"
6,26400,"Bandar Pusat Jengka"
6,26400,"Felda Kesidang Jengka 8"
6,26400,"Felda Lepar Hilir 7"
6,26400,"Felda Mawar Jengka 10"
6,26400,"Felda Melati Jengka 11"
6,26400,"Felda Raya Jengka 14"
6,26400,"Felda Semarak Jengka 15"
6,26400,"Felda Sena Jengka 16"
6,26400,"Felda Seri Pagi Jengka 17"
6,26400,"Felda Seroja Jengka 18"
6,26400,"Felda Siantan Jengka 19"
6,26400,"Felda Tanjung Jengka 20"
6,26400,"Felda Teratai Jengka 21"
6,26400,"Jalan Besar (Matau)"
6,26400,"Kampung Paya Pamun"
6,26400,"Kawasan Perindustrian"
6,26400,"Ladang Chenor"
6,26400,"Lintasan Semarak"
6,26400,"Nadi Kota (Bandar)"
6,26400,"Perumahan Guru Jalan Ketengah"
6,26400,"PPTR Sungai Tekam"
6,26400,"Pusat  Penyelidikan Sungai Tekam"
6,26400,"Rantau Perintis"
6,26400,"Sungai Tekam"
6,26400,"Taman Desa Jaya 1"
6,26400,"Taman Desa Jaya 2"
6,26400,"Taman Impian Jalan Kilang"
6,26400,"UITM Cawangan Pahang"
6,26410,"Felda Keembong Jengka 6"
6,26420,"Felda Kenanga Jengka 7"
6,26420,"Felda Melor Jengka 12"
6,26430,"Felda Anggerik Jengka 1"
6,26430,"Felda Chempaka Jengka 2"
6,26430,"Felda Lepar Utara 4 & 5"
6,26430,"Felda Puteri Malu Jengka 13"
6,26430,"Felda Ulu Jempol"
6,26430,"Sungai Jerik"
6,26440,"Felda Dahlia Jengka 3"
6,26450,"Felda Jengka 24"
6,26450,"Felda Terkis Jengka 22"
6,26450,"Felda Tongkin Jengka 23"
6,26460,"Felda Jengka 25"
6,26460,"Felda Lepar Utara 1 & 2"
6,26485,"Felda Lepar Utara 10 & 12"
6,26485,"Peti Surat 10"
6,26485,"Peti Surat 12"
6,26485,"Peti Surat 20"
6,26485,"Peti Surat 50"
6,26485,"Peti Surat 55"
6,26485,"Peti Surat 61"
6,26485,"Peti Surat 65"
6,26485,"Peti Surat 66"
6,26485,"Peti Surat 69"
6,26485,"Peti Surat 7"
6,26490,"Peti Surat 74"
6,26500,Belimbing
6,26500,"Bukit Tajau"
6,26500,"Jengka 4"
6,26500,"Jengka 5"
6,26500,"Kampung Aur Gading"
6,26500,"Kampung Bakapor"
6,26500,"Kampung Baru Jara"
6,26500,"Kampung Berkat"
6,26500,"Kampung Gelugor"
6,26500,"Kampung Kuala Sentul"
6,26500,"Kampung Lembing"
6,26500,"Kampung Lubok Paku"
6,26500,"Kampung Megat"
6,26500,"Kampung New Zealand"
6,26500,"Kampung Paya Bungor"
6,26500,"Kampung Paya Mengkuang"
6,26500,"Kampung Paya Merbau"
6,26500,"Kampung Paya Pasir"
6,26500,"Kampung Paya Rambutan"
6,26500,"Kampung Semangat"
6,26500,"Kampung Senggora"
6,26500,"Kampung Sentosa"
6,26500,"Kampung Serangkam"
6,26500,"Kampung Seri Jaya"
6,26500,"Kampung Seri Makmur"
6,26500,"Kampung Sungai Bekelah"
6,26500,"Kampung Sungai Lepar"
6,26500,"Kampung Teras"
6,26500,"Kampung Ulu Luit"
6,26500,"Karung Berkunci"
6,26500,Lengkor
6,26500,Maran
6,26500,"Paya Bungor"
6,26500,"Perumahan Guru Berkat"
6,26500,"Perumahan Guru Sri Cendong"
6,26500,"RKT Bukit Tajau"
6,26500,"Simpang Chenor"
6,26500,"Sungai Kertam"
6,26500,"Taman Emas Sri Jaya"
6,26500,"Taman Hock Chu Sri Jaya"
6,26500,"Taman Maran Damai"
6,26500,"Taman Maran Impian"
6,26500,"Taman Maran Jaya"
6,26500,"Taman Sri Desa"
6,26500,"Taman Sri Jaya Indah"
6,26600,"Bandar Baru Peramu"
6,26600,"Jalan Ahmad"
6,26600,"Jalan Engku Muda Mansor"
6,26600,"Jalan Haji Arshah"
6,26600,"Jalan Haji Mandak"
6,26600,"Jalan Halimi"
6,26600,"Jalan Istana Abu Bakar"
6,26600,"Jalan Istana Permai"
6,26600,"Jalan Jambatan Padang Tembak"
6,26600,"Jalan Mahmud"
6,26600,"Jalan Masjid Abdullah"
6,26600,"Jalan Padang Tembak"
6,26600,"Jalan Sultan Abu Bakar"
6,26600,"Jalan Teng Que"
6,26600,"Jalan Tengku Arif Bendahara"
6,26600,"Jalan Tengku Besar Sulaiman"
6,26600,"Jalan Tok Tuan"
6,26600,"Kampung Alor Ara"
6,26600,"Kampung Baru Permatang Pauh"
6,26600,"Kampung Baru Tanah Puteh"
6,26600,"Kampung Batu 1 (Pekan Kuantan)"
6,26600,"Kampung Batu 9 (Pekan NenasI)"
6,26600,"Kampung Durian Sebatang"
6,26600,"Kampung Geylang"
6,26600,"Kampung Jalan Rompin  Lama"
6,26600,"Kampung Kelat Rendang"
6,26600,"Kampung Ketapang Hilir"
6,26600,"Kampung Ketapang Tengah"
6,26600,"Kampung Kolam Puteri"
6,26600,"Kampung Lepar Baru Tanah Puteh"
6,26600,"Kampung Maulana"
6,26600,"Kampung Mengkasar"
6,26600,"Kampung Padang Buloh"
6,26600,"Kampung Padang Manggis"
6,26600,"Kampung Padang Polo"
6,26600,"Kampung Panchor"
6,26600,"Kampung Parit Tengah"
6,26600,"Kampung Pelangkah"
6,26600,"Kampung Penadah"
6,26600,"Kampung Peramu"
6,26600,"Kampung Permatang Berangan"
6,26600,"Kampung Permatang Kledang"
6,26600,"Kampung Permatang Lembing"
6,26600,"Kampung Permatang Pauh"
6,26600,"Kampung Permatang Perawan"
6,26600,"Kampung Pulau Engku Muda"
6,26600,"Kampung Pulau Injin"
6,26600,"Kampung Pulau Jawa"
6,26600,"Kampung Pulau Serai"
6,26600,"Kampung Pulau Tambun"
6,26600,"Kampung Sekor"
6,26600,"Kampung Sekukoh"
6,26600,"Kampung Semantan Ulu"
6,26600,"Kampung Sungai Kalong"
6,26600,"Kampung Sungai Mat Dulang"
6,26600,"Kampung Sungai Miang"
6,26600,"Kampung Tanah Puteh"
6,26600,"Kampung Tanjong Agas"
6,26600,"Kampung Tanjung Agas"
6,26600,"Majlis Agama Islam  Pahang"
6,26600,"Pasir Panjang"
6,26600,Pekan
6,26600,"Pekan Lama"
6,26600,Peramu
6,26600,"Peramu Jaya"
6,26600,"Permatang Pasir"
6,26600,"Perumahan Shahbandar"
6,26600,"Pulau Keladi"
6,26600,"Taman LKNP Peramu"
6,26600,"Taman Maulana"
6,26600,"Taman Mentiga Jaya"
6,26600,"Taman Perdana Jaya"
6,26600,"Taman Pertama"
6,26600,"Taman Seri Aman"
6,26600,"Taman Seri Maulana"
6,26600,"Taman Seri Pekan"
6,26600,"Tanah Puteh"
6,26600,"Tanjong Medang"
6,26607,"Pekan - Peti surat"
6,26609,"Pekan - Beg berkunci"
6,26610,"Kampung Baharu Ubai"
6,26610,"Kampung Cherok Paloh"
6,26610,"Kampung Hijrah"
6,26610,"Kampung Permatang Che Hamid"
6,26610,"Kampung Permatang Gelugor"
6,26610,"Kampung Permatang Merbau"
6,26610,"Kampung Permatang Setongkol"
6,26610,"Kampung Tebing Tinggi"
6,26610,"Kampung Ubai"
6,26610,Merbau
6,26610,"Permatang Redan"
6,26620,"Kampung Benta"
6,26620,"Kampung Jambu Langgar"
6,26620,"Kampung Kerayong"
6,26620,"Kampung Lamir"
6,26620,"Kampung Langgar"
6,26620,"Kampung Pahang Tua"
6,26620,"Taman Seri Jambu"
6,26620,"Ubai Baru"
6,26630,"Kampung Ayer Lian"
6,26630,"Kampung Dato Keramat (Gancong)"
6,26630,"Kampung Ganchong"
6,26630,"Kampung Ganchong Tengah"
6,26630,"Kampung Ganchong Ulu"
6,26630,"Kampung Gancong Tengah"
6,26630,"Kampung Kiambang"
6,26630,"Kampung Kiambang Gancong"
6,26630,"Kampung Permatang Sileh"
6,26630,"Kampung Pulau Rusa"
6,26630,"Kampung Sawah"
6,26630,"Kampung Tanjong Batu"
6,26630,"Kampung Tanjong Rengas"
6,26630,"Kampung Telok"
6,26630,"Kampung Telok Hilir"
6,26630,"Permatang Lanjut"
6,26630,"Pulau Manis"
6,26630,"Tanjong Batu Gancong"
6,26640,"GanChong (Temai)"
6,26640,"Kampung Acheh"
6,26640,"Kampung Jarau"
6,26640,"Kampung Padang Rumbia"
6,26640,"Kampung Permatang Siput"
6,26640,"Kampung Pulau Manis"
6,26640,"Kampung Pulau Rumput"
6,26640,"Kampung Riti"
6,26640,"Kampung Tanjong Penyengat"
6,26640,"Kampung Temai"
6,26640,"Kampung Temai Hilir"
6,26640,"Kampung Temai Hulu"
6,26640,"Kampung Temai Tengah"
6,26640,"Sungai Ganchong (Batu 10)"
6,26650,"Ayer Hitam"
6,26650,"Batu Sawar"
6,26650,Benut
6,26650,"Kampung Batu Balik"
6,26650,"Kampung Bunut"
6,26650,"Kampung Mambang"
6,26650,"Kampung Melayu Sungai Duri"
6,26650,"Kampung Serambi"
6,26650,"Kampung Sungai Duri"
6,26650,"Kampung Tanjong Paloh Hinai"
6,26650,"Kampung Tebat"
6,26650,"Kampung Terlang"
6,26650,"Kuala Lepar"
6,26650,"Kuala Mentega"
6,26650,Mencapu
6,26650,"Paloh Hinai"
6,26650,"Paloh Hinai Bandar 2"
6,26650,Pelak
6,26660,"Kampung Air Leleh"
6,26660,"Kampung Baru Kuala Pahang"
6,26660,"Kampung Bentam"
6,26660,"Kampung Bentan"
6,26660,"Kampung Beruas"
6,26660,"Kampung Beruas Darat Sam"
6,26660,"Kampung Contoh Kuala Pahang"
6,26660,"Kampung Darat Serandu"
6,26660,"Kampung Jalan Tegak"
6,26660,"Kampung Makam"
6,26660,"Kampung Marhum"
6,26660,"Kampung Masjid"
6,26660,"Kampung Nyor Manis"
6,26660,"Kampung Pantai"
6,26660,"Kampung Permatang Nangka"
6,26660,"Kampung Serandu"
6,26660,"Kampung Serandu Pantai"
6,26660,"Kampung Siong"
6,26660,"Kampung Spook"
6,26660,"Kampung Tanjong Pulai"
6,26660,"Kampung Tanjong Selangor"
6,26660,"Kuala Pahang"
6,26660,"Permatang Arang"
6,26660,"Taman Perumahan Mawar"
6,26660,"Taman RRM (Kuala Pahang)"
6,26680,"Kampung Badong"
6,26680,"Kampung Beluru"
6,26680,"Kampung Block"
6,26680,"Kampung Bok Udang"
6,26680,"Kampung Che Limah"
6,26680,"Kampung Jambu"
6,26680,"Kampung Kajang"
6,26680,"Kampung Melanda"
6,26680,"Kampung Merchong"
6,26680,"Kampung Nenasi"
6,26680,"Kampung Pa`at"
6,26680,"Kampung Palas"
6,26680,"Kampung Pandan"
6,26680,"Kampung Permatang Tengeling"
6,26680,"Kampung Riong"
6,26680,"Kampung Sepour"
6,26680,"Kampung Serun"
6,26680,"Kampung Singir"
6,26680,"Kampung Tanjong Nenasi"
6,26680,"Kampung Tanjung Batu Nenasi"
6,26680,"Kampung Tengah"
6,26680,"Kampung Tepong"
6,26680,"Kampung Teriang"
6,26680,"Kubang Sega"
6,26680,NenasI
6,26680,"Permatang Kelempang"
6,26680,"Permatang Tebing Tinggi"
6,26690,"Bandar 1"
6,26690,"Bandar Chini"
6,26690,Chini
6,26690,"Felda Chini (2, 3, 5)"
6,26690,"Felda Chini Timor  (2 - 3)"
6,26690,"Tanjung Batu"
6,26700,"Bandar 14 Kota Bahagia"
6,26700,"Bandar 19"
6,26700,"Bandar 22"
6,26700,"Bandar 8 (Kota Perdana)"
6,26700,"Bandar Muadzam Shah"
6,26700,"Bukit Ibam"
6,26700,Chenderawaseh
6,26700,"Chini Timur"
6,26700,"Desa Anggerik"
6,26700,"Desa Bidara"
6,26700,"Desa Chempaka"
6,26700,"Desa Dahlia"
6,26700,"Desa Jati (1 - 2)"
6,26700,"Desa Keranji"
6,26700,"Desa Mawar"
6,26700,"Desa Mawar 2"
6,26700,"Desa Melor"
6,26700,"Desa Tanjung"
6,26700,"Desa Teratai"
6,26700,"Felda Selancar 1 - 5"
6,26700,"Kampung Alai"
6,26700,"Kampung Aur"
6,26700,"Kampung Bukit Serok"
6,26700,"Kampung Lubok Batu"
6,26700,"Kampung Meripoh"
6,26700,"Kawasan Industri BMS"
6,26700,"Kawasan Kilang Bukit Ibam"
6,26700,"Kota Perdana"
6,26700,"Muadzam Shah"
6,26700,"Pinggir Gelanggi"
6,26700,"Sekolah Kebangsaan Muadzam Jaya"
6,26700,"Sekolah Kebangsaan Muadzam Shah"
6,26700,"Sekolah Menengah Muadzam Jaya"
6,26700,"Sekolah Menengah Muadzam Shah"
6,26700,"Selancar Dua"
6,26700,"Taman Uniten"
6,26800,"Bandar Baru"
6,26800,"Kampung Api Larat"
6,26800,"Kampung Bahagia"
6,26800,"Kampung Orang Asli"
6,26800,"Kampung Pantai"
6,26800,"Kampung Pantai Bruas"
6,26800,"Kampung Pantai Hiburan"
6,26800,"Kampung Parit"
6,26800,"Kampung Parit Raja"
6,26800,"Kampung Pulau Lang"
6,26800,"Kampung Sempayang"
6,26800,"Kampung Sepakat"
6,26800,"Kampung Sungai Putri"
6,26800,"Kampung Tengah"
6,26800,"Kuala Pontian"
6,26800,"Kuala Rompin"
6,26800,"Pulau Lang Kanan"
6,26800,"Pulau Lang Kiri"
6,26800,"Simpang Sepayang"
6,26810,"Kampung Ayau"
6,26810,"Kampung Bangkang"
6,26810,"Kampung Bukit Payong"
6,26810,"Kampung Feri"
6,26810,"Kampung Feri Sabak"
6,26810,"Kampung Gading"
6,26810,"Kampung Lanjut"
6,26810,"Kampung Pantai Bernas"
6,26810,"Kampung Rantau Panjang"
6,26810,"Kampung Tanjong Tengku"
6,26820,"Kampung Batu 7 (Tanjung Gemok)"
6,26820,"Kampung Janglau"
6,26820,"Kampung Jawa"
6,26820,"Kampung Kasing"
6,26820,"Kampung Lantang"
6,26820,"Kampung Lubok Gumbang"
6,26820,"Kampung Menchali"
6,26820,"Kampung Mentara"
6,26820,"Kampung Permatang Gorek"
6,26820,"Kampung Pianggu"
6,26820,"Kampung Sarang Tiong"
6,26820,"Kampung Serinkin"
6,26820,"Kampung Setajam"
6,26820,"Kampung Setambang"
6,26820,"Kampung Tambang"
6,26820,"Kampung Tanjong Gemok"
6,26820,"Kampung Tanjong Pahang"
6,26820,"Kampung Tanjong Putus"
6,26820,"Kampung Tengah (Tanjung Gemok)"
6,26820,"Leban Chondong"
6,26820,"Selanchar Darat"
6,26820,"Selanchar Laut"
6,26820,"Tanjung Gemok"
6,26900,"Bandar 14 (Kota Bahagia)"
6,26900,"Bandar Tun Abdul Razak"
6,26900,"Kampung Alai"
6,26900,"Kampung Bukit Serok"
6,26900,"Kampung Lubok Batu"
6,26900,"Kampung Maripoh"
6,27000,"Bandar Inderapura Baru"
6,27000,"Bersungai Tembeling"
6,27000,"Jalan Bandar Baru 12"
6,27000,"Jalan Sejahtera"
6,27000,Jerantut
6,27000,"Kampung Batu Embun"
6,27000,"Kampung Batu Kawah"
6,27000,"Kampung Besol"
6,27000,"Kampung Binjai"
6,27000,"Kampung Bukit Dinding"
6,27000,"Kampung Bukit Genting"
6,27000,"Kampung Bukit Ketupat"
6,27000,"Kampung Bukit Puas"
6,27000,"Kampung Buntut Pulau"
6,27000,"Kampung Gintong"
6,27000,"Kampung Jerangsang"
6,27000,"Kampung Jerangsong"
6,27000,"Kampung Lata Kasah"
6,27000,"Kampung Mat Kilau"
6,27000,"Kampung Muhibbah"
6,27000,"Kampung Padang Piol"
6,27000,"Kampung Pamah Kuning"
6,27000,"Kampung Paya Garok"
6,27000,"Kampung Paya The"
6,27000,"Kampung Simpang Tebing Tinggi"
6,27000,"Kampung Sokti"
6,27000,"Kampung Sri Kool"
6,27000,"Kampung Sri Muda"
6,27000,"Kampung Sungai Badak"
6,27000,"Kampung Sungai Lekok"
6,27000,"Kampung Sungai Par Jerantut"
6,27000,"Kampung Tanjong Benta"
6,27000,"Kampung Tebing Tinggi"
6,27000,"Kampung Temin Hilir"
6,27000,"Kampung Temin Ulu"
6,27000,"Km 2 Jalan Temerloh"
6,27000,"Kota Gelanggi 1 - 4"
6,27000,"Kuala Tahan"
6,27000,"Lorong Damai 6/3"
6,27000,"Lorong Embun Jaya 2"
6,27000,"Lorong Taman WJ"
6,27000,"Lorong Wawasan 1/1"
6,27000,"Mukim Pedah"
6,27000,"Perumahan Kos Rendah Kampung Jaya Jerantut"
6,27000,"Perumahan Mat Kilau"
6,27000,"RRM Bandar Baru"
6,27000,"Sungai Jan"
6,27000,"Taman Alamanda"
6,27000,"Taman Angsana"
6,27000,"Taman Angsana Height"
6,27000,"Taman Berlian"
6,27000,"Taman Bukit Ketupat"
6,27000,"Taman Bukit Pedah"
6,27000,"Taman Bukit Permai"
6,27000,"Taman Cempaka"
6,27000,"Taman Damai"
6,27000,"Taman Damai Fasa 3"
6,27000,"Taman Desa Gemilang"
6,27000,"Taman Desa Indah"
6,27000,"Taman Gemilang"
6,27000,"Taman Impian"
6,27000,"Taman Inderapura"
6,27000,"Taman Jaya"
6,27000,"Taman Jerantut"
6,27000,"Taman Kelisa"
6,27000,"Taman Koperasi"
6,27000,"Taman LKNP 1 - 4"
6,27000,"Taman Mat Kilau"
6,27000,"Taman Mawar"
6,27000,"Taman Mawar Murni"
6,27000,"Taman Muhibbah"
6,27000,"Taman Mutiara"
6,27000,"Taman Pedah Jaya"
6,27000,"Taman Pelangi"
6,27000,"Taman Perdana"
6,27000,"Taman Pine"
6,27000,"Taman Raya"
6,27000,"Taman Raya Wira"
6,27000,"Taman Ria"
6,27000,"Taman Ruby"
6,27000,"Taman Saujana Idaman"
6,27000,"Taman Saujana Utama"
6,27000,"Taman Sejahtera"
6,27000,"Taman Sentosa"
6,27000,"Taman Sri Embun"
6,27000,"Taman Sri Makmur"
6,27000,"Taman Sri Tahan"
6,27000,"Taman Teratai"
6,27000,"Taman Tiow Soon"
6,27000,"Taman Woodland Jaya"
6,27000,"Ulu Tembeling"
6,27010,"Kampung Cheka"
6,27010,"Kampung Gading"
6,27010,"Kampung Gemunchor"
6,27010,"Kampung Jani"
6,27010,"Kampung Limau Purut"
6,27010,"Kampung Redan"
6,27010,"Kampung Samak"
6,27010,"Kampung Selang Datok"
6,27010,"Kampung Serdang"
6,27010,"Kampung Serunai"
6,27010,"Mela Jerantut"
6,27020,"Kampung Kuala Retang"
6,27020,"Kampung Lahang"
6,27020,"Kampung Lalang"
6,27020,"Kampung Pamah Limau"
6,27020,"Kampung Sepail"
6,27020,"Kampung Sungai Yap"
6,27020,"Kampung Talus"
6,27020,"Kampung Tanjung Bungor"
6,27020,"Kuala Tembeling"
6,27030,"Bukit Chermin"
6,27030,"Jalan Masjid Jamek"
6,27030,"Kampung Anak Gajah"
6,27030,"Kampung Balang"
6,27030,"Kampung Batu 35"
6,27030,"Kampung Batu 40"
6,27030,"Kampung Batu Balai"
6,27030,"Kampung Batu Balai Jambatan"
6,27030,"Kampung Bau"
6,27030,"Kampung Berau"
6,27030,"Kampung Berlukar"
6,27030,"Kampung Bukit Baru"
6,27030,"Kampung Bukit Batu"
6,27030,"Kampung Bukit Kor"
6,27030,"Kampung Cengkuak"
6,27030,"Kampung Chap"
6,27030,"Kampung Damak"
6,27030,"Kampung Jaya Putra"
6,27030,"Kampung Jelai"
6,27030,"Kampung Jeneris"
6,27030,"Kampung Jinggu"
6,27030,"Kampung Kaki Bukit"
6,27030,"Kampung Koi"
6,27030,"Kampung Konggo"
6,27030,"Kampung Peka Sari Ulu Chek"
6,27030,"Kampung Perlok"
6,27030,"Kampung Sempadan"
6,27030,"Kampung Som"
6,27030,"Kampung Sungai Balang"
6,27030,"Kampung Sungai Berjuang"
6,27030,"Kampung Tanjung Puteri"
6,27030,"Kampung Tengah"
6,27030,"Kampung Tepam"
6,27030,"Kampung Terlang"
6,27030,"Kawasan Pejabat"
6,27030,"Kuala Kenang"
6,27030,"Ladang Kingsmeat"
6,27030,"Rps Batu Balai"
6,27030,"Taman Damak"
6,27030,"Taman Sri Damak"
6,27030,"Ulu Cheka Damak"
6,27030,"Kampung Ulu Cheka"
6,27040,"Felda Sungai Retang"
6,27040,"Kampung Gajah Mati"
6,27040,"Kampung Hulu Retang"
6,27040,"Kampung Pasir Durian"
6,27040,"Kampung Sungai Putat"
6,27040,"Kampung Tanjung Betong"
6,27040,"Padang Piol"
6,27050,"Bukit Rang"
6,27050,"Kampung Bandar"
6,27050,"Kampung Kedondong"
6,27050,"Kampung Kerayong"
6,27050,"Kampung Kubang Sekandal"
6,27050,"Kampung Masjid"
6,27050,"Kampung Perian"
6,27050,"Pulau Tawar"
6,27060,"Sungai Tekam Utara"
6,27070,"Felda Sungai Tekam"
6,27070,"Sungai Kepong"
6,27070,"Sungai Tekam Jerantut"
6,27090,"Kampung Batu Leja"
6,27090,"Kampung Benta"
6,27090,"Kampung Bukit Nikmat"
6,27090,"Kampung Burau"
6,27090,"Kampung Durian Hijau"
6,27090,"Kampung Kelola"
6,27090,"Kampung Kepala Pulau"
6,27090,"Kampung Padang Sengkelau"
6,27090,"Kampung Tanjong Antam"
6,27090,"Kampung Tanjong Belanja"
6,27100,"Batu 16 Jalan Pagar Sasak"
6,27100,"Felda Chegar Perah (1 - 4)"
6,27100,"Felda Kechau (1 - 7)"
6,27100,"Kampung Balik Gua"
6,27100,"Kampung Baru"
6,27100,"Kampung Batu Burong"
6,27100,"Kampung Batu Nering"
6,27100,"Kampung Beralas"
6,27100,"Kampung Berchang"
6,27100,"Kampung Bukit"
6,27100,"Kampung Daling Hilir/Hulu"
6,27100,"Kampung Dusun"
6,27100,"Kampung Gelanggang"
6,27100,"Kampung Gua"
6,27100,"Kampung Kebal"
6,27100,"Kampung Kechor Tui"
6,27100,"Kampung Keramat"
6,27100,"Kampung Kuala Bedong"
6,27100,"Kampung Kuala Tebang"
6,27100,"Kampung Melaka"
6,27100,"Kampung Padang Lebak"
6,27100,"Kampung Pagar Sasak"
6,27100,"Kampung Pamah Jijak"
6,27100,"Kampung Pasir Sia"
6,27100,"Kampung Perlak"
6,27100,"Kampung Petola"
6,27100,"Kampung Rimau"
6,27100,"Kampung Seberang Jelai"
6,27100,"Kampung Selindang"
6,27100,"Kampung Sentang"
6,27100,"Kampung Sungai Mun"
6,27100,"Kampung Teha"
6,27100,"Kampung Telemin"
6,27100,"Kampung Tenggok"
6,27100,"Ladang Dura"
6,27100,"Ladang Selborne"
6,27100,"LKTP Kecau 1"
6,27100,"Lubok Kulit"
6,27100,"Padang Tengku"
6,27100,"Sungai Selancar"
6,27150,"Kampung Jerantut Feri"
6,27150,"Kampung Kelonding"
6,27150,"Kampung Kolam"
6,27150,"Kampung Lada"
6,27150,"Kampung Pamah Dusun"
6,27150,"Kampung Paya Gunong"
6,27150,"Kampung Pedah"
6,27150,"Kampung Sentosa"
6,27150,"Kampung Tanah Nyior"
6,27150,"Taman Sri Pedah"
6,27200,"Batu Sepuloh"
6,27200,"Desa Aman"
6,27200,"Desa Jeram Batu"
6,27200,"Desa Kenari"
6,27200,"Kampung Banja"
6,27200,"Kampung Bapong"
6,27200,"Kampung Baru Cina Penjom"
6,27200,"Kampung Batu 3"
6,27200,"Kampung Batu Kurap"
6,27200,"Kampung Berang"
6,27200,"Kampung Berembang"
6,27200,"Kampung Binjai"
6,27200,"Kampung Bukit Betong"
6,27200,"Kampung Bukit Damar"
6,27200,"Kampung Bukit Tualang"
6,27200,"Kampung Dala"
6,27200,"Kampung Genting"
6,27200,"Kampung Jeram Bongor"
6,27200,"Kampung Jeram Landak"
6,27200,"Kampung Kechau"
6,27200,"Kampung Keledek"
6,27200,"Kampung Kuala Kechau"
6,27200,"Kampung Lalang"
6,27200,"Kampung Lanar"
6,27200,"Kampung Lubok Kulit"
6,27200,"Kampung Pagar"
6,27200,"Kampung Relong"
6,27200,"Kampung Rengai"
6,27200,"Kampung Rusa"
6,27200,"Kampung Salang"
6,27200,"Kampung Sentang"
6,27200,"Kampung Sibar"
6,27200,"Kampung Sungkai"
6,27200,"Kampung Tanah Rom"
6,27200,"Kampung Tanjong Lipis"
6,27200,"Kampung Tanjong Rambai"
6,27200,"Kampung Temperah"
6,27200,"Kampung Tempoyang"
6,27200,"Kampung Ulu Teris"
6,27200,"Kem Bina Negara"
6,27200,Kerambit
6,27200,Krambit
6,27200,"Kuala Lipis"
6,27200,"MRSM Kuala Lipis"
6,27200,Penjom
6,27200,"RTP Sungai Ular"
6,27200,"Rumah Kilat"
6,27200,"Rumah Murah"
6,27200,"Rumah Murah Sungai Kerpan"
6,27200,"Sekolah Kebangsaan Sri Lipis"
6,27200,"Sekolah Menegah Kuala Lanar"
6,27200,"Sekolah Menegah Sri Lipis"
6,27200,"Taman Cahaya"
6,27200,"Taman Damai"
6,27200,"Taman Desa Chuan"
6,27200,"Taman Jelai"
6,27200,"Taman KSM"
6,27200,"Taman Lipis"
6,27200,"Taman LKNP"
6,27200,"Taman Muhibbah"
6,27200,"Taman Penjom Jaya"
6,27200,"Taman Permai"
6,27200,"Taman Permai Sejahtera"
6,27200,"Taman Pertama"
6,27200,"Taman Setia Jaya"
6,27200,"Taman SPPK"
6,27200,"Taman Sri Tempoyang"
6,27200,"Tanjung Jati"
6,27207,"Kuala Lipis - Peti surat"
6,27209,"Kuala Lipis - Beg berkunci"
6,27210,"Kampung Gua Kalong"
6,27210,"Kampung Gua Layang"
6,27210,"Kampung Kuala Salak"
6,27210,"Kampung Kumbang Hilir"
6,27210,"Kampung Kumbang Hulu"
6,27210,"Kampung Kumbang Tengah"
6,27210,"Kampung Merapoh"
6,27210,"Kampung Merhamah"
6,27210,"Kampung Persit"
6,27210,"Kampung Tanggang"
6,27300,Benta
6,27300,"JPJ Batu 11 Jalan Kuala Lipis"
6,27300,"Kampung Atong"
6,27300,"Kampung Batu Buaya"
6,27300,"Kampung Kadok"
6,27300,"Kampung Kemahang"
6,27300,"Kampung Melayu"
6,27300,"Kampung Peruang"
6,27300,"Kampung Sama"
6,27300,"Kampung Tanjong Besar"
6,27300,"Kampung Terap"
6,27300,"Ladang Benta"
6,27300,"Ladang Budu"
6,27300,"Perhentian Benta"
6,27300,Persit
6,27300,"Taman Dato Lam Kam Sang"
6,27300,"Taman Teratai"
6,27300,"Ulu Nabun"
6,27310,"Batu 22 Kemahang"
6,27310,Jeransang
6,27310,"Kampung Badong"
6,27310,"Kampung Baru"
6,27310,"Kampung Batu 30"
6,27310,"Kampung Batu 31"
6,27310,"Kampung Belimbing"
6,27310,"Kampung Beluan"
6,27310,"Kampung Bsol"
6,27310,"Kampung Budu"
6,27310,"Kampung Bukit Belau"
6,27310,"Kampung Bukit Kolam"
6,27310,"Kampung Bukit Machang"
6,27310,"Kampung Bukit Perangkap"
6,27310,"Kampung Bukit Tuba"
6,27310,"Kampung Chat"
6,27310,"Kampung Chat Bawah"
6,27310,"Kampung Cherang"
6,27310,"Kampung Durian Rendang"
6,27310,"Kampung Empau"
6,27310,"Kampung Gong"
6,27310,"Kampung Jemeru"
6,27310,"Kampung Jerangsang"
6,27310,"Kampung Jerangsang Hilir"
6,27310,"Kampung Jerangsang Hulu"
6,27310,"Kampung Jerning"
6,27310,"Kampung Kemahang Hilir"
6,27310,"Kampung Kemensar"
6,27310,"Kampung Lechir"
6,27310,"Kampung Lechor"
6,27310,"Kampung Lonjong"
6,27310,"Kampung Lubuk Gayung"
6,27310,"Kampung Masjid"
6,27310,"Kampung Napal"
6,27310,"Kampung Pekan Sahari"
6,27310,"Kampung Perlong"
6,27310,"Kampung Peruang Lama"
6,27310,"Kampung Pjoh"
6,27310,"Kampung Puchuk"
6,27310,"Kampung Pulau Kabong"
6,27310,"Kampung Rachap"
6,27310,"Kampung Rengai Tanjung Besar"
6,27310,"Kampung Seberang Paya"
6,27310,"Kampung Seberang Teka"
6,27310,"Kampung Sungai Damak"
6,27310,"Kampung Tampin Chat"
6,27310,"Kampung Tampin Tanjung Besar"
6,27310,"Kampung Tanjong Lalang"
6,27310,"Kampung Tekeong"
6,27310,"Kampung Terap Budu"
6,27310,"Kampung Tua Batu 21"
6,27310,"Kampung Tulang Padang"
6,27310,"KM 43 Kampung Terap"
6,27310,"Mini Estate Kampung Terap"
6,27310,"PPMS Peruang"
6,27310,"PPRT Peruang"
6,27310,"RPS Peruang"
6,27310,"Taman Benta Jaya"
6,27400,"Bukit Kemuning Dong"
6,27400,Dong
6,27400,"Dong Jaya"
6,27400,"Kampung Ajai"
6,27400,"Kampung Ajai Baru"
6,27400,"Kampung Bedu"
6,27400,"Kampung Bukit Kemuning"
6,27400,"Kampung Bukit Pampon"
6,27400,"Kampung Chendera"
6,27400,"Kampung Chincin"
6,27400,"Kampung Durian Sebatang"
6,27400,"Kampung Gali"
6,27400,"Kampung Gali Hilir"
6,27400,"Kampung Gali Tengah"
6,27400,"Kampung Gersing"
6,27400,"Kampung Jalan Jelu"
6,27400,"Kampung Jelu"
6,27400,"Kampung Kuala Dong"
6,27400,"Kampung Kuala Gali"
6,27400,"Kampung Kuala Jelu"
6,27400,"Kampung Kuala Keloi"
6,27400,"Kampung Lechar"
6,27400,"Kampung Lepar"
6,27400,"Kampung Padang Pree"
6,27400,"Kampung Pamah Kulat"
6,27400,"Kampung Pamah Rawas"
6,27400,"Kampung Panchur"
6,27400,"Kampung Pasir Bayam"
6,27400,"Kampung Peruas"
6,27400,"Kampung Sengkala"
6,27400,"Kampung Sol"
6,27400,"Kampung Sungai Jahit"
6,27400,"Kampung Sungai Lar"
6,27400,"Kampung Sungai Pasu"
6,27400,"Kampung Tamaliang"
6,27400,"Kampung Tanah Bercangkul"
6,27400,"Kampung Tanjong Manggis"
6,27400,"Kampung Tanjong Raja"
6,27400,"Kampung Tanjung Putus"
6,27400,"Kampung Temau"
6,27400,"Kampung Temau Ulu"
6,27400,"Kampung Ulu Jelu"
6,27400,"Pekan Dong"
6,27400,"Rumah Murah Dong"
6,27400,"Rumah Murah Dong Jaya"
6,27400,"Tanjung Besar"
6,27400,"Ulu Dong"
6,27600,"Bandar Tras"
6,27600,"Felda Krau 1"
6,27600,"Happy Valley"
6,27600,"Kampung Bacap"
6,27600,"Kampung Baharu"
6,27600,"Kampung Baru Bukit Koman"
6,27600,"Kampung Baru Sempalit"
6,27600,"Kampung Baru Tras"
6,27600,"Kampung Benggali"
6,27600,"Kampung Bukit Koman"
6,27600,"Kampung Hajjah Esah"
6,27600,"Kampung KC"
6,27600,"Kampung Kelek"
6,27600,"Kampung Lanar"
6,27600,"Kampung Lenggeng"
6,27600,"Kampung Melayu Sempalit"
6,27600,"Kampung Pecah Batu"
6,27600,"Kampung Pintu Padang"
6,27600,"Kampung Rela"
6,27600,"Kampung SC"
6,27600,"Kampung Sempalit"
6,27600,"Kampung Simpan Baru"
6,27600,"Kampung Simpan Kalang"
6,27600,"Kampung Simpang Badang"
6,27600,"Kampung Siri Jaya"
6,27600,"Kampung Sungai Chetang"
6,27600,"Kampung Sungai Kelau"
6,27600,"Kampung Sungai Kening"
6,27600,"Kampung Sungai Lui"
6,27600,"Kampung Sungai Miang"
6,27600,"Kampung Todi"
6,27600,"Kampung Tok Machang"
6,27600,"Kampung Ulu Sempalit"
6,27600,"Ladang Hue Om"
6,27600,"Pam Air Sungai Bilut"
6,27600,"Paya Baru"
6,27600,"Perumahan Jeram Busu"
6,27600,"Pos Satak"
6,27600,Raub
6,27600,"Rumah Murah Bukit Koman"
6,27600,"Sang Lee"
6,27600,"Semantan Ulu"
6,27600,"Sempalit Hilir"
6,27600,"Sempalit Ulu"
6,27600,"Simpang Kallang India"
6,27600,"Sungai Bilut Estate"
6,27600,"Taman Abu Bakar"
6,27600,"Taman Amalina"
6,27600,"Taman Bahagia"
6,27600,"Taman Bistari"
6,27600,"Taman Bukit Indah"
6,27600,"Taman Bukit Koman"
6,27600,"Taman Charoh Maju 1"
6,27600,"Taman Emas"
6,27600,"Taman Gunong Emas"
6,27600,"Taman Hutan Emas"
6,27600,"Taman Imigresen"
6,27600,"Taman Indraputra"
6,27600,"Taman Intan"
6,27600,"Taman Juntai"
6,27600,"Taman Kemajuan"
6,27600,"Taman Kenanga"
6,27600,"Taman Kurnia Jaya"
6,27600,"Taman Lee Mau"
6,27600,"Taman Medan Indah"
6,27600,"Taman Melati"
6,27600,"Taman Melewar"
6,27600,"Taman Muhibbah (1 - 4)"
6,27600,"Taman Muhibbah Tranum"
6,27600,"Taman Mutiara"
6,27600,"Taman Mutiara 2"
6,27600,"Taman Okid"
6,27600,"Taman Ralib Utama"
6,27600,"Taman Raub (1 - 5)"
6,27600,"Taman Raub Jaya"
6,27600,"Taman Raub Perdana"
6,27600,"Taman Raub Utama"
6,27600,"Taman Rotan Tunggal"
6,27600,"Taman Sempalit Aman"
6,27600,"Taman Sempalit Baru"
6,27600,"Taman Sentosa"
6,27600,"Taman Seri Aman (Sempalit)"
6,27600,"Taman Seri Sempalit"
6,27600,"Taman Seroja"
6,27600,"Taman Shahbandar Hussin"
6,27600,"Taman Yerl"
6,27607,"Raub - Peti surat"
6,27609,"Raub - Beg berkunci"
6,27610,"Batu Malim"
6,27610,"Kampung Badang"
6,27610,"Kampung Batu 18"
6,27610,"Kampung Batu Talam"
6,27610,"Kampung Bukit Jawa"
6,27610,"Kampung India (Batu 12)"
6,27610,"Kampung Jasu"
6,27610,"Kampung Jerus"
6,27610,"Kampung Kela"
6,27610,"Kampung Kundang"
6,27610,"Kampung Paya Baru"
6,27610,"Kampung Pulai"
6,27610,"Kampung Songsang"
6,27610,"Kampung Tersang"
6,27610,"Kampung Ulu Sungai"
6,27610,"Rumah Murah Batu Talam"
6,27620,Cheroh
6,27620,"Kampung Baru Cheroh"
6,27620,"Kampung Kuala Semantan"
6,27620,"Kampung Kundang Patah"
6,27620,"Kampung Melayu Cheroh"
6,27620,"Kampung Ria"
6,27620,"Kampung Sungai Buloh"
6,27620,"Kampung Sungai Panggong"
6,27620,"Ladang Cheroh"
6,27620,"Rumah LKNP Maju 3"
6,27620,"Rumah Murah Cheroh"
6,27620,Sungai
6,27620,"Taman Bintang"
6,27630,"Felda Lembah Klau"
6,27630,"Kampung Sri Jaya"
6,27630,"Kampung Sungai Klau"
6,27630,"Kampung Sungai Ruan"
6,27630,"Kampung Tok Machang"
6,27630,"Kampung Ulu Gali"
6,27630,"Ladang Sang Foo"
6,27630,"Lembah Klau"
6,27630,"LKPP Sungai Chalit"
6,27630,"RRM Sungai Ruan"
6,27630,"Sungai Klau"
6,27630,"Taman Anggerik"
6,27630,"Taman Bunga Matahari"
6,27630,"Taman Bunga Raya"
6,27630,"Taman Cempaka"
6,27630,"Taman KSM Sungai Ruan"
6,27630,"Taman Maju"
6,27630,"Taman Mawar"
6,27630,"Taman Melewar"
6,27630,"Taman Sungai Ruan"
6,27630,"Taman Wawasan"
6,27630,"Ulu Cheroh"
6,27630,"Kampung Klau Kechil"
6,27630,"Kampung Ulu Gali"
6,27630,"Ladang Sang Foo"
6,27650,"Felcra Kuala Medang"
6,27650,"Felda Sungai Koyan (1 - 3)"
6,27650,"Felda Tersang (1 - 3)"
6,27650,"Kampung Belida"
6,27650,"Kampung Jelapang"
6,27650,"Kampung Jelaping"
6,27650,"Kampung Kermoi"
6,27650,"Kampung Ketoyong"
6,27650,"Kampung Kuala Koyan"
6,27650,"Kampung Kuala Medang"
6,27650,"Kampung Kuala Serau"
6,27650,"Kampung Lanas"
6,27650,"Kampung Lubok Kasah"
6,27650,"Kampung Naga Umbang"
6,27650,"Kampung Pantos"
6,27650,"Kampung Pulau Badak"
6,27650,"Kampung Sri Murni"
6,27650,"Kampung Tanjong Gahai"
6,27650,"Kampung Tanjung Rambai"
6,27650,"Kampung Telom"
6,27650,"Ladang Bukit Puteri"
6,27650,"RPS Betau"
6,27650,"RPSB Kuala Medang"
6,27650,"Sungai Chalit"
6,27650,"Sungai Koyan"
6,27650,"Taman Sri Medang"
6,27650,"Terasang 1,2,3"
6,27660,"Kampung Arang"
6,27660,"Kampung Bahagia"
6,27660,"Kampung Bukit Palong"
6,27660,"Kampung Chenua"
6,27660,"Kampung Jeruas"
6,27660,"Kampung Pak Senam"
6,27660,"Kampung Paya Lalang"
6,27660,"Kampung Paya Terap"
6,27660,"Kampung Retai"
6,27660,"Kampung Rokan"
6,27660,"Kampung Sain"
6,27660,"Kampung Sega Tat"
6,27660,"Kampung Tanjong Aur"
6,27660,"Kampung Teridi"
6,27660,Sega
6,27660,"Ulu Atok"
6,27670,"Kampung Baharu Sungai Chetang"
6,27670,"Kampung Baharu Teras"
6,27670,"Kampung Chendarawi"
6,27670,"Kampung Sungai Delam"
6,27670,"Sungai Chetang"
6,27670,Teras
6,27670,Tranum
6,27670,"Ulu Teridi"
6,28000,"Bukit Angin"
6,28000,"Bukit Segumpal"
6,28000,"Felcra Charok Putting"
6,28000,"Gau Baharu"
6,28000,"Jala Bahagia"
6,28000,"Jalan Ahmad Shah"
6,28000,"Jalan Aman"
6,28000,"Jalan Bahagia Makmur"
6,28000,"Jalan Bahagian Indah"
6,28000,"Jalan Bahaman"
6,28000,"Jalan Bani Yaacob"
6,28000,"Jalan Bukit Angin"
6,28000,"Jalan Bukit Indah"
6,28000,"Jalan Bunga Raya"
6,28000,"Jalan Dahlia"
6,28000,"Jalan Damai"
6,28000,"Jalan Dato Ngau Ken Lock"
6,28000,"Jalan Gereja"
6,28000,"Jalan Hamzah"
6,28000,"Jalan Ibrahim"
6,28000,"Jalan Idera Segara"
6,28000,"Jalan Intan"
6,28000,"Jalan Kuantan"
6,28000,"Jalan Lurah Semantan"
6,28000,"Jalan Maran Seberang Temerloh"
6,28000,"Jalan Merbah"
6,28000,"Jalan Merbok"
6,28000,"Jalan Merpati"
6,28000,"Jalan Murai"
6,28000,"Jalan Pak Sako"
6,28000,"Jalan Paya Kemunting"
6,28000,"Jalan Selayang"
6,28000,"Jalan Semantan"
6,28000,"Jalan Serindit"
6,28000,"Jalan Setia Jasa"
6,28000,"Jalan Sinar"
6,28000,"Jalan Sudirman"
6,28000,"Jalan Tan Sri Yahya"
6,28000,"Jalan Temerloh Jaya"
6,28000,"Jalan Temerloh Makmur"
6,28000,"Jalan Tengku Bakar"
6,28000,"Jalan Tok Muda Awang Ngah"
6,28000,"Jalan Tunku Ismail"
6,28000,"Kampung Bachap"
6,28000,"Kampung Badok"
6,28000,"Kampung Bangau"
6,28000,"Kampung Bangau Parit"
6,28000,"Kampung Bangau Tanjong Keramat"
6,28000,"Kampung Bangau Tanjung"
6,28000,"Kampung Baru (Cina)"
6,28000,"Kampung Baru Belengu"
6,28000,"Kampung Baru Bintang"
6,28000,"Kampung Baru Kabut"
6,28000,"Kampung Baru Lebak"
6,28000,"Kampung Batu 1"
6,28000,"Kampung Bau Berhala Kapas"
6,28000,"Kampung Belenggu"
6,28000,"Kampung Belengka"
6,28000,"Kampung Belengu"
6,28000,"Kampung Belimbing"
6,28000,"Kampung Bergala Gantang"
6,28000,"Kampung Bintang"
6,28000,"Kampung Bohor Baharu"
6,28000,"Kampung Bukit Batu"
6,28000,"Kampung Bukit Bintang"
6,28000,"Kampung Bukit Jelutong"
6,28000,"Kampung Bukit Kelulut"
6,28000,"Kampung Bukit Kemuning"
6,28000,"Kampung Bukit Kepayang"
6,28000,"Kampung Bukit Lada"
6,28000,"Kampung Bukit Napi"
6,28000,"Kampung Bukit Pak Silap"
6,28000,"Kampung Bukit Tinggi"
6,28000,"Kampung Bukit Tingkat"
6,28000,"Kampung Buntut Pulau"
6,28000,"Kampung Chengal"
6,28000,"Kampung Desa Murni (Songsang)"
6,28000,"Kampung Durian Daun"
6,28000,"Kampung Durian Duduk"
6,28000,"Kampung Durian Tikus"
6,28000,"Kampung Embun"
6,28000,"Kampung Gumai"
6,28000,"Kampung Haji Ali"
6,28000,"Kampung Haji Long"
6,28000,"Kampung Haji Saleh"
6,28000,"Kampung Jalan Maran"
6,28000,"Kampung Keladan"
6,28000,"Kampung Kerinau"
6,28000,"Kampung Kuala Kujan"
6,28000,"Kampung Kuala Sanggang"
6,28000,"Kampung Lebak Seberang"
6,28000,"Kampung Lompat"
6,28000,"Kampung Loyang"
6,28000,"Kampung Lubok Kawah"
6,28000,"Kampung Lubok Layang"
6,28000,"Kampung Macang Manis"
6,28000,"Kampung Megat Segama"
6,28000,"Kampung Padang Lalang"
6,28000,"Kampung Padang Tenggala"
6,28000,"Kampung Pamah"
6,28000,"Kampung Pamah Kasih"
6,28000,"Kampung Panchor"
6,28000,"Kampung Pangsanam"
6,28000,"Kampung Papan Tuai"
6,28000,"Kampung Paya Ara"
6,28000,"Kampung Paya Badak"
6,28000,"Kampung Paya Banir"
6,28000,"Kampung Paya Batu"
6,28000,"Kampung Paya Dalam"
6,28000,"Kampung Paya Jauh"
6,28000,"Kampung Paya Jejawi"
6,28000,"Kampung Paya Kechik"
6,28000,"Kampung Paya Kerbau"
6,28000,"Kampung Paya Kubu"
6,28000,"Kampung Paya Luas"
6,28000,"Kampung Paya Mengkuang"
6,28000,"Kampung Paya Pedak"
6,28000,"Kampung Paya Pulai"
6,28000,"Kampung Paya Salak"
6,28000,"Kampung Paya Senayan"
6,28000,"Kampung Paya Tambang"
6,28000,"Kampung Penak"
6,28000,"Kampung Pengkalan Jaya"
6,28000,"Kampung Pengkalan Manggis"
6,28000,"Kampung Perak"
6,28000,"Kampung Pulau Isu"
6,28000,"Kampung Pulau Terap"
6,28000,"Kampung Raja"
6,28000,"Kampung Raja Senggang"
6,28000,"Kampung Raju"
6,28000,"Kampung Sanggang Seberang"
6,28000,"Kampung Seberang Temerloh"
6,28000,"Kampung Seladang"
6,28000,"Kampung Selindang"
6,28000,"Kampung Semat"
6,28000,"Kampung Simpang Kawah"
6,28000,"Kampung Sungai Kudang"
6,28000,"Kampung Sungai Nerek"
6,28000,"Kampung Sungai Rabit"
6,28000,"Kampung Sungai Siak"
6,28000,"Kampung Talau"
6,28000,"Kampung Tanah Merah"
6,28000,"Kampung Tanjong Batu"
6,28000,"Kampung Tanjong Belenggu"
6,28000,"Kampung Tanjong Besar"
6,28000,"Kampung Tanjong Lalang"
6,28000,"Kampung Tanjung"
6,28000,"Kampung Tanjung Bunga"
6,28000,"Kampung Tanjung Lalang"
6,28000,"Kampung Tanjung Riau"
6,28000,"Kampung Tanjung Teberau"
6,28000,"Kampung Tebal"
6,28000,"Kampung Teluk Ira"
6,28000,"Kampung Teluk Mengkuang"
6,28000,"Kampung Teluk Sentang"
6,28000,"Kampung Tenabal"
6,28000,"Kampung Tengah"
6,28000,"Kampung Tenggoh"
6,28000,"Kampung Tenggoh Seberang"
6,28000,"Kampung Tualang"
6,28000,"Ladang Lebak"
6,28000,"Padang Lalang, Temerloh"
6,28000,"Simpang Jengka (Batu 2 3/4)"
6,28000,Songsang
6,28000,"Taman Bahagia"
6,28000,"Taman Bahagia Baru"
6,28000,"Taman Bahagia Jaya"
6,28000,"Taman Bukit Angin"
6,28000,"Taman Bukit Indah"
6,28000,"Taman Bunga Raya"
6,28000,"Taman Cahaya"
6,28000,"Taman Cempaka"
6,28000,"Taman Chengal"
6,28000,"Taman Harapan"
6,28000,"Taman Intan"
6,28000,"Taman Jaya"
6,28000,"Taman Kamariah"
6,28000,"Taman Karpagar"
6,28000,"Taman Muhibbah"
6,28000,"Taman Perindu"
6,28000,"Taman Selayang"
6,28000,"Taman Semantan Indah"
6,28000,"Taman Seri Bahgia"
6,28000,"Taman Seri Semantan"
6,28000,"Taman Setia"
6,28000,"Taman Setia Jasa"
6,28000,"Taman Sri Bahagia Baru"
6,28000,"Taman Sri Indera"
6,28000,"Taman Sri Kemuning"
6,28000,"Taman Sri Kerinau"
6,28000,"Taman Temerloh Jaya"
6,28000,"Taman Ti Wah Indah"
6,28000,"Teluk Mengkuang"
6,28000,Temerloh
6,28000,"Zon Perindustrian Songsang"
6,28007,"Temerloh - Peti surat"
6,28009,"Temerloh - Beg berkunci"
6,28010,"Kampung Ayer Hitam"
6,28010,"Kampung Batu Balai"
6,28010,"Kampung Batu Lada"
6,28010,"Kampung Belara"
6,28010,"Kampung Bengkek"
6,28010,"Kampung Benom"
6,28010,"Kampung Charak"
6,28010,"Kampung Ketam"
6,28010,"Kampung Kuala Kerdau"
6,28010,"Kampung Lipat Kajang"
6,28010,"Kampung Peng Rasau"
6,28010,"Kampung Peragoh"
6,28010,"Kampung Pergap"
6,28010,"Kampung Romia"
6,28010,"Kampung Sungai Gau"
6,28010,"Kampung Sungai Mas"
6,28010,"Kampung Tanjong Pasir"
6,28010,"Kampung Telok"
6,28010,"Kampung Titi"
6,28010,Keladan
6,28020,Belangka
6,28020,"Bukit Tongkat"
6,28020,"Kampung Bangau Hilir"
6,28020,"Kampung Bangau Tanjong"
6,28020,"Kampung Darat Sanggang"
6,28020,"Kampung Kenalau"
6,28020,"Kampung Loyang"
6,28020,"Kampung Orang Asli"
6,28020,"Kampung Paya Keladan"
6,28020,"Kampung Sanggang"
6,28020,"Kampung Sanggang Bahagia"
6,28020,"Kampung Simpang Sanggang"
6,28020,"Kampung Songsang"
6,28020,"Kampung Tan Sri Yahya"
6,28020,"Kampung Tanjong Keramat"
6,28020,Kerdau
6,28020,"Lubok Kawah"
6,28020,"Paya Banir"
6,28020,"Paya Jejawi"
6,28020,"Tebing Tinggi, Temerloh"
6,28030,"Jengka 18"
6,28030,"Jengka 19"
6,28030,"Kampung Awah"
6,28040,"Kampung Baharu Bera"
6,28040,"Kampung Batu Anchor"
6,28040,"Kampung Bera"
6,28040,"Kampung Bukit Rola"
6,28040,"Kampung Guai"
6,28040,"Kampung Karai"
6,28040,"Kampung Lubok Lian"
6,28040,"Kampung Pengkalan Terap"
6,28040,"Kampung Tebing Tinggi"
6,28040,"Kampung Tengah Bera"
6,28040,"Sungai Nerek"
6,28050,Buntar
6,28050,"Felcra Ulu Jenut"
6,28050,"Felda Jenderak Selatan"
6,28050,"Felda Jenderak Utara"
6,28050,"Kampung Badak"
6,28050,"Kampung Batu Gading"
6,28050,"Kampung Batu Sawar"
6,28050,"Kampung Bukit Ketupat"
6,28050,"Kampung Bukit Lada"
6,28050,"Kampung Dato Shariff Ahmad"
6,28050,"Kampung Dungai Cheh"
6,28050,"Kampung Dungai Hijau"
6,28050,"Kampung Gajah Mati"
6,28050,"Kampung Gempu"
6,28050,"Kampung Gong Halt"
6,28050,"Kampung Gunung Senyum"
6,28050,"Kampung Jenderak"
6,28050,"Kampung Jenggok"
6,28050,"Kampung Kuala Mai"
6,28050,"Kampung Kuala Tekal"
6,28050,"Kampung Masjid"
6,28050,"Kampung Pandan"
6,28050,"Kampung Pasu"
6,28050,"Kampung Paya Angut"
6,28050,"Kampung Paya Baru"
6,28050,"Kampung Paya Luas"
6,28050,"Kampung Paya Sok"
6,28050,"Kampung Paya Tajau"
6,28050,"Kampung Penderas"
6,28050,"Kampung Pian"
6,28050,"Kampung Pulau Pasir Mandi"
6,28050,"Kampung Pulau Pasir Mandi, Kuala Krau"
6,28050,"Kampung Pulau Raya"
6,28050,"Kampung Seboi"
6,28050,"Kampung Sekoh"
6,28050,"Kampung Sungai Dalam"
6,28050,"Kampung Tanjong Buloh"
6,28050,"Kampung Tanjong Kubu"
6,28050,"Kampung Tanjong Prian"
6,28050,"Kampung Tanjong Timbau"
6,28050,"Kampung Telok"
6,28050,"Kampung Telok Lengkuang"
6,28050,"Kampung Telok Sabak"
6,28050,"Kampung Terengging"
6,28050,"Kuala Krau"
6,28050,"Paya Mendoi"
6,28050,"Pulau Chengal"
6,28050,"Rumpun Makmur"
6,28050,"Teluk Jerjak"
6,28100,Chenor
6,28100,"Kampung Baru Pertanian Sungai Jempol"
6,28100,"Kampung Baru Sungai Ling"
6,28100,"Kampung Batu Bor"
6,28100,"Kampung Batu Kunta"
6,28100,"Kampung Belawan"
6,28100,"Kampung Bukit Batu Tampol"
6,28100,"Kampung Bukit Bota"
6,28100,"Kampung Bukit Chempedak"
6,28100,"Kampung Bunian"
6,28100,"Kampung Chabang Dua"
6,28100,"Kampung Dalam"
6,28100,"Kampung Gaong"
6,28100,"Kampung Gumai"
6,28100,"Kampung Huma Luas"
6,28100,"Kampung Jengka"
6,28100,"Kampung Jengka (Batu 13)"
6,28100,"Kampung Jerneh"
6,28100,"Kampung Kabut"
6,28100,"Kampung Kandis"
6,28100,"Kampung Kening"
6,28100,"Kampung Lanting"
6,28100,"Kampung Londong"
6,28100,"Kampung Machang Gelap"
6,28100,"Kampung Musir"
6,28100,"Kampung Nyak"
6,28100,"Kampung Pantai"
6,28100,"Kampung Paya Ladang"
6,28100,"Kampung Pejing"
6,28100,"Kampung Pesagi"
6,28100,"Kampung Puchong"
6,28100,"Kampung Raja"
6,28100,"Kampung Sabelah"
6,28100,"Kampung Sekara"
6,28100,"Kampung Sembai"
6,28100,"Kampung Sentang"
6,28100,"Kampung Sungai Kundang"
6,28100,"Kampung Sungai Ling Luar"
6,28100,"Kampung Tanjong Kertau"
6,28100,"Kampung Tebing Tembah"
6,28100,"Kampung Telok Kertau"
6,28100,"Kampung Telok Melati"
6,28100,"Pengkalan Balai"
6,28100,"Simpang Chenor"
6,28100,"Tanjung Memalau"
6,28200,"Bukit Keladang"
6,28200,"Hoe Seng Estate"
6,28200,"Kampung Bohor"
6,28200,"Kampung Bohor, Triang"
6,28200,"Kampung Bukit Keledang"
6,28200,"Kampung Bukit Naga Mengulur"
6,28200,"Kampung Durian Tawar"
6,28200,"Kampung Jelam"
6,28200,"Kampung Kubong Panjang"
6,28200,"Kampung Mengkarak"
6,28200,"Kampung Padang Luas"
6,28200,"Kampung Paya Bedak"
6,28200,"Kampung Paya Buloh"
6,28200,"Kampung Paya Embit"
6,28200,"Kampung Seberang Guai"
6,28200,"Kampung Seberang Lanjut"
6,28200,"Kampung Seberang Tok Penor"
6,28200,"Kampung Tanjong Enam"
6,28200,"Kampung Telok Jelam"
6,28200,"Kampung Tok Biah"
6,28200,"Kampung Tok Langit"
6,28200,"Kampung Tok Taggoh"
6,28200,"Ladang Hoe Seng"
6,28200,"Ladang Karmen"
6,28200,"Ladang Kemansur"
6,28200,"Ladang Mengkarak"
6,28200,Mengkarak
6,28200,"Padang Luas"
6,28200,"Rancangan Rumah Murah"
6,28200,"Seberang Guai"
6,28200,"Taman Mengkarak"
6,28200,"Taman Ong Fu Moy"
6,28200,"Taman Tong Ah"
6,28200,"Felcra Bohor Bharu"
6,28200,"Felcra Bukit Serdang"
6,28200,"Kampung Baru"
6,28200,"Kampung Batu Imam Sulong"
6,28200,"Kampung Batu Papan"
6,28200,"Kampung Bongkok, Triang"
6,28200,"Kampung Bukit Rok"
6,28200,"Kampung Ibam"
6,28200,"Kampung Lubok Lian"
6,28200,"Kampung Paya Pagar"
6,28200,"Kampung Paya Panjang"
6,28200,"Kampung Paya Serai"
6,28200,"Kuala Bera"
6,28200,"Kuala Triang"
6,28300,"Bandar 32 (Gugusan Bera)"
6,28300,"Felda Bukit Puchong"
6,28300,"Felda Kumai"
6,28300,"Felda Mayam"
6,28300,"Felda Rentam"
6,28300,"Felda Sebertak"
6,28300,"Felda Termenti"
6,28300,"Felda Triang 3"
6,28300,"Jalan Daro 1 & 2"
6,28300,"Jalan Kubor Cina"
6,28300,"Jalan Sentosa"
6,28300,"Kampung Anak Bukit"
6,28300,"Kampung Baru, Triang"
6,28300,"Kampung Mentri"
6,28300,"Kampung Paya Lang"
6,28300,"Kampung Sri Buntar"
6,28300,"Kampung Timur"
6,28300,"Kampung Zaiwang"
6,28300,Mayam
6,28300,"Taman Amluk"
6,28300,"Taman Ann Lek"
6,28300,"Taman Cheng Siew"
6,28300,"Taman Daro"
6,28300,"Taman Desa Aman"
6,28300,"Taman Indah"
6,28300,"Taman Jaya"
6,28300,"Taman Lim Chitt"
6,28300,"Taman Okid"
6,28300,"Taman Permai Sri Buntar"
6,28300,"Taman Raya"
6,28300,"Taman Selayang"
6,28300,"Taman Seraya"
6,28300,"Taman Sri Buntar"
6,28300,"Taman Sri Triang"
6,28300,"Taman Teo Jo"
6,28300,"Taman Teo Joo"
6,28300,"Taman Triang Jaya"
6,28300,"Taman Triang Maju"
6,28300,"Taman Triang Makmur"
6,28310,Chemoimoi
6,28310,Triang
6,28320,"Bukit Mendi"
6,28320,"Bukit Puchong"
6,28320,"Felda Bukit Mendi"
6,28320,"Felda Sungai Kemahal"
6,28320,"Sungai Kemahal"
6,28330,"Bukit Kepayang"
6,28330,"Felda Bukit Kepayang"
6,28330,"Felda Purun"
6,28340,"Felda Mengkuang"
6,28340,"Kampung Baru Mengkuang"
6,28340,"Kampung Mengkuang"
6,28340,"Kampung Tering"
6,28340,"Ladang Mengkuang"
6,28340,"Mengkuang, Triang"
6,28340,Purun
6,28380,"Felda Tembangau"
6,28380,"Jalan Besar Kemayan"
6,28380,"Jalan Besar Mengkuang"
6,28380,"Jalan Sungai Bera"
6,28380,"Kampung Baru Cina"
6,28380,"Kampung Dato Sri Hamzah"
6,28380,"Kampung Kebun Limau"
6,28380,"Kampung Sentosa"
6,28380,Kemayan
6,28380,"Ladang Baru Choow"
6,28380,"Ladang Bukit Keramat"
6,28380,"Ladang Bukit Senorang"
6,28380,"Ladang Espek Bena"
6,28380,"Ladang Juntai"
6,28380,"Ladang Kemayan"
6,28380,"Ladang Kemayan Oil Palm"
6,28380,"Ladang LKPP Nuklias V"
6,28380,"Ladang Malaysia N Agric"
6,28380,"Ladang TDM Mengkuang"
6,28380,"Ladang Teok Lee"
6,28380,"Log Ban Chon Estate"
6,28380,"Taman Damai"
6,28380,"Taman Indah"
6,28380,"Taman Jaya"
6,28380,"Taman Kemayan Jaya"
6,28380,"Taman Kin Yu"
6,28380,"Taman Maju Jaya"
6,28380,"Taman Sri Mewah"
6,28400,"Bukit Malaysia"
6,28400,"Damai Taha"
6,28400,"Jalan Ara"
6,28400,"Jalan Asoka"
6,28400,"Jalan Berangan"
6,28400,"Jalan Cemara"
6,28400,"Jalan Damar Hitam"
6,28400,"Jalan Durian"
6,28400,"Jalan Inai"
6,28400,"Jalan Jati"
6,28400,"Jalan Jelutong"
6,28400,"Jalan Kapor"
6,28400,"Jalan Kayu Manis"
6,28400,"Jalan Kempas"
6,28400,"Jalan Ketapang"
6,28400,"Jalan Mengkudu"
6,28400,"Jalan Mengkulang"
6,28400,"Jalan Meranti"
6,28400,"Jalan Nibong"
6,28400,"Jalan Nipah"
6,28400,"Jalan Pinang Raja"
6,28400,"Jalan Rhu"
6,28400,"Jalan Saga"
6,28400,"Jalan Selasih"
6,28400,"Jalan Semarak Api"
6,28400,"Jalan Sri Layang"
6,28400,"Jalan Teja"
6,28400,"Jenderak Selatan"
6,28400,"Jenderak Utara"
6,28400,"Kampung Baru (Cina)"
6,28400,"Kampung Baru Batu 8"
6,28400,"Kampung Baru Chin"
6,28400,"Kampung Batu Cina"
6,28400,"Kampung Batu Hampar"
6,28400,"Kampung Batu Kapor"
6,28400,"Kampung Bukit Permata"
6,28400,"Kampung Chantik Baru"
6,28400,"Kampung Chatin"
6,28400,"Kampung Chatin Atas"
6,28400,"Kampung Chatin Bawah"
6,28400,"Kampung Desa Bakti"
6,28400,"Kampung Gajah Mati"
6,28400,"Kampung Gantok"
6,28400,"Kampung Gantok Ulu"
6,28400,"Kampung Kelubi"
6,28400,"Kampung Lubok Kechemas"
6,28400,"Kampung Lubok Serdang"
6,28400,"Kampung Mambang Berulang"
6,28400,"Kampung Padang Lalang"
6,28400,"Kampung Penak"
6,28400,"Kampung Rakit"
6,28400,"Kampung Seri Kemuning"
6,28400,"Kampung Sungai Ara"
6,28400,"Kampung Sungai Buloh"
6,28400,"Kampung Sungai Buluh"
6,28400,"Kampung Sungai Dingin"
6,28400,"Kampung Sungai Ketapa"
6,28400,"Kampung Tanjong Kerayong"
6,28400,"Kampung Tok Embun"
6,28400,"Kem Batu Lima"
6,28400,"Kompleks Pularis"
6,28400,"Ladang Kemasul"
6,28400,"Ladang Mentakab"
6,28400,"Lorong Merah"
6,28400,Mentakab
6,28400,"Simpang Penak"
6,28400,"Taman Bendera Mahkota"
6,28400,"Taman Bukit Bendera"
6,28400,"Taman Bukit Cermin"
6,28400,"Taman Bukit Cina"
6,28400,"Taman Bukit Mentakab"
6,28400,"Taman Damai Taha"
6,28400,"Taman De Villa"
6,28400,"Taman Desa Jaya"
6,28400,"Taman Desa Saujana"
6,28400,"Taman Gembira"
6,28400,"Taman Gopeng"
6,28400,"Taman Indah"
6,28400,"Taman Keramat"
6,28400,"Taman KSM"
6,28400,"Taman KSM Indah"
6,28400,"Taman Lee Chan"
6,28400,"Taman Mahkota"
6,28400,"Taman Mentakab"
6,28400,"Taman Mentakab Bahagia"
6,28400,"Taman Mentakab Indah"
6,28400,"Taman Mentakab Jaya"
6,28400,"Taman Merbau"
6,28400,"Taman Pasir Rawa"
6,28400,"Taman Perindustrian Temerloh"
6,28400,"Taman Rimba"
6,28400,"Taman Saga"
6,28400,"Taman Segumpas"
6,28400,"Taman Sempalit"
6,28400,"Taman Sentosa"
6,28400,"Taman Seri Bendera"
6,28400,"Taman Seri Layang"
6,28400,"Taman Setia"
6,28400,"Taman Siva"
6,28400,"Taman Sungai Ara"
6,28400,"Taman Suppiah"
6,28400,"Taman Tan Chew Tong"
6,28400,"Taman Tanjong Kerayong"
6,28400,"Taman Tunas"
6,28400,"Taman Zabidin"
6,28407,"Mentakab - Peti surat"
6,28409,"Mentakab - Beg berkunci"
6,28500,"Bandar Baru Lanchang"
6,28500,"Bukit Rengit"
6,28500,"Felda Bukit Damar"
6,28500,"Felda Lakom"
6,28500,"IKBM Paya Siput"
6,28500,"Kampung Bolok"
6,28500,"Kampung Bongsu"
6,28500,"Kampung Bukit Gabang"
6,28500,"Kampung Chempaka"
6,28500,"Kampung Dala"
6,28500,"Kampung Jerangan"
6,28500,"Kampung Jergoh"
6,28500,"Kampung Kenangan"
6,28500,"Kampung Kuala Kaung"
6,28500,"Kampung Lanar"
6,28500,"Kampung Lubok Kawah"
6,28500,"Kampung Mempateh"
6,28500,"Kampung Pandan"
6,28500,"Kampung Paya Laman"
6,28500,"Kampung Paya Siput"
6,28500,"Kampung Punjong"
6,28500,"Kampung Rantau Panjang"
6,28500,"Kampung Sementeh"
6,28500,"Kampung Sempadan"
6,28500,"Kampung Sungai Chermang"
6,28500,"Kampung Sungai Kepong"
6,28500,"Kampung Sungai Lanar"
6,28500,"Kampung Sungai Leleh"
6,28500,"Kampung Tedong"
6,28500,"Kampung Teris"
6,28500,"Kampung Wau"
6,28500,"Kuala Gandah"
6,28500,"Ladang Sungai Kawang"
6,28500,Lakum
6,28500,Lanchang
6,28500,"MRSM Lanchang"
6,28500,"Taman Desa Bongsu"
6,28500,"Taman Lanchang Indah"
6,28500,"Taman Setia"
6,28500,"Taman Tengku Ampuan Afzan"
6,28600,"Felda Mempaga (1 - 3)"
6,28600,"Kampung Baru"
6,28600,"Kampung Batu 3"
6,28600,"Kampung Chinta Manis"
6,28600,"Kampung Jambu Rias"
6,28600,"Kampung Karak Setia"
6,28600,"Kampung Keroh"
6,28600,"Kampung Kuala Pertang"
6,28600,"Kampung Lengkong"
6,28600,"Kampung Paya Pelantar"
6,28600,"Kampung Pong Soi"
6,28600,"Kampung Tanjong"
6,28600,Karak
6,28600,"Ladang Bukit Dinding"
6,28600,"Ladang Serai"
6,28600,"Ladang Sungai Pertang"
6,28600,"Mempaga Satu"
6,28600,"Sungai Dua"
6,28600,"Taman Berlian"
6,28600,"Taman Bunga Raya"
6,28600,"Taman Bunga Raya II"
6,28600,"Taman Hijau"
6,28600,"Taman Hijau Fasa II"
6,28600,"Taman Hijau Murni"
6,28600,"Taman Karak"
6,28600,"Taman Karak Indah"
6,28600,"Taman Karak Jaya"
6,28600,"Taman Kenanga"
6,28600,"Taman Makmur"
6,28600,"Taman Makmur Jaya"
6,28600,"Taman Perdana Raya"
6,28600,"Taman Sentosa"
6,28600,"Taman Seri Bayu II"
6,28600,"Taman Sri Bayu"
6,28600,"Taman Sri Makmur"
6,28600,"Taman Wijaya"
6,28600,Tualang
6,28610,"Felda Kampung Sertik"
6,28610,"Kampung Haji Kubor"
6,28610,"Kampung Sertik"
6,28610,"Kampung Ulu Pareh"
6,28620,"Kampung Batu 19 (Telemong)"
6,28620,"Kampung Gapoi"
6,28620,"Kampung Manggin"
6,28620,"Kampung Sungai Gapo"
6,28620,"Karak (Batu 1 - 20)"
6,28620,"Karak (Batu 36)"
6,28620,"Ladang Bukit Melita"
6,28620,"Ladang Hoh Yong"
6,28620,"Ladang Kuala Pedah"
6,28620,"Ladang Liew Weng Chee"
6,28620,"Ladang Peng Ann"
6,28620,"Ladang Renjok"
6,28620,"Ladang Sabai"
6,28620,"Ladang Sang Lee"
6,28620,"Ladang Temelong"
6,28620,"Ladang Thong Heng"
6,28620,"Ladang Timah"
6,28620,"Ladang Tuan"
6,28620,"Orchad Height"
6,28620,"Sungai Perdak"
6,28620,"Taman Telemong Indah"
6,28620,Telemong
6,28700,"Bandar Hussin"
6,28700,Bentong
6,28700,"Cegar Mendung"
6,28700,"Jalan Karak (Batu 2)"
6,28700,"Jalan Kuala Lumpur (Batu 11)"
6,28700,"Jalan Kuala Lumpur (Batu 4)"
6,28700,"Jalan Tras (Batu 1 - 3)"
6,28700,"Kampung Baharu Penjuring"
6,28700,"Kampung Baru"
6,28700,"Kampung Baru Bentong"
6,28700,"Kampung Baru Kemansur"
6,28700,"Kampung Baru Ketari"
6,28700,"Kampung Batu 3 (Jalan Kuala Lumpur)"
6,28700,"Kampung Benggali"
6,28700,"Kampung Benus"
6,28700,"Kampung Bukit Piatu"
6,28700,"Kampung Chamang"
6,28700,"Kampung Chamang Baru"
6,28700,"Kampung Chamang Lama"
6,28700,"Kampung Chegar Medang"
6,28700,"Kampung Gementi"
6,28700,"Kampung Kemansor"
6,28700,"Kampung Ketari"
6,28700,"Kampung Kuala Repas"
6,28700,"Kampung Perting"
6,28700,"Kampung Repas"
6,28700,"Kampung Sungai Gabong"
6,28700,"Kampung Sungai Miak"
6,28700,"Kampung Ulu Perting"
6,28700,"Kem Bentong"
6,28700,Kemansur
6,28700,Kemasul
6,28700,"Ladang Pak Wai"
6,28700,Mindef
6,28700,"MRSM Bentong"
6,28700,"Pekan Ketari"
6,28700,"Perumahan Melayu Kampung Baru"
6,28700,"Sungai Marong"
6,28700,"Sungai Penjuring"
6,28700,"Taman Aman"
6,28700,"Taman Anggerik"
6,28700,"Taman Bentung Ketari"
6,28700,"Taman Benus Jaya"
6,28700,"Taman Benus Permai"
6,28700,"Taman Bukit Bayong"
6,28700,"Taman Bukit Bentong"
6,28700,"Taman Bukit Chamang"
6,28700,"Taman Bukit Indah"
6,28700,"Taman Bukit Kuda"
6,28700,"Taman Bumi Cemerlang"
6,28700,"Taman Cempaka"
6,28700,"Taman Cempaka 2"
6,28700,"Taman Chegar Medang"
6,28700,"Taman Dahlia"
6,28700,"Taman Dato Hussin"
6,28700,"Taman Dato Shah Bandar"
6,28700,"Taman Desa Damai"
6,28700,"Taman Desa Ria"
6,28700,"Taman Gemilang"
6,28700,"Taman Harmoni"
6,28700,"Taman Ketari"
6,28700,"Taman Kolej"
6,28700,"Taman Kolej Baru"
6,28700,"Taman KSM"
6,28700,"Taman Mawar"
6,28700,"Taman Mawar Indah"
6,28700,"Taman Mawar Sari"
6,28700,"Taman Melati"
6,28700,"Taman Meranti"
6,28700,"Taman Mindef"
6,28700,"Taman Muhibbah"
6,28700,"Taman Okid"
6,28700,"Taman Okid 2"
6,28700,"Taman Pelangi"
6,28700,"Taman Saga"
6,28700,"Taman Seri Bentong"
6,28700,"Taman Seri Marong"
6,28700,"Taman Seri Wangi"
6,28700,"Taman Seroja"
6,28700,"Taman Shahbandar Husin"
6,28700,"Taman Sri Siantan"
6,28700,"Taman Sri Tanjong"
6,28700,"Taman Sungai Marong"
6,28700,"Taman Wangi"
6,28700,"Zon Perindustrian 2"
6,28700,"Zon Perindustrian Bentong"
6,28707,"Bentong - Peti surat"
6,28709,"Bentong - Beg berkunci"
6,28730,"Kampung Baru Manchis"
6,28730,"Kampung Ponson"
6,28730,"Kampung Semei"
6,28730,"Kampung Shefei"
6,28730,"Kampung Ulu Shafei"
6,28730,"Ladang Bentong"
6,28730,Manchis
6,28740,"Kampung Baharu Pelangai"
6,28740,"Kampung Baris"
6,28740,"Kampung Batu Gajah"
6,28740,"Kampung Hayat"
6,28740,"Kampung Jawi-Jawi"
6,28740,"Kampung Simpang Pelangai"
6,28740,"Lembaga Jaya"
6,28750,"Bukit Tinggi"
6,28750,"Genting Sepah"
6,28750,"Kampung Chemperoh"
6,28750,"Kampung Cheringing Tengah"
6,28750,"Kampung Cheringing Ulu"
6,28750,"Kampung Janda Baik"
6,28750,"Kampung Sum-Sum"
6,28750,"Kampung Sum-Sum Hilir"
6,28750,Lentang
6,28750,"Selesa Hillhomes"
6,28800,"Kampung Lebu"
6,28800,"Lurah Bilut"
6,28800,Simpai
6,39000,"Carnation Park (Block A - E)"
6,39000,"Gunung Berinchang"
6,39000,"Kampung Orang Asli Sungai Ruil"
6,39000,"Kampung Raja"
6,39000,"Kampung Teringkap"
6,39000,"Kuala Terala"
6,39000,"Ladang Blue Valley"
6,39000,"Ladang Shum Yip Leong"
6,39000,"Ladang Sungai Palas"
6,39000,"Ladang Teh Bharat"
6,39000,"Ladang The Bharat"
6,39000,"Persiaran Camelia (1- 4 Bandar Baru)"
6,39000,"Taman Sedia"
6,39000,"Tanah Rata"
6,39000,"Tanah Rata (Batu 49)"
6,39000,"Tanah Tinggi Cameron"
6,39007,"Tanah Rata - Peti Surat"
6,39009,"Tanah Rata - Beg BerKunci"
6,39010,"Kampung Raja"
6,39010,"Kuala Terla"
6,39010,"Ladang Blue Valley"
6,39010,"Tanah Rata Batu 49"
6,39100,"Arked Peladang"
6,39100,"Bandar Baru Brinchang"
6,39100,Brinchang
6,39100,"Equatorial Hotel"
6,39100,"Flat JKR"
6,39100,"Gerai MDCH Kea Farm"
6,39100,"Gerai Terminal Inn"
6,39100,"Green Cow"
6,39100,"Ibu Pejabat Polis Brinchang"
6,39100,"Jalan Kolam Air"
6,39100,"Jalan Kuari"
6,39100,"Jalan Kuari 2"
6,39100,"Jalan Pekan Lama"
6,39100,"Jalan Sungai Palas"
6,39100,"Jalan Ulu Tringkap"
6,39100,"Kampung Baru Brinchang"
6,39100,"Kampung Baru Teringkap"
6,39100,"Kampung Melayu Teringkap"
6,39100,"Kampung Tringkap"
6,39100,"Kea Farm"
6,39100,"Pasar Brinchang"
6,39100,"Pasar Tringkap"
6,39100,"Rumah-Rumah Tentera"
6,39100,"S.K Brinchang"
6,39100,"Sungai Burung"
6,39100,"Taman Bukit Indah"
6,39100,"Taman MCA Tringkap"
6,39100,"Taman Teringkap Puncak"
6,39100,Teringkap
6,39200,"Bertam Valley"
6,39200,"Gerai Makan Ringlet"
6,39200,"Hotel Lake House"
6,39200,"Jalan Bertam Valley"
6,39200,"Jalan Ladang Boh"
6,39200,"Jalan MDCH"
6,39200,"Jalan Ulu Bertam"
6,39200,"Jalan Ulu Merah"
6,39200,"Jalan Ulu Ringlet"
6,39200,"Kampung Baru"
6,39200,"Kampung Baru B"
6,39200,"Kampung Lama A"
6,39200,"Kampung Lubok Tamang"
6,39200,"Kampung Melayu"
6,39200,"Kampung Sungai Kabuk"
6,39200,"Ladang Boh"
6,39200,"Ladang Ng Teong Kiat"
6,39200,"Ladang Shum Yip Leong"
6,39200,"Pangsapuri Aster"
6,39200,"Pekan Bertam Valley SA"
6,39200,"Pekan Bertam Valley SB"
6,39200,"Pekan Rengit"
6,39200,"Pusat Bengkel Ulu Ringlet"
6,39200,"Quarters Hospital"
6,39200,"Quarters JKR"
6,39200,"Quarters Loji Stir Habu"
6,39200,"Quarters TNB"
6,39200,Ringlet
6,39200,"Rumah Murah"
6,39200,"Sungai Parang"
6,39200,"Taman Bertam Mewah"
6,39200,"Taman Evergreen Villa"
6,39200,"Taman Ipoh Land Aquiti"
6,39200,"Taman Lake View"
6,39200,"Taman Malar Hijau"
6,39200,"Taman MCA"
6,39200,"Taman MCA Lembah Bertam"
6,39200,"Taman Mewah"
6,39200,"Taman Orchid Deluxe Park"
6,39200,"Taman Pelangi"
6,39200,"Taman Ringlet"
6,39200,"Taman Sri Bertam"
6,49000,"Bukit Fraser"
6,49000,"Jalan Widuri"
6,69000,"Genting Highlands"
