9,01000,"Taman Jawi Matang"
9,01000,"Taman Desa Bintong"
9,01000,"Taman Datuk Wan Ahmad"
9,01000,"Taman Datuk Setia"
9,01000,"Taman Datuk Jaafar Hassan"
9,01000,"Taman Choo Kee"
9,01000,"Taman Ceria"
9,01000,"Taman Cergas"
9,01000,"Taman Cahaya"
9,01000,"Taman Bunga Raya"
9,01000,"Taman Jawi Matang"
9,01000,"Taman Desa Bintong"
9,01000,"Taman Datuk Wan Ahmad"
9,01000,"Taman Datuk Setia"
9,01000,"Taman Datuk Jaafar Hassan"
9,01000,"Taman Choo Kee"
9,01000,"Taman Ceria"
9,01000,"Taman Cergas"
9,01000,"Taman Cahaya"
9,01000,"Taman Bunga Raya"
9,01000,"Taman Bunga Kemboja RPA"
9,01000,"Taman Bumita"
9,01000,"Taman Bukit Kayangan"
9,01000,"Taman Bukit Kaya"
9,01000,"Taman Bintong Utama"
9,01000,"Taman Bintong Setia"
9,01000,"Taman Bintong Maju"
9,01000,"Taman Behor Indah"
9,01000,"Taman Desa Jarak"
9,01000,"Taman Desa Katong"
9,01000,"Taman Jarak"
9,01000,"Taman Jali"
9,01000,"Taman Ira"
9,01000,"Taman Intan"
9,01000,"Taman Indera"
9,01000,"Taman Idaman"
9,01000,"Taman Hijrah"
9,01000,"Taman Guru Jaya"
9,01000,"Taman Guru"
9,01000,"Taman Gembira"
9,01000,"Taman Gasing"
9,01000,"Taman Firdaus"
9,01000,"Taman Fauziah"
9,01000,"Taman Desa Sentua"
9,01000,"Taman Desa Putra"
9,01000,"Taman Desa Pulai"
9,01000,"Taman Desa Kayangan"
9,01000,"Taman Bakau Emas"
9,01000,"Taman Aman"
9,01000,"Taman Abu Bakar Munir"
9,01000,"Kampung Ujung Bukit"
9,01000,"Kampung Tok Sumbing"
9,01000,"Kampung Tok Pong"
9,01000,"Kampung Tok Peduka"
9,01000,"Kampung Tok Larak"
9,01000,"Kampung Tok Kembong"
9,01000,"Kampung Tok Kandang"
9,01000,"Kampung Tok Jepun"
9,01000,"Kampung Tok Jawa"
9,01000,"Kampung Tok Gong"
9,01000,"Kampung Tok Dewa"
9,01000,"Kampung Titi Tok Bandar"
9,01000,"Kampung Titi Teras"
9,01000,"Kampung Tengah Abi"
9,01000,"Kampung Temak"
9,01000,"Kampung Telok Tui"
9,01000,"Kampung Telok Kacang"
9,01000,"Kampung Utan Aji"
9,01000,"Kampung Utan Temak"
9,01000,"Sena Rendang"
9,01000,Repoh
9,01000,"Perumahan Awam Santan"
9,01000,"Perumahan Awam Bohor Lateh"
9,01000,"Pengkalan Asam"
9,01000,"Padang Bohor"
9,01000,"Mengkuang Layar"
9,01000,"Lukuk Gajah"
9,01000,"Lorong Sekolah"
9,01000,"Lorong Nisam"
9,01000,"Lorong Kampung Sena"
9,01000,"Lorong Haji Seman"
9,01000,"Kubang Arang"
9,01000,Kangar
9,01000,"Kampung Wang Ulu"
9,01000,"Kampung Wang Besar"
9,01000,"Kampung Wang Belimbing"
9,01000,"Kampung Telok Jambu"
9,01000,"Ujung Batu"
9,01000,"Taman Seri Pilihan"
9,01000,"Taman Seri Murni"
9,01000,"Taman Seri Medan"
9,01000,"Taman Seri Manis"
9,01000,"Taman Seri Intan"
9,01000,"Taman Seri Idaman"
9,01000,"Taman Seri Embun"
9,01000,"Taman Seri Bahagia"
9,01000,"Taman Sepadu 1"
9,01000,"Taman Sepadu"
9,01000,"Taman Sentua"
9,01000,"Taman Sena Permai"
9,01000,"Taman Sena Indah"
9,01000,"Taman Sena"
9,01000,"Taman Repoh Jaya"
9,01000,"Taman Repoh Indah"
9,01000,"Taman Repoh"
9,01000,"Taman Seri Puchong"
9,01000,"Taman Seri Pulai 4"
9,01000,"Tok Peduka"
9,01000,"Titi Midin"
9,01000,"Titi Chai"
9,01000,"Taman Wira"
9,01000,"Taman Utara"
9,01000,"Taman Utama Indah"
9,01000,"Taman Utama"
9,01000,"Taman Tok Peduka"
9,01000,"Taman Teratai"
9,01000,"Taman Ten"
9,01000,"Taman Syed Alwi"
9,01000,"Taman Suriani"
9,01000,"Taman Sri Guar Syed Alwi"
9,01000,"Taman Simpang Tiga"
9,01000,"Taman Setia Utama"
9,01000,"Taman Seriab"
9,01000,"Taman Seri Tanjung"
9,01000,"Taman Rasa Sayang"
9,01000,"Taman Putra Putri"
9,01000,"Taman Putera"
9,01000,"Taman Mas Putra"
9,01000,"Taman Mas Muda"
9,01000,"Taman Mada Sepakat"
9,01000,"Taman Lima Naleh"
9,01000,"Taman Lewata"
9,01000,"Taman Koperasi"
9,01000,"Taman Kenanga"
9,01000,"Taman Kemajuan"
9,01000,"Taman Kecor Indah"
9,01000,"Taman Kechor Jaya"
9,01000,"Taman Kechor Indah"
9,01000,"Taman Kayangan Indah"
9,01000,"Taman Kastam"
9,01000,"Taman Kangar"
9,01000,"Taman Jelati"
9,01000,"Taman Jejawi"
9,01000,"Taman Jaya Diri"
9,01000,"Taman Mas Ria"
9,01000,"Taman Medan Sepakat"
9,01000,"Taman Pertiwi Seriab"
9,01000,"Taman Pertiwi Indah"
9,01000,"Taman Pertama"
9,01000,"Taman Permai"
9,01000,"Taman Perlis"
9,01000,"Taman Pengkalan Indah"
9,01000,"Taman Pengkalan Assam"
9,01000,"Taman Pekeliling"
9,01000,"Taman Peduka"
9,01000,"Taman Norma"
9,01000,"Taman Mutiara"
9,01000,"Taman Murni"
9,01000,"Taman Muda Sepakat"
9,01000,"Taman Mewah"
9,01000,"Taman Mesra Jejawi"
9,01000,"Taman Mesra"
9,01000,"Taman Merpati"
9,01000,"Taman Jaya"
9,01000,"Kampung Bukit Kecil"
9,01000,"Kampung Behor Cicar"
9,01000,"Kampung Batu Pahat"
9,01000,"Kampung Batu 3.5 (Jalan Kaki Bukit)"
9,01000,"Kampung Baru Santan"
9,01000,"Kampung Baru"
9,01000,"Kampung Baroh"
9,01000,"Kampung Bakong (Jejawi)"
9,01000,"Kampung Bakau"
9,01000,"Kampung Aur"
9,01000,"Kampung Asam 6"
9,01000,"Kampung Aman"
9,01000,"Kampung Alor Sena"
9,01000,"Kampung Alor Redeh"
9,01000,"Kampung Alor Pulai"
9,01000,"Kampung Alor Marus"
9,01000,"Kampung Alor Lanchang"
9,01000,"Kampung Alor Kabong"
9,01000,"Kampung Behor Empiang"
9,01000,"Kampung Behor Inai"
9,01000,"Kampung Bukit Besi Hangit"
9,01000,"Kampung Bohor Temak"
9,01000,"Kampung Bohor Inai"
9,01000,"Kampung Bohor Goncar"
9,01000,"Kampung Bohor Gelam"
9,01000,"Kampung Bohor Gandil"
9,01000,"Kampung Bohor Chichar"
9,01000,"Kampung Bintong"
9,01000,"Kampung Binjal"
9,01000,"Kampung Bendang Baru"
9,01000,"Kampung Belukar (Kangar)"
9,01000,"Kampung Belat Santan"
9,01000,"Kampung Belangga Pudak"
9,01000,"Kampung Behor Temak"
9,01000,"Kampung Behor Pulai"
9,01000,"Kampung Behor Kebal"
9,01000,"Kampung Behor Janggus"
9,01000,"Kampung Alor Dalam"
9,01000,"Kampung Alor Ara"
9,01000,"Kampung Alor"
9,01000,"Jalan Medan Kangar"
9,01000,"Jalan Masjid Lama"
9,01000,"Jalan Kurung Batang"
9,01000,"Jalan Kangar"
9,01000,"Jalan Kampung Wan Abdullah"
9,01000,"Jalan Kaki Bukit (Batu 4 1/2)"
9,01000,"Jalan Jubli Perak"
9,01000,"Jalan Hospital"
9,01000,"Jalan Home Guard"
9,01000,"Jalan Bukit Meranti"
9,01000,"Jalan Bohor Guncar"
9,01000,"Jalan Besar Kangar"
9,01000,"Jalan Arau"
9,01000,"Jalan Alor Sena"
9,01000,"Jalan Abi Tok Hashim"
9,01000,"Bohor Gelam"
9,01000,"Alor Tok Terang"
9,01000,"Jalan Padang Bohor"
9,01000,"Jalan Panglima"
9,01000,"Kampung Abi Tok Hashim"
9,01000,"Kampung Abi Pokok Asam"
9,01000,"Kampung Abi Padang Machang"
9,01000,"Kampung Abi Batas Paip"
9,01000,Jejawi
9,01000,"Jalan Tun Razak"
9,01000,"Jalan Tok Kandang"
9,01000,"Jalan Teluk Kacang"
9,01000,"Jalan Taman Bunga Padi"
9,01000,"Jalan Syed Omar"
9,01000,"Jalan Seruling"
9,01000,"Jalan Santan (Km 5)"
9,01000,"Jalan Raja Syed Saffi"
9,01000,"Jalan Raja Syed Alwi"
9,01000,"Jalan Raja Muda"
9,01000,"Jalan Penjara"
9,01000,"Jalan Pegawai"
9,01000,"Alor Redeh"
9,01000,"Kampung Telok Gelam"
9,01000,"Kampung Sempering"
9,01000,"Kampung Santan Masjid"
9,01000,"Kampung Santan Enam"
9,01000,"Kampung Santan Belat"
9,01000,"Kampung Santan Aur"
9,01000,"Kampung Santan"
9,01000,"Kampung Salang"
9,01000,"Kampung Repoh Dagang"
9,01000,"Kampung Repoh"
9,01000,"Kampung Pulau"
9,01000,"Kampung Pondok"
9,01000,"Kampung Pokok Jawi"
9,01000,"Kampung Petai Hilir"
9,01000,"Kampung Petai"
9,01000,"Kampung Peseri"
9,01000,"Kampung Pengkalan Asam"
9,01000,"Kampung Penghulu Bakar"
9,01000,"Kampung Sena"
9,01000,"Kampung Sena Sematang"
9,01000,"Kampung Telok Epa"
9,01000,"Kampung Telaga Nyiur Manis"
9,01000,"Kampung Telaga Idi"
9,01000,"Kampung Tebing Tinggi"
9,01000,"Kampung Tanjung Sila"
9,01000,"Kampung Tanjung Gorah"
9,01000,"Kampung Tanjung Buluh"
9,01000,"Kampung Tanjung"
9,01000,"Kampung Syed Umar"
9,01000,"Kampung Surau"
9,01000,"Kampung Sungai Siran"
9,01000,"Kampung Sungai Santan"
9,01000,"Kampung Sungai Baru"
9,01000,"Kampung Sungai Bakong"
9,01000,"Kampung Seriab"
9,01000,"Kampung Sentua"
9,01000,"Kampung Sentang"
9,01000,"Kampung Parit Jari"
9,01000,"Kampung Panggau"
9,01000,"Kampung Bunga Pudak"
9,01000,"Kampung Kota Keran"
9,01000,"Kampung Kota"
9,01000,"Kampung Keranji"
9,01000,"Kampung Kechor"
9,01000,"Kampung Jejawi Sematang"
9,01000,"Kampung Jejawi Dalam"
9,01000,"Kampung Jarak"
9,01000,"Kampung Hutan Melintang"
9,01000,"Kampung Hutan Buluh"
9,01000,"Kampung Haji Daud"
9,01000,"Kampung Guru"
9,01000,"Kampung Gunong"
9,01000,"Kampung Guar Ujung Batu"
9,01000,"Kampung Guar Syed Alwi"
9,01000,"Kampung Datuk"
9,01000,"Kampung Dasri"
9,01000,"Kampung Dagang"
9,01000,"Kampung Kota Ulu"
9,01000,"Kampung Kubang Arang"
9,01000,"Kampung Padang Jawa Seriab"
9,01000,"Kampung Padang Katong"
9,01000,"Kampung Padang Kedepiang"
9,01000,"Kampung Padang Machang"
9,01000,"Kampung Padang Nyaring"
9,01000,"Kampung Padang Pauh"
9,01000,"Kampung Padang Petani"
9,01000,"Kampung Padang Seberang"
9,01000,"Kampung Padang Behor"
9,01000,"Kampung Nyak Adam"
9,01000,"Kampung Kubang Badak"
9,01000,"Kampung Kubang Cekuang"
9,01000,"Kampung Kubang Gajah"
9,01000,"Kampung Kurung Batang"
9,01000,"Kampung Lin"
9,01000,"Kampung Masjid (Kangar)"
9,01000,"Kampung Mengkuang Layar"
9,01000,"Kampung Nissam"
9,01007,"Kangar - Peti surat"
9,01009,"Kangar - Beg berkunci"
9,01500,"DYMM Tuanku Raja Perlis"
9,01502,"YAB Menteri Besar Perlis"
9,01503,"Setiausaha Kerajaan Negeri"
9,01504,"Biro Bantuan Guaman"
9,01505,"Biro Pengaduan Awam"
9,01506,"Mahkamah Tinggi"
9,01506,"Mahkamah Sesyen"
9,01508,"Amanah Raya Berhad"
9,01512,"Penasihat Undang-Undang Negeri"
9,01514,"Jabatan Perangkaan"
9,01516,"Jabatan Pemegang Harta"
9,01517,"Jabatan Perpaduan Negara"
9,01518,"Jabatan Audit Negeri"
9,01524,"Setiausaha Keselamatan Negeri"
9,01529,"Unit Penyelidikan Sosio Ekonomi"
9,01532,"Jabatan Sumber Manusia"
9,01538,"Jabatan Keselamatan Sosial (Perkeso)"
9,01540,"Jabatan Tenaga Rakyat"
9,01546,"Unit Pencegah Penyeludupan"
9,01546,"Pejabat Rela Negeri"
9,01550,"Jabatan Imigresen"
9,01551,"Jabatan Pendaftaran Negara"
9,01556,"Jabatan Pertahanan Awam"
9,01560,"Ketua Polis Negeri"
9,01564,"Jabatan Kebajikan Masyarakat"
9,01570,"Jabatan Belia Dan Sukan"
9,01572,"Perpustakaan Awam Negeri"
9,01576,"Jabatan Tanah Dan Galian"
9,01578,"Jabatan Ukur & Pemetaan"
9,01582,"Jabatan Kerja Raya"
9,01586,"Hospital Kangar"
9,01590,"Jabatan Kesihatan"
9,01592,"Pegawai Kewangan Negeri"
9,01594,"Akauntan Negeri"
9,01596,"Jabatan Kastam & Eksais Di Raja"
9,01598,"Kumpulan Wang Simpanan Pekerja"
9,01600,"Lembaga Hasil Dalam Negeri"
9,01604,"Jabatan Pendidikan"
9,01606,"Jabatan Kemajuan Masyarakat (Kemas)"
9,01608,"Jabatan Pembangunan Koperasi"
9,01609,"Pejabat Mara Negeri"
9,01610,"Bahagian Perlesenan - Kementerian Penerangan"
9,01612,"Jabatan Penerangan"
9,01614,"Jabatan Penyiaran"
9,01620,"Jabatan Pengangkutan Jalan"
9,01622,"Unit Penguatkuasa Kem. Perdagangan & Perindustrian"
9,01626,"Jabatan Pengairan Dan Saliran"
9,01628,"Jabatan Perikanan"
9,01630,"Jabatan Haiwan"
9,01632,"Jabatan Pertanian"
9,01634,"Panglima Markas 12 Briged"
9,01644,"Majlis Perbandaran Kangar"
9,01646,"Jabatan Perancang Bandar Dan Desa"
9,01648,"Jabatan Bomba & Penyelamat"
9,01660,"Jabatan Perhutanan"
9,01664,"Jabatan Perhilitan"
9,01670,"Pos Malaysia Berhad"
9,01672,"Telekom Malaysia Berhad"
9,01673,"Tenaga Nasional Berhad"
9,01674,"Pegawai Kemajuan Negeri"
9,01676,"Jabatan Agama Islam Perlis"
9,01680,"Dewan Undangan Negeri"
9,01694,"Jabatan Kebudayaan & Kesenian"
9,02000,"Kampung Tanjung Gelam"
9,02000,"Kampung Telok"
9,02000,"Kampung Tengah"
9,02000,"Kampung Tengah Bohor Lateh"
9,02000,"Kampung Terus Teritip"
9,02000,"Kampung Titi Serong"
9,02000,"Kampung Tok Kaya"
9,02000,"Kampung Tok Kuning"
9,02000,"Kampung Tandiap"
9,02000,"Kampung Sungai Mati"
9,02000,"Kampung Seberang Tok PI"
9,02000,"Kampung Peladang"
9,02000,"Kampung Perak"
9,02000,"Kampung Pokok Asam"
9,02000,"Kampung Puju"
9,02000,"Kampung Pulau"
9,02000,"Kampung Pulau Ketam"
9,02000,"Kampung Seberang Alor"
9,02000,"Kampung Seberang Jaya"
9,02000,"Kampung Utan Ibus"
9,02000,"Kampung Wai"
9,02000,"Taman Bukit Kubu"
9,02000,"Taman Indera Indah"
9,02000,"Taman Kuala Perlis"
9,02000,"Taman Peladang Jaya"
9,02000,"Taman Semarak"
9,02000,"Taman Sentosa"
9,02000,"Taman Seri Bayu"
9,02000,"Taman Seri Semarak"
9,02000,"Taman Berlian"
9,02000,"Sungai Siput"
9,02000,"Kampung Wang Pinang"
9,02000,"Kawasan Perindustrian Kuala Perlis"
9,02000,"Kuala Perlis"
9,02000,"Persiaran Putra Timur 1"
9,02000,"PPRT Tok Kuning"
9,02000,"Rancangan Perumahan Awam 2 KPS"
9,02000,"Sungai Berembang"
9,02000,"Sungai Manor"
9,02000,"Taman Suria"
9,02000,"Kampung Pak Lengah"
9,02000,"Al Marhom Kayang"
9,02000,"Jalan Siakap"
9,02000,"Jalan Simpang Empat (Batu 3 3\/4 - 4 1\/2)"
9,02000,"Kampung Bahagia"
9,02000,"Kampung Bangsal Lebah"
9,02000,"Kampung Baru (Jalan Sarawak)"
9,02000,"Kampung Baru Jeti"
9,02000,"Kampung Baru Tandiap"
9,02000,"Kampung Baru Tok Kuning"
9,02000,"Jalan Serawak"
9,02000,"Jalan Panggong"
9,02000,"Bohor Lateh"
9,02000,"Bohor Mali"
9,02000,"Bukit Puteh"
9,02000,"Bukit Tok Po"
9,02000,"Jalan Besar"
9,02000,"Jalan Lama Kuala Perlis (Batu 4)"
9,02000,"Jalan Masjid"
9,02000,"Jalan Miri"
9,02000,"Kampung Batu Buaya"
9,02000,"Kampung Batu Lima"
9,02000,"Kampung Kota Kayang"
9,02000,"Kampung Kuala"
9,02000,"Kampung Kurung Tengar"
9,02000,"Kampung Langgar"
9,02000,"Kampung Nelayan"
9,02000,"Kampung Padang Besar Selatan"
9,02000,"Kampung Padang Cina"
9,02000,"Kampung Padang Jamil"
9,02000,"Kampung Kolam Raja"
9,02000,"Kampung Hujung Tanjung"
9,02000,"Kampung Bukit Papan"
9,02000,"Kampung Behor Lateh"
9,02000,"Kampung Belakang Kilang"
9,02000,"Kampung Besar"
9,02000,"Kampung Bohor Ibus"
9,02000,"Kampung Bohor Lateh"
9,02000,"Kampung Bohor Mesjid"
9,02000,"Kampung Bohor Rotan Pahit"
9,02000,"Kampung Bohor Tui"
9,02100,"Kampung Tok Wan Nik"
9,02100,"Kampung Titi Tinggi Ulu"
9,02100,"Kampung Titi Tinggi Hilir"
9,02100,"Kampung Titi Tinggi"
9,02100,"Kampung Tersusun (Batu 20)"
9,02100,"Kampung Syed Abdan"
9,02100,"Kampung Sungai Chuchuh"
9,02100,"Kampung Sena"
9,02100,"Kampung Sahabat"
9,02100,"Kem Askar Rimba Mab"
9,02100,"Padang Besar"
9,02100,"Pusat Serenti Bukit Cabang"
9,02100,"Taman Singgah Sana"
9,02100,"Taman Perumahan Awam"
9,02100,"Taman Kim 2"
9,02100,"Taman Kim"
9,02100,"Taman Kastam Baru"
9,02100,"Taman Bunga Cina"
9,02100,"Taman Bunga Cempaka"
9,02100,"Sekolah Menengah Padang Besar"
9,02100,"Taman Utara Jaya (Fasa 1 - 3)"
9,02100,"Kampung Petani"
9,02100,"Bukit Cabang"
9,02100,"Kampung Alor Dalam (Bukit Chabang)"
9,02100,"Jalan Padang Besar (Km 19)"
9,02100,"Gapura Squre"
9,02100,"Gapura Square"
9,02100,"Felda Rimba Mas"
9,02100,"Felda Mata Ayer"
9,02100,"Felcra Lubuk Sireh"
9,02100,"Emas Kerajang"
9,02100,"Kampung Asmara"
9,02100,"Kampung Baru"
9,02100,"Kampung Baru Bukit Chabang"
9,02100,"Kampung Padang Mawa"
9,02100,"Kampung Melayu"
9,02100,"Kampung Masjid"
9,02100,"Kampung Kolam"
9,02100,"Kampung Kok Mak"
9,02100,"Kampung Guar Tinggi (Titi Tinggi)"
9,02100,"Kampung Chantek"
9,02100,"Kampung Bukit Chabang"
9,02100,"Kampung Baru Jalan Sahabat"
9,02200,"Taman Singgahsana"
9,02200,"Kampung Wang Kelian"
9,02200,"Kampung Tassoh"
9,02200,"Kaki Bukit"
9,02200,"Jalan Padang Besar (Batu 16)"
9,02400,"Kampung Sungai Buloh"
9,02400,"Kampung Sungai Jerneh"
9,02400,"Kampung Sungai Paya"
9,02400,"Kampung Sungai Serai"
9,02400,"Kampung Tanjong"
9,02400,"Kampung Titi Tampang"
9,02400,"Kampung Tunjong Beseri"
9,02400,"Kampung Wang Pisang"
9,02400,"Kampung Wang Tangga"
9,02400,"Kampung Wang Tengku Lembu"
9,02400,"Kilang Gula"
9,02400,"Lembaga Pertubuhan Peladang"
9,02400,"Lembaga Tembakau Negara"
9,02400,"Lubuk Besar"
9,02400,"Kampung Sungai Baru Serai"
9,02400,"Kampung Songla"
9,02400,"Kampung Simpang 3 Panggas"
9,02400,"Kampung Padang Lati"
9,02400,"Kampung Padang Malau"
9,02400,"Kampung Padang Melangit"
9,02400,"Kampung Paya"
9,02400,"Kampung Paya Kelubi"
9,02400,"Kampung Paya Senduk"
9,02400,"Kampung Paya Ulu"
9,02400,"Kampung Penghulu Jaafar"
9,02400,"Kampung Perawah"
9,02400,"Kampung Raja Conggah"
9,02400,"Kampung Semadong"
9,02400,"Kampung Sena Rendang"
9,02400,"Kampung Simpang 3 Kilang Gula"
9,02400,"Kampung Padang Jelutong"
9,02400,"Maktab Rendah Sains Mara"
9,02400,"Taman Beseri Indah"
9,02400,"Taman Beseri Jaya"
9,02400,"Taman Beseri Murni"
9,02400,"Taman Beseri Paya"
9,02400,"Taman Bunga Geti"
9,02400,"Taman Che Long"
9,02400,"Taman Dua Puluh"
9,02400,"Taman Geti"
9,02400,"Taman Has Melati"
9,02400,"Taman Haz Melati"
9,02400,"Taman Mas (Beseri)"
9,02400,"Taman Melati Indah (Beseri)"
9,02400,"Taman Permai"
9,02400,"Taman Bahagia"
9,02400,"Taman Angsana"
9,02400,"Sekolah Menengah semadung"
9,02400,"Padang lati"
9,02400,"Paya Batu 5"
9,02400,"Paya Besar"
9,02400,"Paya Pauh Gembol"
9,02400,"Paya Pauh Gembol"
9,02400,"Paya Senduk"
9,02400,"Paya Tengah"
9,02400,"Perumahan Kilang Gula"
9,02400,"Perumahan Perlis Plantation"
9,02400,"Pusat Haiwan Bukit Temiang"
9,02400,"RPA Batu 8"
9,02400,"RPA Bukit Keteri"
9,02400,"RPA Chuping"
9,02400,"Taman Sempurna Jaya"
9,02400,Beseri
9,02400,"Kampung Alor Kangar"
9,02400,"Kampung Alor Tampang"
9,02400,"Kampung Balai Baru"
9,02400,"Kampung Baru Ngulang"
9,02400,"Kampung Baru Pangas"
9,02400,"Kampung Batu Bertangkup"
9,02400,"Kampung Batu Hampar (Beseri)"
9,02400,"Kampung Behor Kulit Kerang"
9,02400,"Kampung Behor Madi"
9,02400,"Kampung Belat Batu Beseri"
9,02400,"Kampung Belukar Lengga"
9,02400,"Kampung Beseri Dalam"
9,02400,"Kampung Beseri Jaya"
9,02400,"Kampung  Semadung"
9,02400,"JKR Bekalan Air Tassoh"
9,02400,"JKR (bekalan air timah tasoh)"
9,02400,"Beseri Dalam"
9,02400,"Bilal Uduh"
9,02400,"Bohor Madi"
9,02400,"Bukit Keteri"
9,02400,"Empangan Timah Tassoh JPS"
9,02400,"Guar Panji"
9,02400,"Institut Kemahiran Mara"
9,02400,"Jabatan Pertanian Bukit Temiang"
9,02400,"Jalan Asam Paya"
9,02400,"Jalan Beseri - Bukit Keteri"
9,02400,"Jalan Kaki Bukit (Batu 4 3\/4 - 6 1\/4)"
9,02400,"Jalan padang melangit"
9,02400,"Jalan Santan (Batu 3 3\/4 - 5)"
9,02400,"Kampung Bilal Uduh"
9,02400,"Kampung Bohor Luar"
9,02400,"Kampung Kelang Beseri"
9,02400,"Kampung Kepala Batas Dato Kayaman"
9,02400,"Kampung Kubang Jeliti"
9,02400,"Kampung Kubang Tiga"
9,02400,"Kampung Kubang Tiga"
9,02400,"Kampung Lembah Biak"
9,02400,"Kampung Lubok Batu"
9,02400,"Kampung Lubok Gajah"
9,02400,"Kampung Lubok Hitam Manis"
9,02400,"Kampung Lubuk Machang"
9,02400,"Kampung Masjid Beseri"
9,02400,"Kampung Mempelas"
9,02400,"Kampung Ngulang"
9,02400,"Kampung Padang Gelam"
9,02400,"Kampung Guar Sanai"
9,02400,"Kampung Guar Medan Gatal"
9,02400,"Kampung Bongkok"
9,02400,"Kampung Bukit Jernih"
9,02400,"Kampung Bukit Kedak"
9,02400,"Kampung Bukit Manek Barat"
9,02400,"Kampung Bukit Merah"
9,02400,"Kampung Bukit Merah Hilir"
9,02400,"Kampung Bukit Merah Hulu"
9,02400,"Kampung Bukit Merah Hulu"
9,02400,"Kampung Guar Jentek"
9,02400,"Kampung Datuk Sheikh Ahmad"
9,02400,"Kampung Darat Selatan"
9,02400,"Kampung Darat"
9,02400,"Kampung Chichak Terbelit"
9,02400,"Kampung Bukit Temiang"
9,02450,"Kampung Padang Jelutong"
9,02450,"Kampung Paya Kelubi"
9,02450,"Kampung Perawah"
9,02450,"Kampung Songla"
9,02450,"Kampung Sungai Buloh"
9,02450,"Taman Tunjung"
9,02450,"Kampung Padang Gelam"
9,02450,"Kampung Masjid (Beseri)"
9,02450,"Bukit Keteri"
9,02450,"Guar Panji"
9,02450,"Kampung Belukar Lengga"
9,02450,"Kampung Bukit Jernih"
9,02450,"Kampung Kepala Batas Dato Kaya"
9,02450,"Kampung Kubang Tiga"
9,02500,"Kampung Simpang Geti"
9,02500,"Kampung Saikla"
9,02500,"Kampung Pokok Sena"
9,02500,"Kampung Pokok Petai"
9,02500,"Kampung Perik"
9,02500,"Kampung Paya Burma"
9,02500,"Kampung Panggas Kechil"
9,02500,"Kampung Panggas Besar"
9,02500,"Kampung Panggas"
9,02500,"Kampung Padang Nyu"
9,02500,"Kampung Oran"
9,02500,"Kampung Sungai Mati"
9,02500,"Kok Klang"
9,02500,"Lubuk Besar"
9,02500,"Taman Sri Idaman"
9,02500,"Taman Selasih"
9,02500,"Taman Ria"
9,02500,"Taman Permata"
9,02500,"Taman Padang Nyu"
9,02500,"Taman Mata Air (2 - 3)"
9,02500,"Taman Haji Ali (RPA)"
9,02500,"Stesen Meteorilogi"
9,02500,"Sekolah Jenis Kebangsaan Cina Kong Aik"
9,02500,"Pekan Gate Mata Air"
9,02500,"Mata Ayer"
9,02500,"Kampung Kubang Peron"
9,02500,"Kampung Kersek (Mata Ayer)"
9,02500,"Bukit Chuping"
9,02500,"Kampung Changkat Lada"
9,02500,"Kampung Bukit Chuping"
9,02500,"Kampung Belukar (Mata Ayer)"
9,02500,"Kampung Bawah Bukit"
9,02500,"Kampung Banggol Sena"
9,02500,"Kampung Balik Guar"
9,02500,"Kampung Balik Bukit Selatan"
9,02500,"Kampung Balik Bukit"
9,02500,"Jalan Mata Ayer (Km 1.6 - 6)"
9,02500,"Hutan Lembah"
9,02500,"Felda Chuping"
9,02500,"Kampung Che gu Ali"
9,02500,"Kampung Chelong"
9,02500,"Kampung Kersek (Kangar)"
9,02500,"Kampung Kerisik Hilir"
9,02500,"Kampung Hutan Temin"
9,02500,"Kampung Hutan Lembah"
9,02500,"Kampung Hutan Lembah"
9,02500,"Kampung Guar Nangka"
9,02500,"Kampung Guar Nangka"
9,02500,"Kampung Chuping"
9,02500,"Kampung Gial"
9,02500,"Kampung Gial Tengah"
9,02500,"Kampung Guar Halban"
9,02500,"Kampung Guar Musang"
9,02600,"Kampung Telaga Haji Latif"
9,02600,"Kampung Tambun Tulang"
9,02600,"Kampung Stesen"
9,02600,"Kampung Sena"
9,02600,"Kampung Pulau Pichai"
9,02600,"Kampung Pida 3 Lama"
9,02600,"Kampung Pauh"
9,02600,"Kampung Paloh"
9,02600,"Kampung Padang Telela"
9,02600,"Kampung Telok"
9,02600,"Kampung Titi Besi"
9,02600,"Kampung Ulu Pauh"
9,02600,"UiTM Arau"
9,02600,"Taman Utara Guar Sanji"
9,02600,"Taman Sri Pauh"
9,02600,"Taman Seri Wangi"
9,02600,"Taman Seri Idaman"
9,02600,"Taman Pauh Indah"
9,02600,"Taman Desa Pauh"
9,02600,"Rani Estate"
9,02600,Pauh
9,02600,"Kampung Padang Siding"
9,02600,"Kampung Padang Biak"
9,02600,Arau
9,02600,"Kampung Bohor Mengkung"
9,02600,"Kampung Belukar"
9,02600,"Kampung Belat Raja"
9,02600,"Kampung Belat Batu"
9,02600,"Kampung Batas Liku"
9,02600,"Kampung Banat"
9,02600,"Kampung Bakong (Arau)"
9,02600,"Kampung Alor Merah"
9,02600,"Guar Sanji"
9,02600,"Kampung Bohor Mentalun"
9,02600,"Kampung Changkat Jawi"
9,02600,"Kampung Kubang Siput"
9,02600,"Kampung Kubang Mat Tanggok"
9,02600,"Kampung Kuala Tunggang"
9,02600,"Kampung Katong"
9,02600,"Kampung Jelempok"
9,02600,"Kampung Hutan Kandis"
9,02600,"Kampung Guring"
9,02600,"Kampung Guar Gajah"
9,02600,"Kampung Chermai"
9,02600,"Kampung Changkat Kabu"
9,02607,"Arau - Peti surat"
9,02609,"Arau - Beg berkunci"
9,02700,"Kampung Serdang"
9,02700,"Kampung Sematang Serdang"
9,02700,"Kampung Pulau"
9,02700,"Kampung Permatang Pauh"
9,02700,"Kampung Permatang Limau Manis"
9,02700,"Kampung Permatang Bongor"
9,02700,"Kampung Pauh Tiga Beradek"
9,02700,"Kampung Sungai Baru"
9,02700,"Kampung Sungai Belati"
9,02700,"Kampung Sungai Bugis"
9,02700,"Kampung Sungai Padang"
9,02700,"Kampung Tebuk"
9,02700,"Kampung Titi Beratap"
9,02700,"Kampung Tok Pulau"
9,02700,"Simpang Ampat"
9,02700,"Taman Cendera Wasih"
9,02700,"Taman Pelangi"
9,02700,"Kampung Padang Petani"
9,02700,"Kampung Padang Benta"
9,02700,"Kampung Mua"
9,02700,"Bohor Mali"
9,02700,"Kampung Banir Tembus"
9,02700,"Kampung Batas Lentang"
9,02700,"Kampung Bendang Baru"
9,02700,"Kampung Berjaya"
9,02700,"Kampung Bohor Lalang"
9,02700,"Kampung Bonggor Kudong"
9,02700,"Kampung Bunga Mas"
9,02700,"Kampung Chantek Bangun"
9,02700,"Kampung Che Ok"
9,02700,"Kampung Chemumar"
9,02700,"Kampung Jawi Endol"
9,02700,"Kampung Kenangan"
9,02700,"Kampung Lat Seribu"
9,02700,"Kampung Long Boh"
9,02700,"Kampung Matang Kersek"
9,02700,"Kampung Melintang"
9,02707,"Simpang Ampat - Peti surat"
9,02709,"Simpang Ampat - Beg berkunci"
9,02800,"Kampung Kepala Batas Pauh"
9,02800,"Kampung Kerbau Belaga"
9,02800,"Kampung Matang Keriang"
9,02800,"Kampung Padang Gelam"
9,02800,"Kampung Padang Keria"
9,02800,"Kampung Permatang Pelangu"
9,02800,"Kampung Rama"
9,02800,"Kampung Simpang Sanglang"
9,02800,"Kampung Tanah Timbul"
