12,88000,"Bangunan Asia City"
12,88000,"Bangunan Bank Negara"
12,88000,"Bangunan BFO"
12,88000,"Bangunan Centre Point"
12,88000,"Bangunan Dewan Bandaraya Kota Kinabalu"
12,88000,"Bangunan Dewan Masyarakat Kota Kinabalu"
12,88000,"Bangunan Feri Terminal"
12,88000,"Bangunan Hong Kong Bank"
12,88000,"Bangunan Indra Sabah"
12,88000,"Bangunan Kinabalu Club"
12,88000,"Bangunan KK Plaza"
12,88000,"Bangunan MPKK"
12,88000,"Bangunan Pasar Besar Kota Kinabalu"
12,88000,"Bangunan S.T.P.C"
12,88000,"Bangunan SAFMA"
12,88000,"Bangunan Wawasan Plaza"
12,88000,"Central Building"
12,88000,"Chinese Chamber Building"
12,88000,Elas-Elas
12,88000,"Hong Dua"
12,88000,"Hong Satu"
12,88000,"Hotel Le Meridien"
12,88000,"Hyatt Regency Hotel"
12,88000,"Jalan 12"
12,88000,"Jalan 13"
12,88000,"Jalan 14"
12,88000,"Jalan 15"
12,88000,"Jalan 16"
12,88000,"Jalan 2"
12,88000,"Jalan 20"
12,88000,"Jalan 21"
12,88000,"Jalan 22"
12,88000,"Jalan 23"
12,88000,"Jalan 24"
12,88000,"Jalan 3"
12,88000,"Jalan 4"
12,88000,"Jalan 5"
12,88000,"Jalan 6"
12,88000,"Jalan Albert Kwok"
12,88000,"Jalan Api-Api"
12,88000,"Jalan Bakau"
12,88000,"Jalan Balai Polis"
12,88000,"Jalan Balai Polis Lama"
12,88000,"Jalan Bandaran"
12,88000,"Jalan Bandaran Berjaya"
12,88000,"Jalan Berjaya (1 - 3)"
12,88000,"Jalan Centre"
12,88000,"Jalan Datuk Chong Thian Vun"
12,88000,"Jalan Deasoka"
12,88000,"Jalan Gaya"
12,88000,"Jalan Haji Samad"
12,88000,"Jalan Haji Saman"
12,88000,"Jalan Haji Yaakub"
12,88000,"Jalan Ibu Pejabat Berjaya"
12,88000,"Jalan Jati"
12,88000,"Jalan Kebijakan"
12,88000,"Jalan Labuk"
12,88000,"Jalan Ladang"
12,88000,"Jalan Lapan"
12,88000,"Jalan Lee Tet Phui"
12,88000,"Jalan Liman Diki"
12,88000,"Jalan Masjid Lama"
12,88000,"Jalan Merdeka"
12,88000,"Jalan Padang"
12,88000,"Jalan Padas"
12,88000,"Jalan Pantai"
12,88000,"Jalan Pasar"
12,88000,"Jalan Pasar Baru"
12,88000,"Jalan Pelabuhan"
12,88000,"Jalan Pengiran Fatimah"
12,88000,"Jalan Perpaduan"
12,88000,"Jalan Perpustakaan Negeri"
12,88000,"Jalan Salleh Sulong"
12,88000,"Jalan Satu"
12,88000,"Jalan Sebelas"
12,88000,"Jalan Segama"
12,88000,"Jalan Segumting"
12,88000,"Jalan Sembilan"
12,88000,"Jalan Sembilan Belas"
12,88000,"Jalan Sentosa"
12,88000,"Jalan Sepuloh"
12,88000,"Jalan Sinsuran"
12,88000,"Jalan Sugut"
12,88000,"Jalan Tan Beng Hing"
12,88000,"Jalan Tanjung Lipat"
12,88000,"Jalan Timbuk"
12,88000,"Jalan Tuanku Abdul Rahman"
12,88000,"Jalan Tugu"
12,88000,"Jalan Tujuh"
12,88000,"Jalan Tujuh Belas"
12,88000,"Jalan Tun Razak"
12,88000,"Kampung Air"
12,88000,"King Park Hotel"
12,88000,"Kompleks Asia City"
12,88000,"Kompleks SEDCO"
12,88000,"Kompleks Segama"
12,88000,"Kompleks Sinsuran"
12,88000,"Lebuhraya Pantai Baru"
12,88000,"Lorong 6"
12,88000,"Lorong 7"
12,88000,"Lorong Api-Api"
12,88000,"Lorong Bahasa"
12,88000,"Lorong Bakau"
12,88000,"Lorong Bank"
12,88000,"Lorong Berjaya"
12,88000,"Lorong Dewan"
12,88000,"Lorong Ewan"
12,88000,"Lorong Gumantung"
12,88000,"Lorong Haji Ahmad"
12,88000,"Lorong Haji Yaakub"
12,88000,"Lorong Jati"
12,88000,"Lorong Khidmat"
12,88000,"Lorong Lapan"
12,88000,"Lorong Merdeka"
12,88000,"Lorong Pasar Baru"
12,88000,"Lorong Pelabuhan"
12,88000,"Lorong Pelabuhan A"
12,88000,"Lorong Perpaduan (A & B)"
12,88000,"Lorong Sagunting"
12,88000,"Lorong Sembilan"
12,88000,"Lorong Sembilan Belas"
12,88000,"Lorong Sinsuran"
12,88000,"Lorong T3"
12,88000,"Lorong Yakin"
12,88000,"Marina Court"
12,88000,"Menara Jubli"
12,88000,"Menara MAA"
12,88000,"Menara MBF"
12,88000,"Pengkalan Polis Marin"
12,88000,"Promanade Hotel"
12,88000,"Pusat Kraftangan Filipina"
12,88000,"Ruang Sinsuran 1 - 4"
12,88000,"Ruang Tiong Hwa"
12,88000,"Shangrila Hotel"
12,88000,"Tang Dynasty Hotel"
12,88000,"Warisan Square"
12,88000,"Wisma Bandaraya"
12,88000,"Wisma Budaya"
12,88000,"Wisma Dang Bandang"
12,88000,"Wisma Fook Loi"
12,88000,"Wisma Gaya"
12,88000,"Wisma Gek Poh"
12,88000,"Wisma Great Eastern Life"
12,88000,"Wisma Inti Utama"
12,88000,"Wisma KK"
12,88000,"Wisma Merdeka"
12,88000,"Wisma PendidIkan"
12,88000,"Wisma Perkasa"
12,88000,"Wisma Sabah"
12,88000,"Wisma SEDCO"
12,88000,"Wisma Takada"
12,88000,"Wisma TWB"
12,88000,"Wisma Yakim"
12,88100,"Anjung Perdana"
12,88100,"Apartment Murni"
12,88100,"Balai Bomba Negeri"
12,88100,"Balai Polis Karamunsing"
12,88100,"Balai Polis Tanjung Aru"
12,88100,"Bangunan BSN"
12,88100,"Bangunan Indonesia"
12,88100,"Bangunan Jabatan Tanah dan Ukur"
12,88100,"Bangunan LHDN"
12,88100,"Bangunan LUTH"
12,88100,"Bangunan Maybank"
12,88100,"Bangunan UMNO"
12,88100,"Bangunan USIA"
12,88100,"Casurina Hotel"
12,88100,"Grace Court"
12,88100,"Grace Square"
12,88100,"Grace Villa"
12,88100,"Harbour City"
12,88100,"Hotel Karamunsing"
12,88100,"Hotel Tang Dynasty Park"
12,88100,"Jalan Aru"
12,88100,"Jalan Belia"
12,88100,"Jalan Bukit Nenas"
12,88100,"Jalan Datuk Osman Yusof"
12,88100,"Jalan Edwina"
12,88100,"Jalan Ikan Juara"
12,88100,"Jalan Johor"
12,88100,"Jalan Kampung Tanjong Aru"
12,88100,"Jalan Karamunsing"
12,88100,"Jalan Kedah"
12,88100,"Jalan Kemajuan"
12,88100,"Jalan Kepayan"
12,88100,"Jalan Lapangan Terbang Lama"
12,88100,"Jalan Lingkar"
12,88100,"Jalan Maktab Sabah"
12,88100,"Jalan Markisa"
12,88100,"Jalan Masjid Negeri"
12,88100,"Jalan Mat Salleh"
12,88100,"Jalan Melati"
12,88100,"Jalan Mesra"
12,88100,"Jalan Murai"
12,88100,"Jalan Murni"
12,88100,"Jalan Nilam"
12,88100,"Jalan Padang Tembok"
12,88100,"Jalan Pantai Sembulan"
12,88100,"Jalan Parit"
12,88100,"Jalan Pusat Pembangunan Masyarakat"
12,88100,"Jalan Selangor"
12,88100,"Jalan Sembulan"
12,88100,"Jalan Sembulan Lama"
12,88100,"Jalan Sembulan Tengah"
12,88100,"Jalan Setia"
12,88100,"Jalan Sireh"
12,88100,"Jalan Tangki"
12,88100,"Jalan Tanjung Aru"
12,88100,"Jalan Tas"
12,88100,"Jalan Tengku Abdul Rahman"
12,88100,"Jalan Tun Mustafa"
12,88100,"Kampung Sembulan"
12,88100,"Kampung Sembulan(Lorong 1 - 16)"
12,88100,"Kampung Tanjong Aru"
12,88100,"Kampung Tanjung Aru Baru"
12,88100,"Kampung Tanjung Aru Lama"
12,88100,Karamunsing
12,88100,"Karamunsing Capital"
12,88100,"Karamunsing Warehouse"
12,88100,"Kem Bukit Perwira (507)"
12,88100,"Kem TUDM (571)"
12,88100,"Kinabalu Golf Cub"
12,88100,"KK Time Square"
12,88100,"Kompleks Karamunsing"
12,88100,"Kompleks KWSP"
12,88100,"Lapangan Terbang Kota Kinabalu Lama"
12,88100,"Lorong Aru"
12,88100,"Lorong Balai"
12,88100,"Lorong Bandaran Tanjong Aru"
12,88100,"Lorong Belia"
12,88100,"Lorong Belidah"
12,88100,"Lorong Bunga Kacang Wangi"
12,88100,"Lorong Bunga Kacang Wangi (1 - 2)"
12,88100,"Lorong Bunga Kemunting"
12,88100,"Lorong Bunga Telipoh"
12,88100,"Lorong Bunga Telipoh (1 - 3)"
12,88100,"Lorong Bunga Telor"
12,88100,"Lorong Cacaru"
12,88100,"Lorong Cermin"
12,88100,"Lorong Gerunggong"
12,88100,"Lorong Gerunggong (A & B)"
12,88100,"Lorong Gunung Perlis"
12,88100,"Lorong Ikan Badus"
12,88100,"Lorong Ikan Emas"
12,88100,"Lorong Ikan Krisi"
12,88100,"Lorong Ikan Lais"
12,88100,"Lorong Ikan Panggol"
12,88100,"Lorong Ikan Pepuyu"
12,88100,"Lorong Ikan Tongkol"
12,88100,"Lorong Ikan Yu"
12,88100,"Lorong Jelawat"
12,88100,"Lorong Johor"
12,88100,"Lorong Kampung Sembulan"
12,88100,"Lorong Karamunsing"
12,88100,"Lorong Karamunsing (A - C)"
12,88100,"Lorong Kedah"
12,88100,"Lorong Kepar"
12,88100,"Lorong Kerai"
12,88100,"Lorong Kima"
12,88100,"Lorong Kompleks Kebudayaan"
12,88100,"Lorong Kopi"
12,88100,"Lorong Kurau"
12,88100,"Lorong Lee Thau sang"
12,88100,"Lorong Nilam"
12,88100,"Lorong Pantai Aru"
12,88100,"Lorong Pantai Aru Laut"
12,88100,"Lorong Pasar"
12,88100,"Lorong Perlis"
12,88100,"Lorong Pinang"
12,88100,"Lorong Puru"
12,88100,"Lorong Putian"
12,88100,"Lorong Rumah Pangsa"
12,88100,"Lorong Selidai"
12,88100,"Lorong Selunsung"
12,88100,"Lorong Selunsung (A - G)"
12,88100,"Lorong Sembulan Lama"
12,88100,"Lorong Sempelang"
12,88100,"Lorong Sempelang 1 - 3"
12,88100,"Lorong Surui"
12,88100,"Lorong Taman Prince Philip"
12,88100,"Lorong Tamban"
12,88100,"Lorong Teraut"
12,88100,"Low Cost Housing (LPPB)"
12,88100,"Mahkamah Anak Negeri"
12,88100,"Masjid Negeri"
12,88100,"Menara Khidmat"
12,88100,"Menara Petronas"
12,88100,"Palace Hotel"
12,88100,"Pengkalan Polis Unit Udara"
12,88100,Putatan
12,88100,"Rumah Persekutuan"
12,88100,"Sadong Jaya"
12,88100,"Secred Heart Church"
12,88100,"SK Stella Maris"
12,88100,"SK Tanjung Aru 1"
12,88100,"SK Tanjung Aru 2"
12,88100,"SM Maktab Sabah"
12,88100,"SRJK (C) Chung Hwa"
12,88100,"SRK Secred Heart"
12,88100,"Sutera Harbour Resort"
12,88100,"Taman Elok"
12,88100,"Taman Grace"
12,88100,"Taman Sempelang (MPKK)"
12,88100,"Tanjung Aru"
12,88100,"Tanjung Aru Beach Hotel"
12,88100,"Tanjung Aru Plaza"
12,88100,"Telekom Malaysia Berhad"
12,88100,"Terminal Air Asia"
12,88100,Urusetia
12,88100,"Wakiki Condominium"
12,88100,"Wisma 2020"
12,88100,"Wisma Anglican"
12,88100,"Wisma Kewangan"
12,88100,"Wisma Khidmat"
12,88100,"Wisma Muis"
12,88100,"Wisma Tun Fuad Stephen"
12,88200,"Airport View Hotel"
12,88200,"Apartment Pasir Putih Phase 3B"
12,88200,"Apartment Union"
12,88200,"Balai Cerap Al Birumi"
12,88200,"Borneo Paradise"
12,88200,"Bukit Vor Apartment"
12,88200,"Cyber City Apartment"
12,88200,"Deluxe Court"
12,88200,"Dewan Petagas"
12,88200,"Flat Pasir Putih Phase 2"
12,88200,"Friendship Villa"
12,88200,"Ganang Apartment"
12,88200,"Golden Center"
12,88200,"Golden Vale"
12,88200,"Ibu Pejabat Polis"
12,88200,"Institut Kemahiran Belia Negara"
12,88200,"Jabatan Haiwan Kepayan"
12,88200,"Jabatan Keretapi"
12,88200,"Jalan Banjaran"
12,88200,"Jalan Bersatu Lama"
12,88200,"Jalan Bukit Vor"
12,88200,"Jalan Bunga Raya"
12,88200,"Jalan Chempaka"
12,88200,"Jalan Deluxe"
12,88200,"Jalan Ganang"
12,88200,"Jalan Ganang Villa"
12,88200,"Jalan Hussien 2"
12,88200,"Jalan Hussien 3A"
12,88200,"Jalan Hussien 6"
12,88200,"Jalan Indah"
12,88200,"Jalan Jagus"
12,88200,"Jalan Kampung Ganang"
12,88200,"Jalan Kampung Peringatan"
12,88200,"Jalan Kampung Petagas"
12,88200,"Jalan Ketiau"
12,88200,"Jalan Kivouvang"
12,88200,"Jalan Kosan"
12,88200,"Jalan Lakati Mojunggal"
12,88200,"Jalan Lama"
12,88200,"Jalan Lapangan Terbang Baru"
12,88200,"Jalan Linsuk Bersatu"
12,88200,"Jalan Lintas By Pass Petagas"
12,88200,"Jalan Masabun"
12,88200,"Jalan Mongkopun"
12,88200,"Jalan Nabizan"
12,88200,"Jalan OT Sandakat"
12,88200,"Jalan Pahlawan"
12,88200,"Jalan Pandan"
12,88200,"Jalan Pantai Barahi"
12,88200,"Jalan Pedada 1"
12,88200,"Jalan Penampang"
12,88200,"Jalan Penjara"
12,88200,"Jalan Perwira"
12,88200,"Jalan Petagas"
12,88200,"Jalan Putatan"
12,88200,"Jalan Rumah Sakit"
12,88200,"Jalan Sepanggil 2"
12,88200,"Jalan Simpur"
12,88200,"Jalan Tema 1"
12,88200,"Jalan Tombovo"
12,88200,"Jandan Pandan"
12,88200,"Kampung Deluxe"
12,88200,"Kampung Ganang"
12,88200,"Kampung Kepayan"
12,88200,"Kampung Ketiau"
12,88200,"Kampung Kuala Putatan"
12,88200,"Kampung Muhibbah Baru"
12,88200,"Kampung Muhibbah Lama"
12,88200,"Kampung Pasir Puteh"
12,88200,"Kampung Peringkatan"
12,88200,"Kampung Petagas"
12,88200,"Kampung Sailan"
12,88200,"Kampung Sodomon"
12,88200,"Kampung Spangil"
12,88200,"Kampung Sri Pandan"
12,88200,"Kepayan Perdana Commercial Center"
12,88200,"Kepayang Rumah Murah Phase 1"
12,88200,"Kepayang Rumah Murah Phase 2"
12,88200,"Klinik Kesihatan Putatan"
12,88200,"Kompleks JKR"
12,88200,"Kompleks Kilang BPIMB"
12,88200,"Kompleks Veterinar"
12,88200,"Kristal Condominium"
12,88200,"Lok Kawi"
12,88200,"Lokkawi Height Apartment"
12,88200,"Lokkawi Industrial Estate Phase 1"
12,88200,"Lorong Berhwemin"
12,88200,"Lorong Bersatu (3A - 3C)"
12,88200,"Lorong Bersatu 1"
12,88200,"Lorong Bersatu 4"
12,88200,"Lorong Bunga Patuma"
12,88200,"Lorong Bunga Patuma (A - G)"
12,88200,"Lorong Bunga Petuma (1 - 10)"
12,88200,"Lorong Bunga Raya (1 - 2)"
12,88200,"Lorong Bunga Tanjung 2"
12,88200,"Lorong Bunga Tasbeh"
12,88200,"Lorong Bunga Tasbeh (1 - 3)"
12,88200,"Lorong Dembela Kera"
12,88200,"Lorong Dinawan 1 - 4"
12,88200,"Lorong Friendship 3"
12,88200,"Lorong Friendship 3A"
12,88200,"Lorong Friendship 3B - 3G"
12,88200,"Lorong Ganang"
12,88200,"Lorong Ganang 1A"
12,88200,"Lorong Ganang Villa 1 - 8"
12,88200,"Lorong Jumbo 1 - 12"
12,88200,"Lorong Ketiau 1"
12,88200,"Lorong Ketiau 2/1"
12,88200,"Lorong Ketiau 3/1"
12,88200,"Lorong Ketiau 3/1 - 3/2"
12,88200,"Lorong Ketiau 3/2"
12,88200,"Lorong KO-Pelajaran"
12,88200,"Lorong Layang-Layang (1 - 2)"
12,88200,"Lorong Lok Saga"
12,88200,"Lorong Melati"
12,88200,"Lorong Meruntum (1 - 3)"
12,88200,"Lorong Meruntum (G - J)"
12,88200,"Lorong Milinneum (1 - 2)"
12,88200,"Lorong Olivia 1B"
12,88200,"Lorong Olivia 1C"
12,88200,"Lorong Pandan (1 - 4)"
12,88200,"Lorong Park (1 - 2)"
12,88200,"Lorong Pasir Putih (1 - 5)"
12,88200,"Lorong Pasir Putih 1 - 3"
12,88200,"Lorong Pasir Putih 5"
12,88200,"Lorong Perdana"
12,88200,"Lorong Petagas"
12,88200,"Lorong Petagas (1 - 2)"
12,88200,"Lorong Purun"
12,88200,"Lorong Ridge (2/A - 2/E)"
12,88200,"Lorong Ridge (3/A - 3/L)"
12,88200,"Lorong Ridge 1"
12,88200,"Lorong Ridge 1/A"
12,88200,"Lorong Ridge 1/B"
12,88200,"Lorong Ridge 2"
12,88200,"Lorong Sri Pandan"
12,88200,"Lorong Surau"
12,88200,"Lorong Tanamas"
12,88200,"Lorong Tanamas 1"
12,88200,"Lorong Tema 1"
12,88200,"Lorong Teratai"
12,88200,"Lorong Tok Saga"
12,88200,"Lorong Union (1 - 3)"
12,88200,"Maktab Rendah Sains Mara"
12,88200,"Malaysia Airline System"
12,88200,"Melinneum Center"
12,88200,"Melinneum Court"
12,88200,"Palm Beach Villa"
12,88200,"Pasukan Gerak Am Batalion 16"
12,88200,"Pejabat Belia Dan Sukan (P) Sabah"
12,88200,"Pejabat Daerah Kecil Putatan"
12,88200,"Persiaran Lady Mountbatten"
12,88200,Petagas
12,88200,"Petagas Light Industry"
12,88200,"Pusat Latihan Jabatan Kerja Raya"
12,88200,"Pusat Latihan Koperasi"
12,88200,"Pusat Perniagaan Putatan"
12,88200,"Putatan Court/Putatan Square"
12,88200,"Putatan Grand Plaza"
12,88200,"Putatan New Township"
12,88200,"Putatan Platinum Plaza"
12,88200,"Putatan Plaza"
12,88200,"Putatan Point"
12,88200,"Putra Square Phase 1 - Phase 2"
12,88200,"Rumah Pangsa Limauan"
12,88200,"Sekolah Agama Tun Mustapha"
12,88200,"SESB Zon Tengah"
12,88200,"Shangrila Estate"
12,88200,"SK Kampung Contoh"
12,88200,"SK Petagas"
12,88200,"SK Putatan"
12,88200,"SMK Putatan"
12,88200,"Taman Berhwemim"
12,88200,"Taman Bersatu"
12,88200,"Taman Bersatu (Phase 1 - 4)"
12,88200,"Taman Bukit Vor Villa"
12,88200,"Taman Bunga Raya"
12,88200,"Taman Darius"
12,88200,"Taman Deluxe"
12,88200,"Taman Friendship"
12,88200,"Taman Friendship (Phase 1 - 3)"
12,88200,"Taman Ganang"
12,88200,"Taman Ganang Villa"
12,88200,"Taman Jumbo"
12,88200,"Taman Kepayan Ridge"
12,88200,"Taman Kepayan Ridge (Phase 3 - 4)"
12,88200,"Taman Kinalee"
12,88200,"Taman Kinarut"
12,88200,"Taman Kinarut Jaya"
12,88200,"Taman Kinarut Jaya (1 - 3)"
12,88200,"Taman Kinarut Spur"
12,88200,"Taman Kingland"
12,88200,"Taman KO-Pelajaran"
12,88200,"Taman Langkuas"
12,88200,"Taman Lily"
12,88200,"Taman Limauan"
12,88200,"Taman Lokkawi"
12,88200,"Taman Lokkawi Perdana"
12,88200,"Taman Milinneum"
12,88200,"Taman Mulia"
12,88200,"Taman Olivia"
12,88200,"Taman Pantai"
12,88200,"Taman Pantai Lokkawi"
12,88200,"Taman Park"
12,88200,"Taman Pasir Putih Phase 1 - Phase 3"
12,88200,"Taman Perdana Emas"
12,88200,"Taman Petagas"
12,88200,"Taman Putatan Baru"
12,88200,"Taman Regal"
12,88200,"Taman Sabindo"
12,88200,"Taman Sentosa"
12,88200,"Taman Seri Kepayan"
12,88200,"Taman Sin Haw"
12,88200,"Taman Sri Angkasa"
12,88200,"Taman Sri Kinarut Selatan"
12,88200,"Taman Sri Pagi"
12,88200,"Taman Sri Utama"
12,88200,"Taman Sungai Wang 2"
12,88200,"Taman Teluk Meruntum"
12,88200,"Taman Teluk Villa"
12,88200,"Taman Tema"
12,88200,"Taman TJ & R"
12,88200,"Taman Union"
12,88200,"Taman Wajar"
12,88200,"Taman Wenley Dua"
12,88200,"Villa Saujana"
12,88200,"Wisma Shin Yin"
12,88300,"Ahzam Villa"
12,88300,"Apartment Puteri Bahang"
12,88300,"Apartment Viewland Ph3"
12,88300,"Arkib Negeri"
12,88300,"Bangunan Daya"
12,88300,"Bangunan Mega Long"
12,88300,"Bangunan Perpustakaan"
12,88300,"Beauty Garden"
12,88300,"Beverly Hill Plaza"
12,88300,"Bukit Warisan"
12,88300,"Bundusan Commercial"
12,88300,"Bundusan Villa"
12,88300,"Central Plaza"
12,88300,"Cerson Heights"
12,88300,"Colenaddes Condominium"
12,88300,"Elopura Apartment"
12,88300,"Fairway Mansion Condominium"
12,88300,"Flat Kepayan Ridge (Ph 18 & 19)"
12,88300,"Flat Sri Vista Kiranau"
12,88300,"Flat Vista Minintod"
12,88300,"Gaya Court Apartment"
12,88300,"Golf View"
12,88300,"Golf Villa"
12,88300,"Hilltop Perdana"
12,88300,"Hing Apartment"
12,88300,"Hing Tower"
12,88300,"Hospital Queen Elizabeth"
12,88300,"Hotel Bundusan"
12,88300,"Jabatan Kajibumi"
12,88300,"Jalan Angsa"
12,88300,"Jalan Banjaran"
12,88300,"Jalan Budaya"
12,88300,"Jalan Bukit Padang"
12,88300,"Jalan Bukit Temesu"
12,88300,"Jalan Bundusan"
12,88300,"Jalan Bunga Bawang"
12,88300,"Jalan Bunga Raja Kayu"
12,88300,"Jalan Bunga Rose"
12,88300,"Jalan Bunga Ulam Raja"
12,88300,"Jalan Damai"
12,88300,"Jalan Dontozidon"
12,88300,"Jalan Harington"
12,88300,"Jalan Hing"
12,88300,"Jalan Kaidupan"
12,88300,"Jalan Kebajikan"
12,88300,"Jalan Kepayan- Kobusak"
12,88300,"Jalan Kesihatan"
12,88300,"Jalan Kijang"
12,88300,"Jalan Kimia"
12,88300,"Jalan KK Mojilis"
12,88300,"Jalan Kobusak"
12,88300,"Jalan Kohizan"
12,88300,"Jalan Kolam"
12,88300,"Jalan Koposizon"
12,88300,"Jalan Maktab Gaya"
12,88300,"Jalan Mawar"
12,88300,"Jalan Mawas"
12,88300,"Jalan Menteri"
12,88300,"Jalan Muzium"
12,88300,"Jalan Nosoob - Hungab"
12,88300,"Jalan Nosoob B - C"
12,88300,"Jalan Pelanduk"
12,88300,"Jalan Pemeliharaan"
12,88300,"Jalan Penampang Lama"
12,88300,"Jalan Penenmpatan"
12,88300,"Jalan Sena"
12,88300,"Jalan Shantung"
12,88300,"Jalan Summerset 1"
12,88300,"Jalan Tasik"
12,88300,"Jalan Universiti Kebangsaan"
12,88300,"Kampung Baru Luyang"
12,88300,"Kem 507 – Jln Harrington"
12,88300,"Kk High School"
12,88300,"Kompleks Rose"
12,88300,"Lorong Amab"
12,88300,"Lorong Anggsa (1 - 14)"
12,88300,"Lorong Anggsa Kecil"
12,88300,"Lorong Angsana"
12,88300,"Lorong Austral 1 - 11"
12,88300,"Lorong Badak"
12,88300,"Lorong Bakawali (1 - 2)"
12,88300,"Lorong Bemban"
12,88300,"Lorong Berembun"
12,88300,"Lorong Berembun (1 - 5)"
12,88300,"Lorong Berjasa"
12,88300,"Lorong Bernam"
12,88300,"Lorong Bernam (1 - 2)"
12,88300,"Lorong Beruang"
12,88300,"Lorong Beruang (1 - 2)"
12,88300,"Lorong Biri-Biri"
12,88300,"Lorong Budaya"
12,88300,"Lorong Bukit Punai"
12,88300,"Lorong Bunga Bulan 1 & 2"
12,88300,"Lorong Bunga Daun Kecil"
12,88300,"Lorong Bunga Dedap"
12,88300,"Lorong Bunga Dedap (1 - 2)"
12,88300,"Lorong Bunga Dedap 1 - 2"
12,88300,"Lorong Bunga Derdap"
12,88300,"Lorong Bunga Duan"
12,88300,"Lorong Bunga Inai"
12,88300,"Lorong Bunga Kekewa"
12,88300,"Lorong Bunga Kekewa (A - C)"
12,88300,"Lorong Bunga Kekwa"
12,88300,"Lorong Bunga Kekwa 1-3"
12,88300,"Lorong Bunga Kenanga"
12,88300,"Lorong Bunga Kenanga (1- 2)"
12,88300,"Lorong Bunga Kenanga Kecil"
12,88300,"Lorong Bunga Kertas"
12,88300,"Lorong Bunga Kiambang"
12,88300,"Lorong Bunga Kuasia"
12,88300,"Lorong Bunga Kuasia (A - C)"
12,88300,"Lorong Bunga Kursia"
12,88300,"Lorong Bunga Kursia 1-3"
12,88300,"Lorong Bunga Mawar"
12,88300,"Lorong Bunga Melor"
12,88300,"Lorong Bunga Payong"
12,88300,"Lorong Bunga Puding"
12,88300,"Lorong Bunga Tiga Bulan"
12,88300,"Lorong Bunga Tulip"
12,88300,"Lorong Bunga Tulip 1-3"
12,88300,"Lorong Cemaru"
12,88300,"Lorong Cemerlang"
12,88300,"Lorong Cemerlang 1"
12,88300,"Lorong Cina"
12,88300,"Lorong Cindul"
12,88300,"Lorong Cindul (A - C)"
12,88300,"Lorong Cindul 1-3"
12,88300,"Lorong Dahlia"
12,88300,"Lorong Dahlia (A - G1)"
12,88300,"Lorong Dahlia 1 - 8"
12,88300,"Lorong Formosa  (C1 - C3)"
12,88300,"Lorong Gajah"
12,88300,"Lorong Golf Garden 1 - 3"
12,88300,"Lorong Golf View (1, 3, 4, 5)"
12,88300,"Lorong Golfview"
12,88300,"Lorong Gunung Besar"
12,88300,"Lorong Gunung Bintang"
12,88300,"Lorong Gunung Bintang (A - C)"
12,88300,"Lorong Gunung Murut"
12,88300,"Lorong Indah"
12,88300,"Lorong Indah 1"
12,88300,"Lorong Intan 1"
12,88300,"Lorong Itik"
12,88300,"Lorong Jaring (1 - 5)"
12,88300,"Lorong Jelitana Utama"
12,88300,"Lorong Jelitana Utama 1"
12,88300,"Lorong Kajibumi"
12,88300,"Lorong Kanggaru (1 - 5)"
12,88300,"Lorong Kangkong"
12,88300,"Lorong Kangkong 1"
12,88300,"Lorong Kapas"
12,88300,"Lorong KCK (1, 3, 4)"
12,88300,"Lorong Keladi"
12,88300,"Lorong Keladi (1 & 2)"
12,88300,"Lorong Kesihatan"
12,88300,"Lorong Kijang (1 - 9)"
12,88300,"Lorong Kimia"
12,88300,"Lorong Kinabalu"
12,88300,"Lorong Kinabalu (1 - 3)"
12,88300,"Lorong Kirana 1-2"
12,88300,"Lorong Kuburan"
12,88300,"Lorong Kuda"
12,88300,"Lorong Kukang"
12,88300,"Lorong L.T. Jaya"
12,88300,"Lorong L.T. Jaya 1"
12,88300,"Lorong Landak"
12,88300,"Lorong Lembeding"
12,88300,"Lorong Lokus"
12,88300,"Lorong Lokus (1 - 3)"
12,88300,"Lorong Maktab Gaya"
12,88300,"Lorong Maktab Gaya 1- 6"
12,88300,"Lorong Margosa"
12,88300,"Lorong Margosa (1 - 5)"
12,88300,"Lorong Mawas"
12,88300,"Lorong Mawas (1 - 10)"
12,88300,"Lorong Mei Lok 1 - 4"
12,88300,"Lorong Memberang"
12,88300,"Lorong Merpati"
12,88300,"Lorong Muntahah"
12,88300,"Lorong Muntahah (1 - 3C)"
12,88300,"Lorong Muntahah Kecil"
12,88300,"Lorong Nibung"
12,88300,"Lorong Nibung (1 - 5)"
12,88300,"Lorong Nosoob Baru"
12,88300,"Lorong Orkid"
12,88300,"Lorong Orkid (1 & 2)"
12,88300,"Lorong Palas"
12,88300,"Lorong Palas (1 - 4)"
12,88300,"Lorong Pelanduk (1 - 4)"
12,88300,"Lorong Plam Villa"
12,88300,"Lorong Pokok Johar"
12,88300,"Lorong Pokok Johar (1 - 2)"
12,88300,"Lorong Pokok Palma"
12,88300,"Lorong Pulai"
12,88300,"Lorong Rafflesia"
12,88300,"Lorong Rainfield Court 1 - 3"
12,88300,"Lorong Rampai"
12,88300,"Lorong Rampai (A - E)"
12,88300,"Lorong Rampai 1 - 5"
12,88300,"Lorong Rembia"
12,88300,"Lorong Rembia (1 - 3)"
12,88300,"Lorong Reservior (1, 1A, 1B, 2, 2A, 2B)"
12,88300,"Lorong Ridgeview 1 – 4"
12,88300,"Lorong Ridgeview 5 – 7"
12,88300,"Lorong Rotan"
12,88300,"Lorong Ru"
12,88300,"Lorong Ruang Ridge View"
12,88300,"Lorong Sang Kanchil"
12,88300,"Lorong Sang Kanchil (1 - 3)"
12,88300,"Lorong Sedudok"
12,88300,"Lorong Seladang"
12,88300,"Lorong Seladang 1"
12,88300,"Lorong Selesa"
12,88300,"Lorong Semangkok (A - G)"
12,88300,"Lorong Semarak Api"
12,88300,"Lorong Sena (1 - 6)"
12,88300,"Lorong Sepat"
12,88300,"Lorong Seroja"
12,88300,"Lorong Seroja (1 - 2E)"
12,88300,"Lorong Seroja 1-7"
12,88300,"Lorong Setia"
12,88300,"Lorong Siamang"
12,88300,"Lorong Sri Juta 1"
12,88300,"Lorong Summerset 1- 4"
12,88300,"Lorong Sutera"
12,88300,"Lorong Sutera 1-5"
12,88300,"Lorong Syarif Osman"
12,88300,"Lorong Tahan"
12,88300,"Lorong Tahan (1 - 3)"
12,88300,"Lorong Teberau"
12,88300,"Lorong Tenggiling"
12,88300,"Lorong Tenggiling (1 & 2)"
12,88300,"Lorong Tepus"
12,88300,"Lorong Teratai (1 - 2)"
12,88300,"Lorong Terus"
12,88300,"Lorong Tosa Raya"
12,88300,"Lorong Tosa Raya 1 - 3"
12,88300,"Lorong Tulip"
12,88300,"Lorong Tulip (1 - 2)"
12,88300,"Lorong Tupai"
12,88300,"Lorong Tupai (1 - 3)"
12,88300,"Lorong Unta"
12,88300,"Lorong Unta (1 - 11)"
12,88300,"Lorong Wallace"
12,88300,"Lorong Zirafah"
12,88300,"Lorong Zirafah (1 - 12)"
12,88300,"Lprong Seladang A-E"
12,88300,Luyang
12,88300,"Maktab Perguruan Gaya"
12,88300,"Maziun Tamadun Islam"
12,88300,"Mesra Apartment"
12,88300,Moyog
12,88300,"Muzium Negeri"
12,88300,"Noble Court"
12,88300,"Person Heights"
12,88300,"Plam Villa Ph2"
12,88300,"Plaza Grand Milineum Blk A - F"
12,88300,"Plaza Utama Blok  A - C"
12,88300,"Rainfeild Court Apartment Blok B - K"
12,88300,"Ramin Court Apartment Blok A - B"
12,88300,"Raya Court Apartment"
12,88300,"Regent Park"
12,88300,"Reservior Garden Ph.2"
12,88300,"Sekolah Kebangsaan Luyang"
12,88300,"Sekolah Menengah Taman Tun Fuad"
12,88300,"Selesa Court Apartment Blok  A - D"
12,88300,"Sk Sri Gaya"
12,88300,"Sk St Francis Convent"
12,88300,"Srjk (C) Shan Tao"
12,88300,"Taman Alpha"
12,88300,"Taman Alpine"
12,88300,"Taman Asli"
12,88300,"Taman Atlandy"
12,88300,"Taman Austral"
12,88300,"Taman Azam Villa"
12,88300,"Taman B.P.L Ph 2"
12,88300,"Taman Baginda"
12,88300,"Taman Bahagia"
12,88300,"Taman BDC"
12,88300,"Taman Bintang"
12,88300,"Taman Bistari"
12,88300,"Taman Bornion"
12,88300,"Taman BPL"
12,88300,"Taman Bpl – Jln Budaya"
12,88300,"Taman Bpl Ph 1"
12,88300,"Taman Bulan"
12,88300,"Taman Bumi"
12,88300,"Taman Bunga Raya"
12,88300,"Taman Cameron"
12,88300,"Taman Cantek"
12,88300,"Taman Casa Fabulosa"
12,88300,"Taman Cendawan"
12,88300,"Taman Century"
12,88300,"Taman Che Mei"
12,88300,"Taman Citizen"
12,88300,"Taman Country Shangri-La"
12,88300,"Taman Dai Ming"
12,88300,"Taman Damai"
12,88300,"Taman Delima"
12,88300,"Taman Digot Phase 3"
12,88300,"Taman Dixon"
12,88300,"Taman Emas"
12,88300,"Taman Everlick"
12,88300,"Taman Fabar"
12,88300,"Taman Far East"
12,88300,"Taman Foh Sang"
12,88300,"Taman Foo Loong"
12,88300,"Taman Foo Loong Ph 2"
12,88300,"Taman FooK Tin"
12,88300,"Taman Forget Me Not"
12,88300,"Taman Formosa"
12,88300,"Taman Fortuna (Fasa 1 & 2)"
12,88300,"Taman Fortuna Baru"
12,88300,"Taman Frazer"
12,88300,"Taman Friendly (Fasa 1 - 4)"
12,88300,"Taman Fu Yen (Fasa 3 - 5)"
12,88300,"Taman Gemilang"
12,88300,"Taman Golden City"
12,88300,"Taman Golf"
12,88300,"Taman Golf Garden"
12,88300,"Taman Golf View Ph.2"
12,88300,"Taman Golfview Ph 1"
12,88300,"Taman Good View"
12,88300,"Taman Grand Milineum Ph 1"
12,88300,"Taman Green View"
12,88300,"Taman Harapan"
12,88300,"Taman Harington"
12,88300,"Taman Harta Mas"
12,88300,"Taman Hiburan"
12,88300,"Taman Hilltop"
12,88300,"Taman Hing"
12,88300,"Taman Hong Kee"
12,88300,"Taman Hong Kee / Taman Hospital"
12,88300,"Taman Imperial Villa"
12,88300,"Taman Impian"
12,88300,"Taman Indah"
12,88300,"Taman Intan"
12,88300,"Taman Irama"
12,88300,"Taman Istimewa"
12,88300,"Taman Jelitana Utama"
12,88300,"Taman Jindo"
12,88300,"Taman Kasigui 3"
12,88300,"Taman KCK  Type A"
12,88300,"Taman KCK  Type B"
12,88300,"Taman Keluarga"
12,88300,"Taman Kendara"
12,88300,"Taman Kepayan Phase 3A"
12,88300,"Taman Khidmat"
12,88300,"Taman Kim Leng"
12,88300,"Taman Kinabalu"
12,88300,"Taman Kinamount"
12,88300,"Taman Kinanty (1 - 2)"
12,88300,"Taman King Lam"
12,88300,"Taman Kirana"
12,88300,"Taman Kobusak Villa"
12,88300,"Taman Kohizan"
12,88300,"Taman Kolam Air"
12,88300,"Taman L.T. Jaya"
12,88300,"Taman Land Brezee"
12,88300,"Taman Land Mark"
12,88300,"Taman Langkuas"
12,88300,"Taman Layang-Layang"
12,88300,"Taman Lido"
12,88300,"Taman Limbanak 2"
12,88300,"Taman Lumaku"
12,88300,"Taman Luyang (1 - 11)"
12,88300,"Taman Makmur"
12,88300,"Taman Malukun"
12,88300,"Taman Mandarin"
12,88300,"Taman Maya"
12,88300,"Taman Maya / Mabo"
12,88300,"Taman Mei Lok"
12,88300,"Taman Mesra"
12,88300,"Taman Mesra Ph 1"
12,88300,"Taman Mesra Ph 2"
12,88300,"Taman Milik"
12,88300,"Taman Mount Zion"
12,88300,"Taman Mutiara"
12,88300,"Taman New Far East"
12,88300,"Taman Nosoob Ph 3"
12,88300,"Taman Nossob"
12,88300,"Taman Orchid"
12,88300,"Taman Oriental"
12,88300,"Taman Padi View Villa Phase 3"
12,88300,"Taman Palm Villa"
12,88300,"Taman Parkway"
12,88300,"Taman Pelangi"
12,88300,"Taman Penampang (1 - 2)"
12,88300,"Taman Perdana"
12,88300,"Taman Prima Jaya Phase 2"
12,88300,"Taman Rafflesia"
12,88300,"Taman Rainfield"
12,88300,"Taman Ramai"
12,88300,"Taman Regent"
12,88300,"Taman Ria"
12,88300,"Taman Richfield"
12,88300,"Taman Ridge View"
12,88300,"Taman Ridge View Ph 12a – 12 C"
12,88300,"Taman Ridge View Ph 9 Dan Ph 10 A"
12,88300,"Taman Rindu"
12,88300,"Taman Rodmas"
12,88300,"Taman Rose"
12,88300,"Taman Selesa"
12,88300,"Taman Semporna"
12,88300,"Taman Seni Bina"
12,88300,"Taman Senibena Ph 1 Dan Ph 2"
12,88300,"Taman Sentosa"
12,88300,"Taman Seputeh"
12,88300,"Taman Seri Gaya"
12,88300,"Taman Seri Juta Phase 3A"
12,88300,"Taman Seri Menanti"
12,88300,"Taman Seri Rasa"
12,88300,"Taman Sheraton"
12,88300,"Taman Siamang"
12,88300,"Taman Sinar"
12,88300,"Taman Sinar Emas"
12,88300,"Taman Sindo"
12,88300,"Taman Soon Kiong"
12,88300,"Taman Southern"
12,88300,"Taman Sri Juta Ph 1"
12,88300,"Taman Stephens"
12,88300,"Taman Summerset  (Ph 1 & 2)"
12,88300,"Taman Sun Kiong"
12,88300,"Taman Sunny"
12,88300,"Taman Suria"
12,88300,"Taman Sutera"
12,88300,"Taman Tanah Emas"
12,88300,"Taman Tasik"
12,88300,"Taman Teck Guan"
12,88300,"Taman Tosaraya"
12,88300,"Taman Towering"
12,88300,"Taman Tuan Huat"
12,88300,"Taman Utama"
12,88300,"Taman Victory"
12,88300,"Taman Viewland Ph 3b & 3c"
12,88300,"Taman Viewland Ph 4"
12,88300,"Taman Villa Imbaan"
12,88300,"Taman Wendy"
12,88300,"Taman Winner"
12,88300,"Taman Yun Kiong"
12,88300,"Taman Ziont"
12,88300,"Tanah Emas"
12,88300,"Teck Guan Villa"
12,88300,Towering
12,88300,"Town House"
12,88300,"Wisma Aman"
12,88300,"Wisma Fres"
12,88300,"Wisma Lau"
12,88300,"Wisma Pertanian & Indistrian Makanan"
12,88400,"Apartment Bay Shore"
12,88400,"Bay View Court"
12,88400,"Bay View Height"
12,88400,"Beverly Hill"
12,88400,"Bukit Bendera"
12,88400,"Bukit Keramat"
12,88400,"City Bird Santuary"
12,88400,"Dah Yeh Court Apartment"
12,88400,"Flat Persekutuan"
12,88400,"Happy Garden"
12,88400,"Jabatan Kastam dan Eksais Diraja (Pelabuhan)"
12,88400,"Jalan Asmara"
12,88400,"Jalan Asrama"
12,88400,"Jalan Bantayan"
12,88400,"Jalan Bukit Bendera"
12,88400,"Jalan Bukit Bendera Lower"
12,88400,"Jalan Bukit Bendera Upper"
12,88400,"Jalan Bukit Keramat"
12,88400,"Jalan Bukit Nanas"
12,88400,"Jalan Bukut"
12,88400,"Jalan Burung Puin"
12,88400,"Jalan Burung Upih"
12,88400,"Jalan Damai"
12,88400,"Jalan Donald"
12,88400,"Jalan Fung Yet Ting"
12,88400,"Jalan Haiwan"
12,88400,"Jalan Istana"
12,88400,"Jalan Istiadat"
12,88400,"Jalan Kampung Likas"
12,88400,"Jalan Karuk"
12,88400,"Jalan Kelicap"
12,88400,"Jalan Kompleks Sukan"
12,88400,"Jalan Kuala Laut"
12,88400,"Jalan Kurol Melangi"
12,88400,"Jalan Lower"
12,88400,"Jalan Mergastua"
12,88400,"Jalan Pameran"
12,88400,"Jalan Pasir"
12,88400,"Jalan Percetakan Baru"
12,88400,"Jalan Pinggir"
12,88400,"Jalan Punai Dekut"
12,88400,"Jalan Punai Tanah"
12,88400,"Jalan Seraya"
12,88400,"Jalan Syn Fah Villa"
12,88400,"Jalan Teluk Likas"
12,88400,"Jalan Tenegal"
12,88400,"Jalan Tuaran"
12,88400,"Jalan Tun Fuad Stephens"
12,88400,"Jalan Villa"
12,88400,"Jalan Vokesional"
12,88400,"Jalan Wong Yun Tiong"
12,88400,"Juta Plaza"
12,88400,"Kampung Likas"
12,88400,"Kurnia Perdana"
12,88400,"Leang Court"
12,88400,Likas
12,88400,"Likas Apartment"
12,88400,"Likas Garden"
12,88400,"Likas Park"
12,88400,"Likas Plaza"
12,88400,"Likas Square"
12,88400,"Liwen Court"
12,88400,"Lorong Banbasang"
12,88400,"Lorong Bulud"
12,88400,"Lorong Bunga Matahari"
12,88400,"Lorong Bunga Matahari (1 - 2)"
12,88400,"Lorong Bunga Pasu"
12,88400,"Lorong Burung Ejek"
12,88400,"Lorong Burung Gian"
12,88400,"Lorong Burung Han Paya"
12,88400,"Lorong Burung Han Paya (1 - 3)"
12,88400,"Lorong Burung Kalapuin"
12,88400,"Lorong Burung Kiking"
12,88400,"Lorong Burung Langsuir"
12,88400,"Lorong Burung Nasar"
12,88400,"Lorong Burung Nasar (1 - 4)"
12,88400,"Lorong Burung Pekaka"
12,88400,"Lorong Burung Puju"
12,88400,"Lorong Burung Pungguk"
12,88400,"Lorong Burung Ruai"
12,88400,"Lorong Burung Rui (1 - 2)"
12,88400,"Lorong Burung Segan"
12,88400,"Lorong Burung Tukang"
12,88400,"Lorong Chanyai 2"
12,88400,"Lorong Duai"
12,88400,"Lorong Fantasi"
12,88400,"Lorong Fantasi (1 - 2)"
12,88400,"Lorong Hen Paya 4"
12,88400,"Lorong Ikan Mayung"
12,88400,"Lorong Jawa"
12,88400,"Lorong Jelatik"
12,88400,"Lorong Kali"
12,88400,"Lorong Kampung Likas"
12,88400,"Lorong Karuk"
12,88400,"Lorong Kelabu"
12,88400,"Lorong Kelabu (1 & 2)"
12,88400,"Lorong Kelengkeng (1 - 7)"
12,88400,"Lorong Kelicap Kuning"
12,88400,"Lorong Kelinking"
12,88400,"Lorong Kembura"
12,88400,"Lorong Kembura (1 - 2)"
12,88400,"Lorong Kenari"
12,88400,"Lorong Kenari (1 - 6)"
12,88400,"Lorong Kenari Kecil"
12,88400,"Lorong Kenawai"
12,88400,"Lorong Kenawai (1 - 8)"
12,88400,"Lorong Kerapu"
12,88400,"Lorong Ketiti"
12,88400,"Lorong Ketiting"
12,88400,"Lorong Kiju"
12,88400,"Lorong Kuala Laut"
12,88400,"Lorong Kuala Laut (1 - 2)"
12,88400,"Lorong Kuil"
12,88400,"Lorong Langsuir"
12,88400,"Lorong Lengkok"
12,88400,"Lorong Lidah"
12,88400,"Lorong Lidah (1 - 3)"
12,88400,"Lorong Likap"
12,88400,"Lorong Likas"
12,88400,"Lorong Lomntas"
12,88400,"Lorong Madu"
12,88400,"Lorong Merak"
12,88400,"Lorong Merbok"
12,88400,"Lorong Murai"
12,88400,"Lorong Nuri"
12,88400,"Lorong Paku Pakis"
12,88400,"Lorong Paku Pakis (1 - 3)"
12,88400,"Lorong Parak"
12,88400,"Lorong Pari"
12,88400,"Lorong Pasir"
12,88400,"Lorong Pasir Kecil"
12,88400,"Lorong Patin"
12,88400,"Lorong Patin Kecil"
12,88400,"Lorong Pelabuhan"
12,88400,"Lorong Perang"
12,88400,"Lorong Pipit Merah"
12,88400,"Lorong Pipit Uban"
12,88400,"Lorong Pokok Saka"
12,88400,"Lorong Puak"
12,88400,"Lorong Pucung"
12,88400,"Lorong Punai Kedut"
12,88400,"Lorong Puncak"
12,88400,"Lorong Pungguk"
12,88400,"Lorong Pungguk (1 & 2)"
12,88400,"Lorong Putin"
12,88400,"Lorong Putin Satu"
12,88400,"Lorong Ranggung Batek"
12,88400,"Lorong Ruai (3 - 4)"
12,88400,"Lorong Saga"
12,88400,"Lorong Sampit"
12,88400,"Lorong Sapat"
12,88400,"Lorong Saujana"
12,88400,"Lorong Saujana 1 - 3"
12,88400,"Lorong Signal Hill"
12,88400,"Lorong Signal Hill 1 - 2"
12,88400,"Lorong Tabib"
12,88400,"Lorong Talang"
12,88400,"Lorong Tempua"
12,88400,"Lorong Tenaga"
12,88400,"Lorong Tenejal"
12,88400,"Low Cost Housing (MPKK)"
12,88400,"Lucky Height Condominium"
12,88400,"Persatuan Pendidik Akhlak Chee Sui Khor"
12,88400,"Public Flat"
12,88400,"Radiant Court"
12,88400,"Radiant Mainsonet"
12,88400,"Radiant Point"
12,88400,"Radiant Tower"
12,88400,"Sabah Port Berhad"
12,88400,"Sabah Trade Center"
12,88400,"Signal Hill Condominium"
12,88400,"SM Likas"
12,88400,"SM Perempuan"
12,88400,"SM Shan Tao"
12,88400,"SM Teknik"
12,88400,"SMK All Saints"
12,88400,"SMK Lok Yuk"
12,88400,"Sri Gaya"
12,88400,"SRJK ( C ) Chung Hwa"
12,88400,"SRJK ( C ) Lok Yuk"
12,88400,"SRJK St James"
12,88400,"SRK Lok Yuk"
12,88400,"SRK St Agnes"
12,88400,"Tai Yap Villa"
12,88400,"Taman Antarabangsa"
12,88400,"Taman Bay View"
12,88400,"Taman Bukit Saujana"
12,88400,"Taman Cempaka"
12,88400,"Taman Ching Sang"
12,88400,"Taman Damai"
12,88400,"Taman Fantasi"
12,88400,"Taman Happy"
12,88400,"Taman Hong Kong"
12,88400,"Taman Iramanis"
12,88400,"Taman Jaya"
12,88400,"Taman Kemajuan"
12,88400,"Taman Keramat"
12,88400,"Taman Kwan Loke"
12,88400,"Taman Lee Fah"
12,88400,"Taman Likas"
12,88400,"Taman Likas Jaya"
12,88400,"Taman Lucky"
12,88400,"Taman Maju Kota"
12,88400,"Taman Melor"
12,88400,"Taman Monne"
12,88400,"Taman Orchid Villa"
12,88400,"Taman Permai Valley"
12,88400,"Taman Prestij"
12,88400,"Taman Public"
12,88400,"Taman Public Deluxe"
12,88400,"Taman Public Jaya"
12,88400,"Taman S. Baru"
12,88400,"Taman Sea View"
12,88400,"Taman Setia"
12,88400,"Taman Signal Hill"
12,88400,"Taman Signal Hill Park"
12,88400,"Taman Sinar Baru"
12,88400,"Taman Sinar Bukit"
12,88400,"Taman Syn Fah Villa"
12,88400,"Taman Tai Tet"
12,88400,"Taman Teluk Likas"
12,88400,"Taman Tuaran"
12,88400,"Taman Ujanan Dah Yeh Villa"
12,88400,"Taman Winley"
12,88400,"Taman Yakim Jaya"
12,88400,"Tanjung Lipat"
12,88400,"The Peak Condominium"
12,88400,"View Hotel"
12,88400,"Winley Estate"
12,88400,"Wisma Berjaya"
12,88400,"Wisma Dixon"
12,88400,"Wisma KKM"
12,88400,"Wisma Kosan"
12,88400,"Wisma Likas"
12,88400,"Wisma Perindustrian"
12,88400,"Wisma Pertubuhan Wanita"
12,88450,"1 Borneo"
12,88450,"31 Jalan Tuaran Batu 5"
12,88450,"Bandar  Sieera PH 1A"
12,88450,"Bandar  Sieera PH 1B"
12,88450,"Bandar  Sieera PH 1A"
12,88450,"Bandar  Sieera PH 1B"
12,88450,"Chi Chi Industri Estate"
12,88450,"Daita Industri"
12,88450,"Delta Industrian Centre"
12,88450,"Hai Oh Industrial Estate"
12,88450,"Harmony Industri Estate"
12,88450,"Hing Industri Estate"
12,88450,"Hiong Tiong Industri"
12,88450,"HJM Industrial Estate"
12,88450,"HSK Industri Estate"
12,88450,"HSK Industrial Estate"
12,88450,Inanam
12,88450,"Inanam Baru Industrial (0094)"
12,88450,"Inanam Business Centre"
12,88450,"Inanam Commercial Center"
12,88450,"Inanam Jaya"
12,88450,"Inanam Jaya (Ph. 1, Ph. 2)"
12,88450,"Interstate Center"
12,88450,"Jabatan Pengairan Dan Saliran Sabah"
12,88450,"Jabatan Pertanian Sabah"
12,88450,"Jalan Bakau"
12,88450,"Jalan Bambangan"
12,88450,"Jalan Bantayan"
12,88450,"Jalan Bolukun"
12,88450,"Jalan Buah Duku"
12,88450,"Jalan Cenderawasih"
12,88450,"Jalan Gudon"
12,88450,"Jalan Kampung Inanam Laut"
12,88450,"Jalan Kampung Sukang"
12,88450,"Jalan Keluang Bantayan"
12,88450,"Jalan Kilang"
12,88450,"Jalan Kionsom"
12,88450,"Jalan Kolombong"
12,88450,"Jalan Limau Manis"
12,88450,"Jalan Lintas Inanam"
12,88450,"Jalan Maakat"
12,88450,"Jalan Maakat 1-3"
12,88450,"Jalan Mangga"
12,88450,"Jalan Nounton"
12,88450,"Jalan Pekan Baru Inanam"
12,88450,"Jalan Rama-Rama"
12,88450,"Jalan Rampayan"
12,88450,"Jalan Sepagar"
12,88450,"Jalan Sibu-sibu"
12,88450,"Jalan Sinulihan"
12,88450,"Jalan SK Lok Yuk"
12,88450,"Jalan Sulaman"
12,88450,"Jalan Taman Inanam"
12,88450,"Jalan Telipok - Tuaran"
12,88450,"Jalan Teluk Sepagar"
12,88450,"Jalan Tiong Bantayan"
12,88450,"Jalan Tongkuzu"
12,88450,"Jalan Tuaran By Pass"
12,88450,"Jalan Undan"
12,88450,"Jalan Wijaya Park"
12,88450,"Kampung Darau"
12,88450,"Kampung Gudon"
12,88450,"Kampung Labau"
12,88450,"Kampung Lokub"
12,88450,"Kampung Menggorok"
12,88450,"Kampung Nunton"
12,88450,"Kampung Rampayan"
12,88450,"Kampung Ratau"
12,88450,"Kampung Tobobon"
12,88450,"Kampung Unggun Jaya"
12,88450,"Kampung Warisan (Lorong 1-12)"
12,88450,"Kelombong Industrial Estate"
12,88450,"Kian Yap Industri"
12,88450,"Kinapalas Industri"
12,88450,"Kinapar Industrial Estate"
12,88450,"Kingfisher Plan Home"
12,88450,"Kionsom Country Height"
12,88450,"Lembaga Pelabuhan Sabah"
12,88450,"Lembaga Pelabuhan Teluk Sepagar"
12,88450,"Lian Seng Industri"
12,88450,"Light Industri"
12,88450,"Likas Industrial Estate"
12,88450,"Lorong Anggur"
12,88450,"Lorong Angsana (1-3)"
12,88450,"Lorong Bambak Bantayan"
12,88450,"Lorong Bandar Putera 1C dan 1D"
12,88450,"Lorong Bandaran Kionsom"
12,88450,"Lorong Bangau Bantayan"
12,88450,"Lorong Bayan"
12,88450,"Lorong Belimbing"
12,88450,"Lorong Belimbing Delima"
12,88450,"Lorong Binjai"
12,88450,"Lorong Buah Betik"
12,88450,"Lorong Buah Duku 1, 1A, 3, 3A, 3C"
12,88450,"Lorong Buah Keras"
12,88450,"Lorong Buah Pala"
12,88450,"Lorong Buah Pinang"
12,88450,"Lorong Buah Salak 1-5"
12,88450,"Lorong Buah Sukun"
12,88450,"Lorong Buah Tamanic"
12,88450,"Lorong Bukit Sepagar"
12,88450,"Lorong Burung Keleto"
12,88450,"Lorong Burung Pimping"
12,88450,"Lorong Cempedak 1-4"
12,88450,"Lorong Ceri"
12,88450,"Lorong Cermai"
12,88450,"Lorong Desa Permai 1-3"
12,88450,"Lorong Desa Permai 1-5"
12,88450,"Lorong Durian"
12,88450,"Lorong Durian 1, 3, 7"
12,88450,"Lorong Geganti"
12,88450,"Lorong Gipan"
12,88450,"Lorong Inanam Baru"
12,88450,"Lorong Inanam Baru (1 - 10)"
12,88450,"Lorong Inanam Laut"
12,88450,"Lorong Indah Permai"
12,88450,"Lorong Indah Permai 7-23"
12,88450,"Lorong Industri Ringan"
12,88450,"Lorong Industri Warisan"
12,88450,"Lorong Industri Warisan 1-3"
12,88450,"Lorong Jambu Susu"
12,88450,"Lorong Janjang"
12,88450,"Lorong Kacang Tanah"
12,88450,"Lorong Kelapa"
12,88450,"Lorong Kelip-Kelip"
12,88450,"Lorong Kengkuit"
12,88450,"Lorong Kilang (A - E)"
12,88450,"Lorong KMA"
12,88450,"Lorong Kuala Menggatal 1-23"
12,88450,"Lorong Kumbang"
12,88450,"Lorong Kupu-Kupu"
12,88450,"Lorong Kurma"
12,88450,"Lorong Lama"
12,88450,"Lorong Landing"
12,88450,"Lorong Langgat"
12,88450,"Lorong Laut Bantayan"
12,88450,"Lorong Layang-Layang"
12,88450,"Lorong Lebah"
12,88450,"Lorong Limau"
12,88450,"Lorong Limau Manis"
12,88450,"Lorong Limau Manis (1 - 3)"
12,88450,"Lorong Madu"
12,88450,"Lorong Mangga (1 - 3)"
12,88450,"Lorong Manggis"
12,88450,"Lorong Mansiang"
12,88450,"Lorong Mansing 1"
12,88450,"Lorong Medan"
12,88450,"Lorong Medan 1-3"
12,88450,"Lorong Mega"
12,88450,"Lorong Mega 1"
12,88450,"Lorong Mega 2"
12,88450,"Lorong Melawa (1-2)"
12,88450,"Lorong Mempalam"
12,88450,"Lorong Minyak"
12,88450,"Lorong Murni"
12,88450,"Lorong Nelly (9/1 - 9/5)"
12,88450,"Lorong Nounton"
12,88450,"Lorong Palma"
12,88450,"Lorong Palma 1-3"
12,88450,"Lorong Pekan Baru Inanam"
12,88450,"Lorong Pelam"
12,88450,"Lorong Pelam 1"
12,88450,"Lorong Pelam 2-6"
12,88450,"Lorong Permai"
12,88450,"Lorong Permai 2-3"
12,88450,"Lorong Pic"
12,88450,"Lorong Pic (1 - 5)"
12,88450,"Lorong Pisang"
12,88450,"Lorong Plaza Utama 1-5, 4A, 4B"
12,88450,"Lorong Puncak desa"
12,88450,"Lorong Puncak Desa 1-2"
12,88450,"Lorong Putra Jaya 3-9, 13-18, 20-24, 26"
12,88450,"Lorong Putra Jaya 9B, 3A"
12,88450,"Lorong Putra Perdana 2D, 2C, 2B, 2F, 2E"
12,88450,"Lorong Raja Udang"
12,88450,"Lorong Rambutan"
12,88450,"Lorong Sampah"
12,88450,"Lorong Sang Suria"
12,88450,"Lorong Seri Indah"
12,88450,"Lorong Seri Indah 1-6"
12,88450,"Lorong Seri Maju"
12,88450,"Lorong Sibu"
12,88450,"Lorong Sri Baru"
12,88450,"Lorong Sri Baru (1-3)"
12,88450,"Lorong Sri Kelombong"
12,88450,"Lorong Sri Pulutan (1-3)"
12,88450,"Lorong Sulaman 1-3, 2A, 3A, 5"
12,88450,"Lorong Sungai Inanam"
12,88450,"Lorong Suria"
12,88450,"Lorong Synergy Square - Blok B1"
12,88450,"Lorong Telipok Jaya"
12,88450,"Lorong Telipok Jaya 1A, 2, 3, 3A"
12,88450,"Lorong Tembikai"
12,88450,"Lorong Terap 2"
12,88450,"Lorong Tomato"
12,88450,"Lorong Tongkuzu"
12,88450,"Lorong Wijaya Park 1-6"
12,88450,MARDI
12,88450,"Melawa Count"
12,88450,"Menara Tun Mustapha"
12,88450,Menggatal
12,88450,"Metro Town"
12,88450,"Ngee Lim Industri"
12,88450,"Paramount Industri"
12,88450,"Perindustrian Sri Inanam 13"
12,88450,"PerKampungan Baru Inanam (1 - 5)"
12,88450,"Perumahan SESB Melawa"
12,88450,"Pusat Perindustrian Jaya"
12,88450,"Pusat Perindustrian Suria"
12,88450,"S.L. Industri Estate"
12,88450,"Seludang Industri Estate"
12,88450,"Si Khiong Industri"
12,88450,"Sinar Industrial Estate"
12,88450,"Skim Penempatan Telipok"
12,88450,"Sri Kemajuan Industri Estate"
12,88450,"Sri Warisan Light Industri"
12,88450,"Sulaman Central"
12,88450,"Suria Industri Park"
12,88450,"Taman Angsana"
12,88450,"Taman Bakti Ikhlas"
12,88450,"Taman Bukit Sepagar"
12,88450,"Taman Bukit Setia"
12,88450,"Taman Canggih"
12,88450,"Taman Cerah"
12,88450,"Taman Dai Ming Baru"
12,88450,"Taman Fajar"
12,88450,"Taman Flamingo"
12,88450,"Taman Fulliwa"
12,88450,"Taman Harmoni"
12,88450,"Taman Hartamas"
12,88450,"Taman Inanam"
12,88450,"Taman Inanam Baru"
12,88450,"Taman Inanam Laut Phase 1"
12,88450,"Taman Inanam Villa"
12,88450,"Taman Indah Permai"
12,88450,"Taman Jaya Diri"
12,88450,"Taman Jaya Usaha"
12,88450,"Taman Judy"
12,88450,"Taman K. Menggatal"
12,88450,"Taman Kemas"
12,88450,"Taman King Fisher"
12,88450,"Taman Kingfisher Phase 4"
12,88450,"Taman Kingfisher Sulaman PH 1"
12,88450,"Taman Kionsom Jaya"
12,88450,"Taman Kolombung"
12,88450,"Taman Kopek"
12,88450,"Taman Kuala Menggatal (Ph 1, Ph 2, Ph 3)"
12,88450,"Taman Langkah"
12,88450,"Taman Lifo"
12,88450,"Taman Mansiang"
12,88450,"Taman May May"
12,88450,"Taman Mega"
12,88450,"Taman Melawa Jaya"
12,88450,"Taman Menggatal"
12,88450,"Taman Menggatal Villa"
12,88450,"Taman Mewah"
12,88450,"Taman Murni"
12,88450,"Taman Nelly"
12,88450,"Taman Nelly Ph. 9"
12,88450,"Taman Nounton"
12,88450,"Taman Palma"
12,88450,"Taman Palma Rasa"
12,88450,"Taman Perindustrian Moden"
12,88450,"Taman Permai"
12,88450,"Taman Permata"
12,88450,"Taman Puri Saujana (Ph. 1, Ph. 2)"
12,88450,"Taman Puri Saujana 3"
12,88450,"Taman Putera Perdana"
12,88450,"Taman Putra Jaya"
12,88450,"Taman Riang"
12,88450,"Taman Richdar"
12,88450,"Taman Saga"
12,88450,"Taman Satria Phase 2"
12,88450,"Taman Segar"
12,88450,"Taman Selayang Kedai"
12,88450,"Taman Sepangar"
12,88450,"Taman Seri Kasturi"
12,88450,"Taman Seri Kionsom"
12,88450,"Taman Sri Baru"
12,88450,"Taman Sri Chimera"
12,88450,"Taman Sri Indah"
12,88450,"Taman Sri Maju (Blok 201 -205, 211, 212)"
12,88450,"Taman Sri Maju Jaya (Blok 208 -210)"
12,88450,"Taman Sri Pulutan"
12,88450,"Taman Sri Puteri"
12,88450,"Taman Sri Rugading"
12,88450,"Taman Syn Fah"
12,88450,"Taman Tebobon"
12,88450,"Taman Teck Lee"
12,88450,"Taman Telipok Jaya"
12,88450,"Taman Telipok Ria"
12,88450,"Taman Telipok Ria Ph. 2"
12,88450,"Taman Utara Gudon"
12,88450,"Taman View Point"
12,88450,"Taman Wangsa"
12,88450,"Taman Wijayah Park"
12,88450,Telipok
12,88450,"Telipok Commercial Centre - Blok A"
12,88450,"Tman Mepo"
12,88450,"Tropical Industri  Estate"
12,88450,"Tropical Industri  Estate"
12,88450,"Visa Industrial Estate"
12,88450,"Visa L.I.E"
12,88450,"Wei Hing Industri"
12,88450,"Wisma Everight"
12,88450,"Wisma Gaya"
12,88450,"Wisma Kolombong"
12,88450,"Wisma YTL"
12,88450,"Yisu Industrial Estate"
12,88460,"Jalan 3 KKIP Timur"
12,88460,"Jalan KKIP Timur"
12,88460,"Jalan Selatan"
12,88460,"Lembaga Koko"
12,88500,"TYT Yang Di Pertua Negeri Sabah"
12,88502,"YAB Ketua Menteri Sabah"
12,88504,"Biro Bantuan Guaman"
12,88505,"Biro Pengaduan Awam"
12,88506,"Mahkamah Tinggi"
12,88508,"Amanah Raya Berhad"
12,88510,"Jabatan Perkhidmatan Awam"
12,88512,"Jabatan Peguam Negara"
12,88514,"Jabatan Perangkaan"
12,88516,"Jabatan Pemegang Harta"
12,88518,"Ketua Audit Negeri"
12,88520,"Suruhanjaya Perkhidmatan Awam Persekutuan"
12,88520,"Unit PenyelidIkan Sosio Ekonomi"
12,88526,"Suruhanjaya Perkhidmatan Pendidikan"
12,88527,"Unit Pentadbiran & Perancangan Pengurusan"
12,88532,"Jabatan Sumber Manusia"
12,88534,"Jabatan Kilang & Jentera"
12,88538,"Jabatan Keselamatan Sosial (Perkeso)"
12,88540,"Jabatan Tenaga Rakyat"
12,88546,"Pejabat Rela Negeri"
12,88550,"Jabatan Imigresen"
12,88551,"Jabatan Pendaftaran Negara"
12,88552,"Jabatan Pendaftar Pertubuhan"
12,88554,"Percetakan Nasional Berhad"
12,88556,"Jabatan Pertahanan Awam"
12,88558,"Jabatan Penjara"
12,88560,"Ketua Polis Negeri"
12,88562,"Kementerian KebajIkan Masyarakat Sabah"
12,88564,"Jabatan KebajIkan Masyarakat"
12,88566,"Jabatan Muzium"
12,88568,"Jabatan Arkib Negara"
12,88570,"Kementerian Belia Dan Sukan Sabah"
12,88572,"Perpustakaan Awam Negeri"
12,88576,"Jabatan Tanah Dan Ukur"
12,88580,"Kementerian Perhubungan & Kerja Raya Sabah"
12,88582,"Jabatan Kerja Raya"
12,88586,"Hospital Queen Elizabeth"
12,88590,"Jabatan Kesihatan"
12,88592,"Jabatan Kewangan Persekutuan"
12,88592,"Kementerian Kewangan Sabah"
12,88592,"Pegawai Kewangan Negeri"
12,88594,"Akauntan Negara"
12,88596,"Jabatan Kastam & Eksais Di Raja"
12,88598,"Kumpulan Wang Simpanan Pekerja"
12,88600,"Lembaga Hasil Dalam Negeri"
12,88602,"Pejabat Perhubungan Sabah / Kuala Lumpur"
12,88604,"Jabatan Pendidikan"
12,88606,"Kementerian Pembangunan Negara & Luar Bandar Sabah"
12,88608,"Jabatan Pembangunan Koperasi"
12,88609,"Pejabat Mara Negeri"
12,88610,"Bahagian Perlesenan - Kementerian Penerangan"
12,88612,"Jabatan Penerangan"
12,88614,"Jabatan Penyiaran"
12,88617,"Lembaga Pelabuhan Sabah"
12,88618,"Jabatan Penerbangan Awam"
12,88620,"Jabatan Pengangkutan Jalan"
12,88621,"Jabatan Keratapi Sabah"
12,88622,"Penguatkuasa Kementerian Perdagangan Dalam Negeri"
12,88624,"Kementerian Pertanian & Perikanan  Sabah"
12,88626,"Jabatan Pengairan Dan Saliran"
12,88628,"Jabatan Perikanan"
12,88630,"Jabatan Haiwan"
12,88632,"Jabatan Pertanian"
12,88634,"Briget Kelima Infantri Malaysia"
12,88644,"Kementerian Kerajaan Tempatan Sabah"
12,88646,"Jabatan Perancang Bandar Dan Desa"
12,88648,"Jabatan Bomba & Penyelamat"
12,88656,"Jabatan Galian"
12,88658,"Jabatan Kajibumi"
12,88660,"Jabatan Perhutanan"
12,88661,"Padi & Beras Nasional (Bernas)"
12,88662,"Jabatan Alam Sekitar Negeri"
12,88670,"Pos Malaysia Berhad"
12,88672,"Telekom Malaysia Berhad"
12,88673,"Sabah Electricity Sendirian Berhad"
12,88675,"Dewan Bandaraya Kota Kinabalu"
12,88676,"Majlis Agama Islam Sabah"
12,88680,"Dewan Undangan Negeri"
12,88690,"Suruhanjaya Pilihanraya Negeri"
12,88700,"Beverly - Peti Surat 1 - 530"
12,88721,"Putatan - Peti Surat 50001 - 50080"
12,88722,"Putatan - Peti Surat 50081 - 50300"
12,88723,"Putatan - Peti Surat 50301 - 50450"
12,88724,"Putatan - Peti Surat 50451 - 50500"
12,88725,"Putatan - Peti Surat 50501 - 50800"
12,88757,"Luyang - Peti surat  20001 - 20100"
12,88758,"Luyang - Peti surat  20101 - 20200"
12,88759,"Luyang - Peti surat  20201 - 20300"
12,88760,"Luyang - Peti surat  20301 - 20400"
12,88761,"Luyang - Peti surat  20401 - 20500"
12,88762,"Luyang - Peti surat  20501 - 20580"
12,88763,"Luyang - Peti surat  20581 - 20680"
12,88764,"Luyang - Peti surat  20681 - 20780"
12,88765,"Luyang - Peti surat  20781 - 20880"
12,88766,"Luyang - Peti surat  20881 - 20960"
12,88767,"Luyang - Peti surat  20961 - 21060"
12,88768,"Luyang - Peti surat  21061 - 21160"
12,88769,"Luyang - Peti surat  21161 - 21240"
12,88770,"Luyang - Peti surat  21241 - 21320"
12,88771,"Luyang - Peti surat  21321 - 21420"
12,88772,"Luyang - Peti surat  21421 - 21520"
12,88773,"Luyang - Peti surat  21521 - 21600"
12,88774,"Luyang - Peti surat  21601 - 21700"
12,88775,"Luyang - Peti surat  21701 - 21800"
12,88776,"Luyang - Peti surat  21801 - 21900"
12,88777,"Luyang - Peti surat  21901 - 21980"
12,88778,"Luyang - Peti surat  21981 - 22060"
12,88779,"Luyang - Peti surat  22061 - 22140"
12,88780,"Luyang - Peti surat  22141 - 22220"
12,88781,"Luyang - Peti surat  22221 - 22300"
12,88782,"Luyang - Peti surat  22301 - 22380"
12,88783,"Luyang - Peti surat  22381 - 22460"
12,88784,"Luyang - Peti surat  22461 - 22540"
12,88785,"Luyang - Peti surat  22541 - 22620"
12,88786,"Luyang - Peti surat  22621 - 22700"
12,88787,"Luyang - Peti surat  22701 - 22800"
12,88788,"Luyang - Peti surat  22801 - 22880"
12,88789,"Luyang - Peti surat  22881 - 22980"
12,88790,"Luyang - Peti surat  22981 - 23080"
12,88800,"Kota Kinabalu - Peti surat  10001 - 10050"
12,88801,"Kota Kinabalu - Peti surat  10051 - 10170"
12,88802,"Kota Kinabalu - Peti surat  10171 - 10250"
12,88803,"Kota Kinabalu - Peti surat  10251 - 10370"
12,88804,"Kota Kinabalu - Peti surat  10371 - 10430"
12,88805,"Kota Kinabalu - Peti surat  10431 - 10530"
12,88806,"Kota Kinabalu - Peti surat  10531 - 10630"
12,88807,"Kota Kinabalu - Peti surat  10631 - 10730"
12,88808,"Kota Kinabalu - Peti surat  10731 - 10810"
12,88809,"Kota Kinabalu - Peti surat  10811 - 10890"
12,88810,"Kota Kinabalu - Peti surat  10891 - 10990"
12,88811,"Kota Kinabalu - Peti surat  10991 - 11090"
12,88812,"Kota Kinabalu - Peti surat  11091 - 11190"
12,88813,"Kota Kinabalu - Peti surat  11191 - 11270"
12,88814,"Kota Kinabalu - Peti surat  11271 - 11330"
12,88815,"Kota Kinabalu - Peti surat  11331 - 11430"
12,88816,"Kota Kinabalu - Peti surat  11431 - 11530"
12,88817,"Kota Kinabalu - Peti surat  11531 - 11630"
12,88818,"Kota Kinabalu - Peti surat  11631 - 11710"
12,88819,"Kota Kinabalu - Peti surat  11711 - 11790"
12,88820,"Kota Kinabalu - Peti surat  11791 - 11890"
12,88821,"Kota Kinabalu - Peti surat  11891 - 11990"
12,88822,"Kota Kinabalu - Peti surat  11991 - 12090"
12,88823,"Kota Kinabalu - Peti surat  12091 - 12160"
12,88824,"Kota Kinabalu - Peti surat  12161 - 12210"
12,88825,"Kota Kinabalu - Peti surat  12211 - 12310"
12,88826,"Kota Kinabalu - Peti surat  12311 - 12410"
12,88827,"Kota Kinabalu - Peti surat  12411 - 12510"
12,88828,"Kota Kinabalu - Peti surat  12511 - 12590"
12,88829,"Kota Kinabalu - Peti surat  12591 - 12670"
12,88830,"Kota Kinabalu - Peti surat  12671 - 12770"
12,88831,"Kota Kinabalu - Peti surat  12771 - 12870"
12,88832,"Kota Kinabalu - Peti surat  12871 - 12970"
12,88833,"Kota Kinabalu - Peti surat  12971 - 13050"
12,88834,"Kota Kinabalu - Peti surat  13051 - 13110"
12,88835,"Kota Kinabalu - Peti surat  13111 - 13190"
12,88836,"Kota Kinabalu - Peti surat  13191 - 13270"
12,88837,"Kota Kinabalu - Peti surat  13271 - 13360"
12,88838,"Kota Kinabalu - Peti surat  13361 - 13440"
12,88839,"Kota Kinabalu - Peti surat  13441 - 13530"
12,88840,"Kota Kinabalu - Peti surat  13531 - 13610"
12,88841,"Kota Kinabalu - Peti surat  13611 - 13690"
12,88842,"Kota Kinabalu - Peti surat  13691 - 13720"
12,88843,"Kota Kinabalu - Peti surat  13721 - 13800"
12,88844,"Kota Kinabalu - Peti surat  13801 - 13880"
12,88845,"Kota Kinabalu - Peti surat  13881 - 13970"
12,88846,"Kota Kinabalu - Peti surat  13971 - 14070"
12,88847,"Kota Kinabalu - Peti surat  14071 - 14180"
12,88848,"Kota Kinabalu - Peti surat  14181 - 14280"
12,88849,"Kota Kinabalu - Peti surat  14281 - 14360"
12,88850,"Kota Kinabalu - Peti surat  14361 - 14460"
12,88851,"Kota Kinabalu - Peti surat  14461 - 14540"
12,88852,"Kota Kinabalu - Peti surat  14541 - 14610"
12,88853,"Kota Kinabalu - Peti surat  14611 - 14690"
12,88854,"Kota Kinabalu - Peti surat  14691 - 14770"
12,88855,"Kota Kinabalu - Peti surat  14771 - 14870"
12,88855,"Kota Kinabalu - Peti surat  14871 - 15000"
12,88856,"Likas - Peti Surat 1 - 630"
12,88857,"Inanam - Peti Surat 1 - 980"
12,88858,"Tanjung Aru - Peti Surat 1 - 1171"
12,88860,"Kota Kinabalu - Peti surat  15001 - 15120"
12,88861,"Kota Kinabalu - Peti surat  15121 - 15180"
12,88862,"Kota Kinabalu - Peti surat  15181 - 15260"
12,88863,"Kota Kinabalu - Peti surat  15261 - 15460"
12,88865,"Kota Kinabalu - Peti surat  15461 - 15600"
12,88866,"Kota Kinabalu - Peti surat  15681 - 15800"
12,88867,"Kota Kinabalu - Peti surat  15801 - 16020"
12,88868,"Kota Kinabalu - Peti surat  16021 - 16100"
12,88869,"Kota Kinabalu - Peti surat  16101 - 16300"
12,88870,"Kota Kinabalu - Peti surat  16301 - 16560"
12,88871,"Kota Kinabalu - Peti surat  16561 - 16640"
12,88872,"Kota Kinabalu - Peti surat  16641 - 17160"
12,88873,"Kota Kinabalu - Peti surat  17161 - 17680"
12,88874,"Kota Kinabalu - Peti surat  17681 - 18120"
12,88875,"Kota Kinabalu - Peti surat  18121 - 18640"
12,88900,"Kota Kinabalu - Tiket BiasaTingkap 1 - 100"
12,88901,"Kota Kinabalu - Tiket Biasa Tingkap 101 - 200"
12,88902,"Kota Kinabalu - Tiket Biasa Tingkap 201 - 300"
12,88903,"Kota Kinabalu - Tiket Biasa Tingkap 301 - 400"
12,88904,"Kota Kinabalu - Tiket BiasaTingkap 401 - 500"
12,88905,"Kota Kinabalu - Tiket Biasa Tingkap 501 - 600"
12,88906,"Kota Kinabalu - Tiket Biasa Tingkap 601 - 700"
12,88988,"Badan Pencegah Rasuah"
12,88990,"Kota Kinabalu - Beg berkunci  1 - 30"
12,88991,"Kota Kinabalu - Beg berkunci  31 - 60"
12,88992,"Kota Kinabalu - Beg berkunci  61 - 90"
12,88993,"Kota Kinabalu - Beg berkunci  91 - 120"
12,88994,"Kota Kinabalu - Beg berkunci  121 - 150"
12,88995,"Kota Kinabalu - Beg berkunci  151 - 180"
12,88996,"Kota Kinabalu - Beg berkunci  181 - 210"
12,88997,"Kota Kinabalu - Beg berkunci  211 - 240"
12,88998,"Kota Kinabalu - Beg berkunci  2001 - 2026"
12,88999,"Kota Kinabalu - Beg berkunci  2027 - 2080"
12,89000,Apin-Apin
12,89000,"Kampung Bingkor"
12,89000,"Kampung Dalayan Sook"
12,89000,"Kampung Pinipi Lanas"
12,89000,"Kampung Sebarang"
12,89000,"Kampung Sinulihan"
12,89000,"Kampung Tulid"
12,89000,Keningau
12,89007,"Keningau - Peti surat  2621 - 2940"
12,89008,"Keningau - Tiket Biasa Tingkap"
12,89009,"Keningau - Beg berkunci"
12,89050,Banggi
12,89050,Bengkoka
12,89050,"Kampung Lajong"
12,89050,Kudat
12,89050,Langkon
12,89050,Matunggong
12,89050,Pinawantai
12,89050,Pitas
12,89050,"Pulau Banggi"
12,89050,Sekuati
12,89050,Tandek
12,89057,"Kudat - Peti surat"
12,89058,"Kudat - Tiket Biasa Tingkap"
12,89059,"Kudat - Beg berkunci"
12,89100,Bengkoka
12,89100,"Kampung Damai"
12,89100,"Kota Marudu"
12,89100,Pitas
12,89100,Tandek
12,89107,"Kota Marudu - Peti surat"
12,89108,"Kota Marudu - Tiket Biasa Tingkap"
12,89109,"Kota Marudu - Beg berkunci"
12,89150,Kadamaian
12,89150,"Kampung Kelawat"
12,89150,"Kampung Taginambor"
12,89150,"Kota Belud"
12,89150,Tempasuk
12,89150,Usukan
12,89157,"Kota Belud - Peti surat"
12,89158,"Kota Belud - Tiket Biasa Tingkap"
12,89159,"Kota Belud - Beg berkunci"
12,89200,Berungis
12,89200,"Kampung Bakut"
12,89200,"Kampung Baru-Baru"
12,89200,"Kampung Laya-Laya"
12,89200,"Kampung Mengkabong"
12,89200,Sulaman
12,89200,Tuaran
12,89207,"Tuaran - Peti surat"
12,89208,"Tuaran - Tiket Biasa Tingkap"
12,89209,"Tuaran - Beg berkunci"
12,89250,"Kampung Kiulu"
12,89250,"Kampung Topokan"
12,89250,Tamparuli
12,89257,"Tamparuli - Peti surat"
12,89258,"Tamparuli - Tiket Biasa Tingkap"
12,89259,"Tamparuli - Beg berkunci"
12,89260,"Bundu Tuhan"
12,89260,Tenghilan
12,89300,"Kampung Bangkod"
12,89300,"Kampung Kundasang"
12,89300,"Kampung Lohan"
12,89300,"Kampung Malinsau"
12,89300,"Kampung Nabalu"
12,89300,"Kampung Nalapak"
12,89300,"Kampung Panginatan"
12,89300,"Kampung Tagudon"
12,89300,"Kampung Tampios"
12,89300,"Kampung Timbua"
12,89300,Kundasang
12,89300,Namaus
12,89300,Ranau
12,89300,Tenghilan
12,89307,"Ranau - Peti surat"
12,89308,"Ranau - Tiket Biasa Tingkap"
12,89309,"Ranau - Beg berkunci"
12,89500,"Jalan Penampang"
12,89500,"Jalan Tambunan"
12,89500,"Kampung Babagon"
12,89500,"Kampung Kolopis"
12,89500,"Kampung Limbanak"
12,89500,"Kampung Maang"
12,89500,"Kampung Mahanoi"
12,89500,"Kampung Terawi"
12,89500,"Kampung Tombovo"
12,89500,Penampang
12,89507,"Penampang - Peti Surat"
12,89508,"Penampang - Tiket Biasa Tingkap"
12,89509,"Penampang - Beg berkunci"
12,89600,"Kampung Benoni"
12,89600,"Kampung Limbahau"
12,89600,"Kampung Nagapas"
12,89600,Kawang
12,89600,"Pantai Manis"
12,89600,Papar
12,89600,"Pengalat Besar"
12,89607,"Papar - Peti surat"
12,89608,"Papar - Tiket Biasa Tingkap"
12,89609,"Papar - Beg berkunci"
12,89650,"Kampung Kapayan"
12,89650,"Kampung Mansarulung"
12,89650,"Kampung Nabayan"
12,89650,"Kampung Patau"
12,89650,"Kampung Sinsuron"
12,89650,"Kampung Toboh"
12,89650,Tambunan
12,89657,"Tambunan - Peti surat"
12,89658,"Tambunan - Tiket Biasa Tingkap"
12,89659,"Tambunan - Beg berkunci"
12,89700,Bongawan
12,89707,"Bongawan - Peti Surat"
12,89708,"Bongawan - Tiket Biasa Tingkap"
12,89709,"Bongawan - Karung Berkunci"
12,89720,"Kampung Binsulok"
12,89720,Klias
12,89720,Membakut
12,89727,"Membakut - Peti surat"
12,89728,"Membakut - Tiket Biasa Tingkap"
12,89729,"Membakut - Beg berkunci"
12,89740,"Kampung Batu Lintang"
12,89740,"Kampung Kerukan"
12,89740,"Kampung Mansud"
12,89740,"Kampung Palu-Palu"
12,89740,"Kampung Tempurong"
12,89740,"Kuala Penyu"
12,89747,"Kuala Penyu - Peti surat"
12,89748,"Kuala Penyu - Tiket Biasa Tingkap"
12,89749,"Kuala Penyu - Beg berkunci"
12,89760,"Kampung Lambidan"
12,89760,"Kampung Malikai"
12,89760,"Kampung Sangkabok"
12,89760,Menumbok
12,89767,"Menumbok - Peti surat"
12,89768,"Menumbok - Tiket Biasa Tingkap"
12,89769,"Menumbok - Beg berkunci"
12,89800,Beaufort
12,89800,"Kampung Bingkul"
12,89800,"Kampung Bukau"
12,89800,"Kampung Gadong"
12,89800,"Kampung Kabajang"
12,89800,"Kampung Lingkongan"
12,89800,"Kampung Lumadan"
12,89800,"Kampung Simpagar"
12,89800,"Kampung Suasa"
12,89800,"Kota Klias"
12,89800,"Padas Damit"
12,89800,Weston
12,89807,"Beaufort - Peti Surat"
12,89808,"Beaufort- Tiket Biasa Tingkap"
12,89809,"Beaufort - Karung Berkunci"
12,89850,"Kampung Melaman"
12,89850,"Kampung Pelakat"
12,89850,Mesapol
12,89850,Sindumin
12,89850,Sipitang
12,89857,"Sipitang - Peti surat"
12,89858,"Sipitang - Tiket Biasa Tingkap"
12,89859,"Sipitang - Beg berkunci"
12,89900,"Kampung Kemabong"
12,89900,Melalap
12,89900,Melutut
12,89900,Tenom
12,89907,"Tenom - Peti surat"
12,89908,"Tenom - Tiket Biasa Tingkap"
12,89909,"Tenom - Beg berkunci"
12,89950,Nabawan
12,89950,Pensiangan
12,89950,Sepulot
12,89957,"Nabawan - Peti surat"
12,89958,"Nabawan - Tiket Biasa Tingkap"
12,89959,"Nabawan - Beg berkunci"
12,90000,"Bandar Laila"
12,90000,"Bandar Ramai - Ramai"
12,90000,Elopura
12,90000,"Jalan Labuk (Batu 36)"
12,90000,"Kampung B.D.C."
12,90000,"Kampung Damai"
12,90000,"Kampung Karamunting"
12,90000,"Kampung Seri Taman"
12,90000,"Kampung Sim-Sim"
12,90000,"Kampung Sungai Manila"
12,90000,"Kampung Tambisan"
12,90000,"Kampung Tongud"
12,90000,"Labuk (Batu 9,11,13,15,& 17)"
12,90000,"Ladang Segaliud"
12,90000,"Rumah Persekutuan"
12,90000,"Sabah Palm Estate"
12,90000,Sandakan
12,90000,"Taman Sibuga"
12,90000,"Tanjung Papat"
12,90000,Tonggod
12,90000,"Ulu Dusun"
12,90009,"Sandakan - Beg berkunci"
12,90100,Beluran
12,90100,Labuk
12,90100,Sugut
12,90107,"Beluran - Peti surat"
12,90109,"Beluran - Beg berkunci"
12,90200,"Kota Kinabatangan"
12,90200,Kuamut
12,90200,Sekong
12,90200,Sukau
12,90300,"Jalan Utara (Batu 1 1/2 )"
12,90307,"Peti Surat - 1- 200 Batu 1 1/2 Jalan Utara"
12,90400,Pamol
12,90700,"Sandakan - Peti surat  1 - 60"
12,90701,"Sandakan - Peti surat 61 - 160"
12,90702,"Sandakan - Peti surat 161 - 260"
12,90703,"Sandakan - Peti surat 261 - 340"
12,90704,"Sandakan - Peti surat 341 - 430"
12,90705,"Sandakan - Peti surat 431 - 520"
12,90706,"Sandakan - Peti surat 521 - 600"
12,90707,"Sandakan - Peti surat 601 - 700"
12,90708,"Sandakan - Peti surat 701 - 800"
12,90709,"Sandakan - Peti surat 801 - 880"
12,90711,"Sandakan - Peti surat 801 - 1080"
12,90712,"Sandakan - Peti surat 1081 - 1160"
12,90713,"Sandakan - Peti surat 1161 - 1260"
12,90714,"Sandakan - Peti surat 1261 - 1360"
12,90715,"Sandakan - Peti surat 1361 - 1440"
12,90716,"Sandakan - Peti surat 1441 - 1530"
12,90717,"Sandakan - Peti surat 1531 - 1620"
12,90718,"Sandakan - Peti surat 1621 - 1700"
12,90719,"Sandakan - Peti surat 1701 - 1780"
12,90720,"Sandakan - Peti surat 1781 - 1860"
12,90721,"Sandakan - Peti surat 1861 - 1940"
12,90722,"Sandakan - Peti surat 1941 - 2020"
12,90723,"Sandakan - Peti surat 2021 -2100"
12,90724,"Sandakan - Peti surat 2101 - 2190"
12,90725,"Sandakan - Peti surat 2191 - 2280"
12,90726,"Sandakan - Peti surat 2281 - 2360"
12,90727,"Sandakan - Peti surat 2361 - 2460"
12,90728,"Sandakan - Peti surat 2461 - 2560"
12,90729,"Sandakan - Peti surat 2561 - 2640"
12,90730,"Sandakan - Peti surat 2641 - 2740"
12,90731,"Sandakan - Peti surat 2741 - 2840"
12,90732,"Sandakan - Peti surat 2841 - 2920"
12,90733,"Sandakan - Peti surat 2921 - 3020"
12,90734,"Sandakan - Peti surat 3021 - 3120"
12,90735,"Sandakan - Peti surat 3121 - 3200"
12,90736,"Sandakan - Peti surat 3201 - 3290"
12,90737,"Sandakan - Peti surat 3291 - 3380"
12,90738,"Sandakan - Peti surat 3381 - 3460"
12,90739,"Sandakan - Peti surat 3461 - 3560"
12,90740,"Sandakan - Peti surat 3561 - 3660"
12,90741,"Sandakan - Peti surat 3661 - 3720"
12,91000,Tawau
12,91000,"Kampung Tanjong Batu Darat"
12,91000,"Kampung Tanjong Batu Laut"
12,91000,"Kampung Titingan"
12,91000,"Kampung Ulu Tiku"
12,91000,Merotai
12,91000,"Merotai Estate"
12,91000,"Seri Tanjong"
12,91000,"Sin On (Batu 5 1/2)"
12,91000,"Kampung Jawa"
12,91000,Kalabakan
12,91000,"Ambar Park"
12,91000,"Apas Balung"
12,91000,Balung
12,91000,"Bandar Sabindo"
12,91000,Berumas
12,91000,Bommalai
12,91000,Brantian
12,91000,"Check Point"
12,91000,"Jalan Apas (Batu 5 1/2)"
12,91007,"Tawau - Peti surat  1 - 500"
12,91008,"Tawau - Peti surat  500 & ke atas"
12,91009,"Tawau - Beg berkunci"
12,91010,"Tawau - Peti surat  60001 - 60100"
12,91011,"Tawau - Peti surat  60101 - 60200"
12,91012,"Tawau - Peti surat  60201 - 60230"
12,91013,"Tawau - Peti surat  60301 - 60400"
12,91014,"Tawau - Peti surat  60401 - 60500"
12,91015,"Tawau - Peti surat  60501 - 60600"
12,91016,"Tawau - Peti surat  60601 - 60700"
12,91017,"Tawau - Peti surat  60701 - 60800"
12,91018,"Tawau - Peti surat  60801 - 60900"
12,91019,"Tawau - Peti surat  60901 - 61000"
12,91020,"Tawau - Peti surat  61001 - 61100"
12,91021,"Tawau - Peti surat  61101 - 61200"
12,91022,"Tawau - Peti surat  61201 - 61300"
12,91023,"Tawau - Peti surat  61301 - 61400"
12,91024,"Tawau - Peti surat  61401 - 61500"
12,91025,"Tawau - Peti surat  61501 - 61600"
12,91026,"Tawau - Peti surat  61601 - 61700"
12,91027,"Tawau - Peti surat  61701 - 61800"
12,91028,"Tawau - Peti surat  61801 - 61900"
12,91029,"Tawau - Peti surat  61901 - 62000"
12,91030,"Tawau - Peti surat  62001 - 62100"
12,91031,"Tawau - Peti surat  62101 - 62200"
12,91032,"Tawau - Peti surat  62201 - 62300"
12,91033,"Tawau - Peti surat  62301 - 62400"
12,91034,"Tawau - Peti surat  62401 - 62500"
12,91035,"Tawau - Peti surat  62501 - 62600"
12,91100,Tungku
12,91100,"Segama Pangkalan"
12,91100,"Lahad Datu"
12,91100,"Kampung Tungku"
12,91100,"Kampung Tengah Nipah"
12,91100,"Kampung Silabukan"
12,91100,"Kampung Sapagaya"
12,91109,"Lahad Datu - Beg berkunci"
12,91110,"Lahad Datu - Peti surat  60001 - 60120"
12,91111,"Lahad Datu - Peti surat  60121 - 60240"
12,91112,"Lahad Datu - Peti surat  60241 - 60360"
12,91113,"Lahad Datu - Peti surat  60361 - 60440"
12,91114,"Lahad Datu - Peti surat  60441 - 60560"
12,91115,"Lahad Datu - Peti surat  60561 - 60680"
12,91116,"Lahad Datu - Peti surat  60681 - 60760"
12,91117,"Lahad Datu - Peti surat  60761 - 60880"
12,91118,"Lahad Datu - Peti surat  60881 - 61000"
12,91119,"Lahad Datu - Peti surat  61001 - 61080"
12,91120,"Lahad Datu - Peti surat  61081 - 61200"
12,91121,"Lahad Datu - Peti surat  61201 - 61320"
12,91122,"Lahad Datu - Peti surat  61321 - 61440"
12,91123,"Lahad Datu - Peti surat  61441 - 61560"
12,91124,"Lahad Datu - Peti surat  61561 - 61640"
12,91125,"Lahad Datu - Peti surat  61641 - 61760"
12,91126,"Lahad Datu - Peti surat  61761 - 61880"
12,91127,"Lahad Datu - Peti surat  61881 - 61960"
12,91128,"Lahad Datu - Peti surat  61961 - 62480"
12,91150,Cenderawasih
12,91200,Kunak
12,91200,"Ladang Giram"
12,91207,"Kunak - Peti surat"
12,91209,"Kunak - Beg berkunci"
12,91300,Semporna
12,91300,Senallang
12,91300,Sulabayan
12,91307,"Semporna - Peti surat  1 - 80"
12,91308,"Semporna - Peti surat  81 & ke atas"
12,91309,"Semporna - Beg berkunci"
