4,75000,"Bandar Hilir"
4,75000,"Bangunan Tabung Haji"
4,75000,"Bukit Gedong"
4,75000,"Century Mahkota"
4,75000,"Dataran Pahlawan"
4,75000,"Dataran Pahlawan Melaka Megamall"
4,75000,"Flat Bakti Mutiara"
4,75000,"Flat Banda Kaba"
4,75000,"Flat Bandar Hilir"
4,75000,"Flat Garden City"
4,75000,"Flat Laksamana A/B"
4,75000,"Flat Polis Bandar Hilir"
4,75000,"Flat Temenggung"
4,75000,"Harbour Club"
4,75000,"Hotel Holiday Inn Melaka"
4,75000,"Jalan Banda Kaba"
4,75000,"Jalan Bandar Hilir"
4,75000,"Jalan Bukit Senjuang"
4,75000,"Jalan Chan Koon Cheng"
4,75000,"Jalan Gereja"
4,75000,"Jalan Kota"
4,75000,"Jalan Laksamana"
4,75000,"Jalan Laksamana Cheng Ho"
4,75000,"Jalan Leong Yew Koh"
4,75000,"Jalan Melaka Raya"
4,75000,"Jalan Merdeka"
4,75000,"Jalan Panjang"
4,75000,"Jalan Parameswara"
4,75000,"Jalan Plaza Mahkota"
4,75000,"Jalan Quayside"
4,75000,"Jalan Temenggong"
4,75000,"Jalan Thamby Abdullah"
4,75000,"Jalan Tun Lew Koh"
4,75000,"Kampung Banda Kaba"
4,75000,"Kampung Bandar Hilir"
4,75000,"Kampung Hilir"
4,75000,"Kampung Jalan Panjang"
4,75000,"Kampung Praya"
4,75000,"Kampung Praya Lane"
4,75000,"Lorong Banda Kaba"
4,75000,"Lorong Bukit Cina"
4,75000,"Lorong Bukit Cina (Banda Kaba)"
4,75000,"Lorong Bukit Senjuang"
4,75000,"Lorong Gereja"
4,75000,"Lorong Pantai"
4,75000,"Mahkota Medical Center"
4,75000,"Mahkota Parade"
4,75000,"Malacca Club"
4,75000,"Medan Samudera"
4,75000,"Melaka Raya"
4,75000,"Pahlawan De Hatten Square"
4,75000,"Pangsapuri Seri Bukit Senjuang"
4,75000,"Plaza Bayu"
4,75000,"Plaza Melaka Raya"
4,75000,"Pulau Melaka"
4,75000,"Pusat Seni"
4,75000,"Rumah Awam Bandar Hilir"
4,75000,"Rumah Pangsa Bandar Hilir"
4,75000,"Rumah Pangsa Iskandar Shah"
4,75000,"Taman Bakti"
4,75000,"Taman Bandar Hilir Indah"
4,75000,"Taman Hilir Kota"
4,75000,"Taman Hilir Kota 1"
4,75000,"Taman Melaka Raya"
4,75000,"Taman Plaza Merdeka"
4,75000,"Taman Plaza Pahlawan"
4,75000,"Taman Pulau Melaka"
4,75050,"Ayer Leleh"
4,75050,"Ayer Leleh Kondominium"
4,75050,"Bukit Gedong"
4,75050,"Bukit Godek (Semabok)"
4,75050,"Flat Ayer Leleh"
4,75050,"Flat Mawar"
4,75050,"Flat Melati"
4,75050,"Flat Orkid"
4,75050,"Flat Teratai"
4,75050,"IKS Padang Temu"
4,75050,"Jalan Ayer Leleh"
4,75050,"Jalan Banda"
4,75050,"Jalan Bukit Gedong"
4,75050,"Jalan Bukit Godek"
4,75050,"Jalan Bukit Katil (Semabok)"
4,75050,"Jalan Cryton"
4,75050,"Jalan D` Albuquerque"
4,75050,"Jalan D`Aranjo"
4,75050,"Jalan Day"
4,75050,"Jalan Eredia"
4,75050,"Jalan Johor"
4,75050,"Jalan Low Hee Kong"
4,75050,"Jalan Masjid Ujong Pasir"
4,75050,"Jalan Portugis"
4,75050,"Jalan Portugis Settlement"
4,75050,"Jalan Pulau"
4,75050,"Jalan Pulau, Ujong Pasir"
4,75050,"Jalan Semabok"
4,75050,"Jalan Semabok Dalam"
4,75050,"Jalan Seqveira"
4,75050,"Jalan Texerra"
4,75050,"Jalan UjongPasir"
4,75050,"Jalan Yong Pak Khiam"
4,75050,"Kampung Atap"
4,75050,"Kampung Atap (Ujong Pasir)"
4,75050,"Kampung Ayer Leleh"
4,75050,"Kampung Bukit Godek"
4,75050,"Kampung Ladang Semabok"
4,75050,"Kampung Padang Temu"
4,75050,"Kampung UjongPasir"
4,75050,"Kondominium Pasir Murni"
4,75050,"Lorong 1 - 4 (Ujong Pasir)"
4,75050,"Lorong 1 - 7 (Bandar Hilir)"
4,75050,"Lorong Bukit Senjuang"
4,75050,"Lorong Empat"
4,75050,"Medan Portugis"
4,75050,"Padang Semabok"
4,75050,"Pangsapuri Harmoni/Aman"
4,75050,"Pangsapuri Kekwah"
4,75050,"Pangsapuri Laksamana Cheng Ho"
4,75050,"Pangsapuri Mutiara"
4,75050,"Pangsapuri Pasir Emas"
4,75050,"Pangsapuri Pasir Jaya"
4,75050,"Pangsapuri Pasir Mutiara"
4,75050,"Pangsapuri Pasir Permai"
4,75050,"Pangsapuri Pasir Puteri"
4,75050,"Pangsapuri Permai"
4,75050,"Pangsapuri Seri Johor"
4,75050,"Pangsapuri Straits Court"
4,75050,"Pangsapuri SUK A & B"
4,75050,"Pangsapuri Taman Kasturi"
4,75050,"Pangsapuri Teratai"
4,75050,"Penempatan Portugis"
4,75050,Semabok
4,75050,"Straits Court Kondominium"
4,75050,Strawberry
4,75050,"Taman Abu Bakar"
4,75050,"Taman Aman"
4,75050,"Taman Arkad"
4,75050,"Taman Ayer Leleh Permai"
4,75050,"Taman Cosa Villa"
4,75050,"Taman Garden (1 & 2)"
4,75050,"Taman Hilir"
4,75050,"Taman Impian Padang Temu"
4,75050,"Taman Jaya"
4,75050,"Taman Jaya Baru"
4,75050,"Taman Kampung Atap"
4,75050,"Taman Kasturi"
4,75050,"Taman Laksamana Cheng Ho"
4,75050,"Taman Macvilla"
4,75050,"Taman May Lian"
4,75050,"Taman Melayu"
4,75050,"Taman Nam Yang"
4,75050,"Taman Padang Temu"
4,75050,"Taman Padang Temu Bahagia"
4,75050,"Taman Padang Temu Indah"
4,75050,"Taman Padang Temu Jaya"
4,75050,"Taman Pantai Hilir"
4,75050,"Taman Pasir Jaya"
4,75050,"Taman Pasir Mas (Semabok)"
4,75050,"Taman Pertam Jaya"
4,75050,"Taman Plaza Semabok"
4,75050,"Taman Salient"
4,75050,"Taman Sea View"
4,75050,"Taman Semabok Emas"
4,75050,"Taman Semabok Jaya"
4,75050,"Taman Semabok Perdana"
4,75050,"Taman Semabok Permai"
4,75050,"Taman Seri Bandar"
4,75050,"Taman Serindit Harmoni"
4,75050,"Taman Sinn"
4,75050,"Taman Tang Khor Ham"
4,75050,"Taman Temu Jaya"
4,75050,"Taman Teratai"
4,75050,"Ujong Pasir"
4,75100,"Bukit Cina dalam"
4,75100,"Bunga Raya Pantai"
4,75100,"Center Point"
4,75100,"Flat Bendahara"
4,75100,"Flat Tun Sri Lanang"
4,75100,"Jalan Bendahara"
4,75100,"Jalan Bukit China"
4,75100,"Jalan Bunga Raya"
4,75100,"Jalan Bunga Raya Pantai"
4,75100,"Jalan Depoh"
4,75100,"Jalan Jawa"
4,75100,"Jalan Kampung Jawa"
4,75100,"Jalan Kee Ann"
4,75100,"Jalan Munshi Abdullah"
4,75100,"Jalan Pasar Baru"
4,75100,"Jalan Persisiran Bunga Raya"
4,75100,"Jalan Putri Hang Li Poh"
4,75100,"Jalan Tun Sri Lanang"
4,75100,"Kampung Bukit China"
4,75100,"Kampung Jawa"
4,75100,"Kompleks Munshi Abdullah"
4,75100,"Lorong Bukit Cina"
4,75100,"Lorong Bunga Raya"
4,75100,"Lorong Bunga Raya Pantai"
4,75100,"Lorong Pengkalan Rama"
4,75100,"Lorong Tun Sri Lanang"
4,75100,"Pangsapuri Sungai Naga"
4,75100,"Pasar Kampung Jawa"
4,75100,"Pengkalan Rama Pantai"
4,75100,"Pengkalan Rama Tengah"
4,75100,"Plaza Inn"
4,75100,"Rumah Pangsa Bendahara"
4,75100,"Taman Bendahara"
4,75100,"Taman Wan Show"
4,75100,"Wisma Bendahara"
4,75100,"Wisma Tan Cheng Tiong"
4,75150,"Bukit Baru"
4,75150,"Bukit Piatu"
4,75150,"Bukit Sebukor"
4,75150,"Flat Bukit Baru"
4,75150,"Flat Bukit Piatu"
4,75150,"Flat Malinja"
4,75150,"Flat Polis PDRM Seri Temenggong"
4,75150,"Flat Sri Temenggong"
4,75150,"Jalan Bahagia"
4,75150,"Jalan Bakti"
4,75150,"Jalan Bukit Baru"
4,75150,"Jalan Bukit Piatu"
4,75150,"Jalan Bukit Sebukor"
4,75150,"Jalan Dato Palembang"
4,75150,"Jalan Hoe Choong"
4,75150,"Jalan Hoe Tong"
4,75150,"Jalan Indah"
4,75150,"Jalan Indah 3/8"
4,75150,"Jalan Jaya"
4,75150,"Jalan Kekwa 1 hingga 6"
4,75150,"Jalan Mawar"
4,75150,"Jalan Melor"
4,75150,"Jalan Padang Jambu"
4,75150,"Jalan Paya Ikan"
4,75150,"Jalan Penghulu Abbas"
4,75150,"Jalan Rusa"
4,75150,"Jalan Sentosa"
4,75150,"Jalan Tanjong"
4,75150,"Kampung Balik Bukit"
4,75150,"Kampung Bukit Baru"
4,75150,"Kampung Bukit Baru Dalam"
4,75150,"Kampung Bukit Piatu"
4,75150,"Kampung Ku Sayang"
4,75150,"Kampung Musai"
4,75150,"Kampung Padang Jambu"
4,75150,"Kampung Paya Ikan"
4,75150,"Kampung Pengkalan Batu"
4,75150,"Kampung Pulau"
4,75150,"Kampung Solok Bukit Piatu"
4,75150,"Kampung Solok Bukit Pulau"
4,75150,"Kampung Solok Musai"
4,75150,"Kolej Yayasan Melaka"
4,75150,"Kondominium Bukit Baru Ria"
4,75150,"Kuarters Kastam"
4,75150,"Lorong Mat Riau"
4,75150,"Lorong Mawar"
4,75150,"Lorong Penghulu Abbas"
4,75150,"Lorong Sidang Omar"
4,75150,"Pangsapuri Mahsuri"
4,75150,"Pangsapuri Pertama"
4,75150,"Pangsapuri Sri Siantan"
4,75150,"Pekan Bukit Baru"
4,75150,"Pengkalan Batu"
4,75150,"Rumah Pangsa Bukit Piatu"
4,75150,"Rumah Pangsa Permata"
4,75150,"Simpang Bukit Baru"
4,75150,"Simpang Bukit Sebukor"
4,75150,"Sin Hoe Garden"
4,75150,"Solok Balik Bukit Piatu"
4,75150,"Solok Bukit Baru Dalam"
4,75150,"Solok Bukit Piatu"
4,75150,"Solok Bukit Pulau"
4,75150,"Solok Bukit Sepam"
4,75150,"Taman Bahagia"
4,75150,"Taman Bukit Baru"
4,75150,"Taman Bukit Baru Jaya"
4,75150,"Taman Bukit Palembang"
4,75150,"Taman Bukit Piatu"
4,75150,"Taman Bukit Piatu Mutiara"
4,75150,"Taman Dato Palembang"
4,75150,"Taman Delima"
4,75150,"Taman Delima Raya"
4,75150,"Taman Desa Indah"
4,75150,"Taman Desa Jaya"
4,75150,"Taman Goodwood"
4,75150,"Taman Harta Pertama"
4,75150,"Taman Indah"
4,75150,"Taman Indah 2"
4,75150,"Taman Indah Seksyen 1"
4,75150,"Taman Indah Seksyen 2"
4,75150,"Taman Indah Seksyen 3"
4,75150,"Taman Kedua"
4,75150,"Taman Malinja"
4,75150,"Taman Penghulu Abas"
4,75150,"Taman Penglima"
4,75150,"Taman Perumahan Polis Seri Temenggong"
4,75150,"Taman Putra"
4,75150,"Taman Putra Height"
4,75150,"Taman Sentosa"
4,75150,"Taman Sentosa Besar"
4,75150,"Taman Sentosa Kecil"
4,75150,"Taman Sentosa Seskyen 1"
4,75150,"Taman Setia Jaya"
4,75150,"Taman Setia Kawan"
4,75150,"Taman Sin Hoe"
4,75150,"Taman Temenggong"
4,75150,"Taman Tropicana"
4,75150,"Kawasan Perniagaan Musai Bestari"
4,75150,"Taman Bukit Katil Damai"
4,75200,"Taman Limbongan Jaya"
4,75200,"3rd Cross Street"
4,75200,"Balik Buloh"
4,75200,"First Cross Street"
4,75200,"Flat Al Ehsan"
4,75200,"Flat Kenanga Seksyen 3"
4,75200,"Flat Siantan"
4,75200,"Golden Coast Pangsapuri Langkawi"
4,75200,"Golden Shower"
4,75200,"Gorbina Kondominium"
4,75200,"Jalan Abdul GHAFAR"
4,75200,"Jalan Bayu"
4,75200,"Jalan Gajah Berang"
4,75200,"Jalan Hang Jebat"
4,75200,"Jalan Hang Kasturi"
4,75200,"Jalan Hang Lekir"
4,75200,"Jalan Hang Lekiu"
4,75200,"Jalan Kampung Kuli"
4,75200,"Jalan Kampung Lapan"
4,75200,"Jalan Kampung Pantai"
4,75200,"Jalan Kapitan"
4,75200,"Jalan Kenanga 1/14"
4,75200,"Jalan Kenanga 1/28"
4,75200,"Jalan Kesidang"
4,75200,"Jalan Kesidang (Kampung Lapan)"
4,75200,"Jalan Kota Laksamana"
4,75200,"Jalan Limbongan"
4,75200,"Jalan Masjid"
4,75200,"Jalan Melati (Klebang Kecil)"
4,75200,"Jalan Meranti (2 - 5)"
4,75200,"Jalan Orkid"
4,75200,"Jalan Pulau Gadong"
4,75200,"Jalan Pulau Gadong (1 - 8)"
4,75200,"Jalan Sekolah"
4,75200,"Jalan Seri Kota Laksamana"
4,75200,"Jalan Tai Boon Seng"
4,75200,"Jalan Tengkera"
4,75200,"Jalan Tengkera Pantai 1 & 2"
4,75200,"Jalan Tokong"
4,75200,"Jalan Tukang Besi"
4,75200,"Jalan Tukang Emas"
4,75200,"Jalan Tun Tan Cheng Lock"
4,75200,"Jalan Woon Hoe Kam"
4,75200,"Kampung 5 Gajah Berang"
4,75200,"Kampung 8 Bachang"
4,75200,"Kampung 8 Lorong Pandan"
4,75200,"Kampung 8 Tengkera Pantai Dua"
4,75200,"Kampung 9 off Jalan Tengkera"
4,75200,"Kampung Bahagia"
4,75200,"Kampung Balik Buloh"
4,75200,"Kampung Batak"
4,75200,"Kampung Dua"
4,75200,"Kampung Dua (Kubu)"
4,75200,"Kampung Hulu"
4,75200,"Kampung Kesidang"
4,75200,"Kampung Lapan (Tengkera)"
4,75200,"Kampung Pantai"
4,75200,"Kampung Pulau Gadong"
4,75200,"Kampung Sembilan (Tengkera)"
4,75200,"Kampung Tengah (Klebang Besar)"
4,75200,"Kampung Tengkera"
4,75200,"Kampung Tiga Kubu"
4,75200,"Kampung Tujuh (Gajah Berang)"
4,75200,"Klebang Besar"
4,75200,"Klebang Kechil"
4,75200,"Klebang Kecil"
4,75200,"Kondo Kesidang Emas"
4,75200,"Kondo Siantan Puri"
4,75200,"Kondominium Klebang Delima"
4,75200,"Lagenda Kondominium"
4,75200,Limbongan
4,75200,"Lorong Batak 1 & 2"
4,75200,"Lorong DTK Manila"
4,75200,"Lorong Hang Jebat"
4,75200,"Lorong Jembatan"
4,75200,"Lorong Kapitan"
4,75200,"Lorong Kesang"
4,75200,"Lorong Mariappan"
4,75200,"Lorong Masjid"
4,75200,"Lorong Meringgu"
4,75200,"Lorong Pak Itam"
4,75200,"Lorong Pokok Mangga 1,2 & 3"
4,75200,"Lorong Taman Kota Laksamana"
4,75200,"Melaka Mall"
4,75200,"Pangsapuri Kesidang"
4,75200,"Pangsapuri Kota Laksamana"
4,75200,"Pangsapuri Kota Laksamana Utama"
4,75200,"Pangsapuri Pandan Wangi"
4,75200,"Park View Court"
4,75200,"Pekan Pokok Mangga"
4,75200,"Plaza Kesidang"
4,75200,"Pulau Gadong"
4,75200,"Rumah Awam Pulau Gadong"
4,75200,"Rumah Awam Pulau Gadong 2"
4,75200,"Rumah Pangsa Jalan Kenanga"
4,75200,"Rumah Pangsa Jasa"
4,75200,"Rumah Pangsa Kampung 8"
4,75200,"Rumah Pangsa Kesidang Indah"
4,75200,"Solok Kampung Baru"
4,75200,"Taman Abdul Ghafar"
4,75200,"Taman Anggerik"
4,75200,"Taman Aunler"
4,75200,"Taman Bagus"
4,75200,"Taman Cempaka"
4,75200,"Taman Gadong Bahagia"
4,75200,"Taman Gadong Perdana"
4,75200,"Taman Gembira"
4,75200,"Taman Hang Tuah"
4,75200,"Taman Kagum"
4,75200,"Taman Kenanga"
4,75200,"Taman Kenanga (Seksyen 1)"
4,75200,"Taman Kenanga (Seksyen 2)"
4,75200,"Taman Kenanga (Seksyen 3)"
4,75200,"Taman Kesidang"
4,75200,"Taman Kesidang (Seksyen 1 & 2)"
4,75200,"Taman Kesidang Indah"
4,75200,"Taman Kesidang Seksyen 1 & 2"
4,75200,"Taman Klebang Besar"
4,75200,"Taman Klebang Jaya"
4,75200,"Taman Klebang Kecil"
4,75200,"Taman Klebang Permai"
4,75200,"Taman Kota Laksamana"
4,75200,"Taman Kota Laksamana Seksyen 1 & 2"
4,75200,"Taman Kota Laksamana Seksyen 3"
4,75200,"Taman Kota Syahbandar"
4,75200,"Taman Limbongan Indah"
4,75200,"Taman Limbongan Jaya"
4,75200,"Taman Limbongan Permai"
4,75200,"Taman Mandarin Court"
4,75200,"Taman Mawar"
4,75200,"Taman Mayfair"
4,75200,"Taman Melati"
4,75200,"Taman Ming Hock"
4,75200,"Taman Muhibah"
4,75200,"Taman Orkid"
4,75200,"Taman Pantai Emas"
4,75200,"Taman Pasir Emas"
4,75200,"Taman Pulau Gadong"
4,75200,"Taman Pulau Gadong Jaya"
4,75200,"Taman Purnama"
4,75200,"Taman Puspa"
4,75200,"Taman Sayang Selasih"
4,75200,"Taman Seri Bacang"
4,75200,"Taman Seri Bancang (Flat)"
4,75200,"Taman Seri Bayu (Jalan Kesidang)"
4,75200,"Taman Seri Gadong"
4,75200,"Taman Seri Indah"
4,75200,"Taman Seri Pandan"
4,75200,"Taman Seri Putra"
4,75200,"Taman Seri Siantan"
4,75200,"Taman Seroja"
4,75200,"Taman Setia"
4,75200,"Taman Setia Jaya"
4,75200,"Taman Siantan"
4,75200,"Taman Sri Bayu"
4,75200,"Taman Tay Boon Seng"
4,75200,"Taman Tengkera"
4,75200,"Taman Tengkera Indah"
4,75200,"Taman Tengkera Jaya"
4,75200,"Taman Union"
4,75200,"Taman Usrah Jaya"
4,75200,"Tan Teek Chye Avenue"
4,75250,"Balai Panjang"
4,75250,"Blok Anggerik Malim Jaya"
4,75250,"Blok Bunga Raya"
4,75250,"Blok Orkid"
4,75250,"Dewan Badminton Seri Pandan"
4,75250,"Flat Taman Asean"
4,75250,"IMJ Malim Jaya"
4,75250,"Jalan Abadi"
4,75250,"Jalan Abadi (1 - 26)"
4,75250,"Jalan Balai Panjang (Hingga Batu 3)"
4,75250,"Jalan Berkat"
4,75250,"Jalan Dahlia"
4,75250,"Jalan Kampung Padang"
4,75250,"Jalan Malim"
4,75250,"Jalan Malim Jaya"
4,75250,"Jalan Murni"
4,75250,"Jalan Murni (5 - 17)"
4,75250,"Jalan Pokok Mangga"
4,75250,"Jalan Rahmat"
4,75250,"Jalan Suria"
4,75250,"Jalan Zahir (1 - 24)"
4,75250,"Kampung Balai Panjang"
4,75250,"Kampung Baruh (Bachang)"
4,75250,"Kampung Padang"
4,75250,"Kawasan Perindustrian Malim Jaya"
4,75250,"Lorong Pandan"
4,75250,"Pandan Indah"
4,75250,"Pandan Point"
4,75250,"Pangsapuri Malim"
4,75250,"Pangsapuri Puteri Kesidang"
4,75250,"Plaza Pandan Malim"
4,75250,"Plaza Pandan Perdana"
4,75250,"Rumah Pangsa Pandan Indah"
4,75250,"Rumah Pangsa Pandan Malim"
4,75250,"Solok Baroh Balai Panjang"
4,75250,"Taman Anika"
4,75250,"Taman Asean"
4,75250,"Taman Balai Panjang Murni"
4,75250,"Taman Iks Malim Jaya"
4,75250,"Taman Malim Jaya"
4,75250,"Taman Malim Jaya"
4,75250,"Taman Malim Jaya Seksyen 1"
4,75250,"Taman Malim Permai"
4,75250,"Taman Mutiara"
4,75250,"Taman Pandan Indah"
4,75250,"Taman Pandan Jaya"
4,75250,"Taman Pandan Maju"
4,75250,"Taman Pandan Malim"
4,75250,"Taman Pandan Mawar"
4,75250,"Taman Pandan Perdana"
4,75250,"Taman Pokok Mangga"
4,75250,"Taman Seri Mangga"
4,75250,"Taman Seri Mangga Seksyen 1 & 2"
4,75250,"Taman Seri Pandan"
4,75250,"Taman Tisah"
4,75250,"Taman Wangi"
4,75250,"Taman Gadong Bahagia"
4,75250,"Pusat Perniagaan Malim Permai"
4,75260,"Taman Tanjung Minyak Ria"
4,75260,"Masjid Cina Negeri Melaka"
4,75260,"Taman Perindustrian Tanjong Minyak Perdana"
4,75260,"Taman Balai Panjang Indah"
4,75260,"Taman Siantan Seksyen 2"
4,75260,"Ayer Salak"
4,75260,"Bertam Estate"
4,75260,"Bertam Malim"
4,75260,"Bukit Dato Ucho"
4,75260,"Bukit Datok"
4,75260,"Bukit Rambai"
4,75260,"Cheng (Batu 5)"
4,75260,"Cheng Baru"
4,75260,"Desa Cheng Perdana"
4,75260,"Desa Permai Cheng"
4,75260,"Emerald Court"
4,75260,"Flat Klinik Cheng"
4,75260,"Jalan BR (1 - 6), Taman Bertam Ria"
4,75260,"Jalan Bukit Cheng"
4,75260,"Jalan Cheng"
4,75260,"Jalan Cheng Perdana"
4,75260,"Jalan Demang Mohd"
4,75260,"Jalan Gaung Piring Bertam Malim"
4,75260,"Jalan Gaung Piring Cheng"
4,75260,"Jalan Gedung Lalang"
4,75260,"Jalan Gelanggang Cheng"
4,75260,"Jalan Haji Ariffin"
4,75260,"Jalan Kampung Tampoi"
4,75260,"Jalan Kampung Tampoi Indah"
4,75260,"Jalan Kejora 1, 2 dan 3"
4,75260,"Jalan KI (1 - 3), Taman Krubong Indah"
4,75260,"Jalan Krubong Utama"
4,75260,"Jalan KU 1 hingga Jalan KU 24"
4,75260,"Jalan Kubor China"
4,75260,"Jalan Malim"
4,75260,"Jalan Pantai Cheng"
4,75260,"Jalan Paya Mengkuang"
4,75260,"Jalan Sabidah"
4,75260,"Jalan Seberang Gajah"
4,75260,"Jalan Seri Krubong"
4,75260,"Jalan Setulang Daing"
4,75260,"Jalan Sidang Wahab"
4,75260,"Jalan Soya Cheng"
4,75260,"Jalan Tampoi"
4,75260,"Jalan Tanjung Minyak"
4,75260,"Jalan TMJ (1 - 16), Taman Tanjong Minyak Jaya"
4,75260,"Jalan Wakaf Tampoi"
4,75260,"Kampung Banjir"
4,75260,"Kampung Baru (Tanjung Minyak)"
4,75260,"Kampung Gedong Lalang"
4,75260,"Kampung Kemboja (Bukit Datuk)"
4,75260,"Kampung Ladang"
4,75260,"Kampung Lanjut Manis"
4,75260,"Kampung Pantai Cheng"
4,75260,"Kampung Seberang Gajah"
4,75260,"Kampung Solok Jeram"
4,75260,"Kampung Sungai Badau"
4,75260,"Kampung Tanah Merah"
4,75260,"Kampung Tanjong Minyak"
4,75260,"Kampung Tengah (Tanjong Minyak)"
4,75260,"Kawasan Industri Bukit Rambai"
4,75260,"Kawasan Kilang Cheng TTC"
4,75260,"Kawasan Perindustrian Bukit Rambai"
4,75260,"Kawasan Perindustrian Cheng"
4,75260,"Kawasan Perindustrian Krubong"
4,75260,"Kompleks Perumahan Ibu Pejabat Polis Daerah Krubong"
4,75260,"Kompleks Sukan Paya Rumput"
4,75260,"Kondo Cheng Heights"
4,75260,"Krubong (Batu 9 - 10)"
4,75260,"Leong Wat Hin Estate"
4,75260,"Lian Huat Estate"
4,75260,"Lorong Masjid"
4,75260,"Pekan Bukit Rambai"
4,75260,"Rumah Awam Bertam Malim"
4,75260,"Rumah Awam Bukit Rambai"
4,75260,"Rumah Awam Cheng"
4,75260,"Rumah Awam Datin Fatimah"
4,75260,"Setulang Daing"
4,75260,"Solok Ayer Hitam"
4,75260,"Solok Bukit Palah"
4,75260,"Solok Paya Lebar"
4,75260,"Solok Paya Mengkuang (1 & 2)"
4,75260,"Solok Soya"
4,75260,"Sungai Air Hitam"
4,75260,"Sungai Badau"
4,75260,"Sungai Badau Luar"
4,75260,"Taman Air Salak"
4,75260,"Taman Balkis"
4,75260,"Taman Bertam Bahagia"
4,75260,"Taman Bertam Murni"
4,75260,"Taman Bertam Mutiara"
4,75260,"Taman Bertam Perdana"
4,75260,"Taman Bertam Ria"
4,75260,"Taman Bomba Bukit Cheng"
4,75260,"Taman Bukit Cheng"
4,75260,"Taman Bukit Rambai"
4,75260,"Taman Bukit Rambai 1 & 2"
4,75260,"Taman Bukit Rambai Seksyen 2"
4,75260,"Taman Cenderawasih"
4,75260,"Taman Cheng Baru"
4,75260,"Taman Cheng Baru Fasa 1"
4,75260,"Taman Cheng Bestari"
4,75260,"Taman Cheng Bistari"
4,75260,"Taman Cheng Indah"
4,75260,"Taman Cheng Jaya"
4,75260,"Taman Cheng Jaya 1"
4,75260,"Taman Cheng Mutiara"
4,75260,"Taman Cheng Perdana"
4,75260,"Taman Cheng Perdana 1"
4,75260,"Taman Cheng Perdana Eden Heights"
4,75260,"Taman Cheng Permai"
4,75260,"Taman Cheng Ria"
4,75260,"Taman Cheng Utama"
4,75260,"Taman Damai (Tanjung Minyak)"
4,75260,"Taman Desa Cheng Perdana 1"
4,75260,"Taman Desa Damai"
4,75260,"Taman Desa Damai (Tanjung Minyak)"
4,75260,"Taman Krubong"
4,75260,"Taman Krubong Indah"
4,75260,"Taman Krubong Jaya"
4,75260,"Taman Krubong Perdana"
4,75260,"Taman Krubong Permai"
4,75260,"Taman Perindustrian Krubong"
4,75260,"Taman Permai"
4,75260,"Taman Perwira (Cheng)"
4,75260,"Taman Puncak Bertam"
4,75260,"Taman Puncak Rambai"
4,75260,"Taman Rambai"
4,75260,"Taman Rambai Emas"
4,75260,"Taman Rambai Harmoni"
4,75260,"Taman Rambai Idaman"
4,75260,"Taman Rambai Indah"
4,75260,"Taman Rambai Jaya"
4,75260,"Taman Rambai Mesra"
4,75260,"Taman Rambai Murni"
4,75260,"Taman Rambai Murni 2"
4,75260,"Taman Rambai Mutiara"
4,75260,"Taman Rambai Permai"
4,75260,"Taman Rambai Ria"
4,75260,"Taman Rambai Setia"
4,75260,"Taman Rambai Sutera"
4,75260,"Taman Rambai Tengah"
4,75260,"Taman Rambai Utama"
4,75260,"Taman Saga"
4,75260,"Taman Seri Krubong"
4,75260,"Taman Seri Krubong (1 & 2)"
4,75260,"Taman Seri Krubong Jaya"
4,75260,"Taman Seri Putih"
4,75260,"Taman Seri Rambai"
4,75260,"Taman Seri Rambai Fasa 1"
4,75260,"Taman Sri Nenas"
4,75260,"Taman Sri Tanjung Minyak"
4,75260,"Taman Tanjong Indah"
4,75260,"Taman Tanjung Minyak"
4,75260,"Taman Tanjung Minyak Baru"
4,75260,"Taman Tanjung Minyak Jaya"
4,75260,"Taman Tanjung Minyak Setia"
4,75260,"Taman Tanjung Minyak Utama"
4,75260,"Taman Teknologi Cheng"
4,75260,"Taman Wangi (Norpiah)"
4,75260,"Tanah Merah"
4,75300,"Bangunan Bank Rakyat"
4,75300,"Bangunan Dato Ghani Ali"
4,75300,"Bangunan Dato Mohd"
4,75300,"Bangunan Graha Maju"
4,75300,"Bangunan Jaya Muda"
4,75300,"Bangunan Mara"
4,75300,"Bangunan Seri Negeri"
4,75300,"Bangunan Wisma Persekutuan"
4,75300,"Bangunan Yayasan Melaka"
4,75300,"Dewan Hang Tuah"
4,75300,"Flat Kenanga Mewah"
4,75300,"Flat Kenanga Seksyen 3"
4,75300,"Gajah Berang"
4,75300,"Hang Tuah Mall"
4,75300,"Jalan Bachang"
4,75300,"Jalan Graha Maju"
4,75300,"Jalan Hang Tuah"
4,75300,"Jalan Kampung Empat"
4,75300,"Jalan Kampung Morten"
4,75300,"Jalan Kenanga"
4,75300,"Jalan Kilang"
4,75300,"Jalan Kubu"
4,75300,"Jalan Ong Keng Hoon"
4,75300,"Jalan Ong Kim Wee"
4,75300,"Jalan Pelandok Putih"
4,75300,"Jalan Tan Chay Yan"
4,75300,"Jalan Tang Yee Biew"
4,75300,"Jalan Tengkera (Atas & Bawah)"
4,75300,"Jalan Tun Ali"
4,75300,"Jalan Tun Mamat"
4,75300,"Jalan Tun Mutahir"
4,75300,"Jalan Tun Perak"
4,75300,"Jalan Tun Perak (Bachang)"
4,75300,"Jalan Tun Perak Kampung 6"
4,75300,"Kampung Bachang"
4,75300,"Kampung BakarBatu"
4,75300,"Kampung Baru Melaka"
4,75300,"Kampung Empat (Kubu)"
4,75300,"Kampung Enam (Bachang)"
4,75300,"Kampung Morten"
4,75300,"Kampung Tujuh"
4,75300,"KMA Digital Mall"
4,75300,"Kompleks Mara"
4,75300,"Lorong Belakang"
4,75300,"Pangsapuri Sri Kubu"
4,75300,"Pangsapuri Tun Mutahir"
4,75300,"Pangsapuri Tun Perak"
4,75300,"Pasar Besar"
4,75300,"Plaza Hang Tuah"
4,75300,"Plaza Sri Kubu"
4,75300,"Plaza Usahawan"
4,75300,"Plaza Wang"
4,75300,"Rumah Pangsa Kenanga Mewah"
4,75300,"Rumah Pangsa Muhibbah"
4,75300,"Soon Seng Plaza"
4,75300,"Taman Bachang"
4,75300,"Taman Nam Seng"
4,75300,"Taman Orkid Mewah"
4,75300,"Taman Rumpon Bahagia"
4,75300,"Wisma Persekutuan"
4,75350,"Arked Sutera Belia"
4,75350,"Arked Sutera Jaya"
4,75350,"Batu Berendam"
4,75350,"Batu Berendam Putera"
4,75350,"Batu Hampar"
4,75350,"Jalan Batu Berendam"
4,75350,"Jalan Batu Hampar"
4,75350,"Jalan Cengal"
4,75350,"Jalan Datuk Seri Haji Mohd Zin"
4,75350,"Jalan Gudang Beras"
4,75350,"Jalan IKS M 5, 6, 7, 7A, 8"
4,75350,"Jalan Jasa Merdeka"
4,75350,"Jalan Kolam Ikan"
4,75350,"Jalan Lapangan Terbang"
4,75350,"Jalan Melaka Baru"
4,75350,"Jalan Melaka Baru Fasa 3"
4,75350,"Jalan Meranti"
4,75350,"Jalan Merdeka"
4,75350,"Jalan Pengaga"
4,75350,"Jalan Peringgit (Batu Berendam)"
4,75350,"Jalan Solok Pulau Nibong"
4,75350,"Jalan Taman Merdeka"
4,75350,"Jalan Taman Perkota"
4,75350,"Jalan Tembusu"
4,75350,Jelutong
4,75350,"Kampung Bachang Pasir Putih"
4,75350,"Kampung Batu Ampar"
4,75350,"Kampung Batu Berendam"
4,75350,"Kampung Batu Hampar"
4,75350,"Kampung Gelanggang Sikumi"
4,75350,"Kampung Pasir Putih"
4,75350,"Kampung Pulau Nibong"
4,75350,"Kampung Pulau Samak"
4,75350,"Kampung Solok Pulau Nibong"
4,75350,"Kampung Solok Sang Lang"
4,75350,"Kampung Solok Sarang Helang"
4,75350,"Kampung Sungai Putat"
4,75350,"Lapangan Terbang Batu Berendam"
4,75350,"Lorong Bachang"
4,75350,"Menara Pertam"
4,75350,"Pangsapuri Kiara Apartment"
4,75350,"Pangsapuri Melaka Baru"
4,75350,"Pangsapuri Taman Merdeka"
4,75350,"Pangsapuri Tasek Barat"
4,75350,"Peringgit Point"
4,75350,"Pulau Samak"
4,75350,"Rumah Awam Batu Berendam"
4,75350,"Rumah Awam Seri Budi"
4,75350,"Rumah Awam Setia Budi"
4,75350,"Rumah Awam Sungai Putat"
4,75350,"Rumah Pangsa Bacang Permai"
4,75350,"Rumah Pangsa Batu Berendam"
4,75350,"Rumah Pangsa Pegaga"
4,75350,"Rumah Pangsa Taman Merdeka"
4,75350,"Solok Pasir Putih"
4,75350,"Solok Pulau Nibong"
4,75350,"Solok Sang Lang"
4,75350,"Sungai Putat"
4,75350,"Taman Akasia"
4,75350,"Taman Ara"
4,75350,"Taman Ara Indah"
4,75350,"Taman Ara Permai"
4,75350,"Taman Bachang"
4,75350,"Taman Bachang Baru"
4,75350,"Taman Bachang Baru Seksyen 1"
4,75350,"Taman Bachang Jaya"
4,75350,"Taman Bachang Permai"
4,75350,"Taman Bachang Utama"
4,75350,"Taman Batu Berendam Putra"
4,75350,"Taman Berendam"
4,75350,"Taman Beringin"
4,75350,"Taman Cergas"
4,75350,"Taman Datuk Tamby Chik Karim"
4,75350,"Taman Desa Bakti"
4,75350,"Taman Desa Baru"
4,75350,"Taman Devadason"
4,75350,"Taman Ikhsan"
4,75350,"Taman IKS Merdeka"
4,75350,"Taman Jati"
4,75350,"Taman Mas Jaya"
4,75350,"Taman Mas Merah"
4,75350,"Taman Mas Merah Jaya"
4,75350,"Taman Melaka Baru"
4,75350,"Taman Melaka Baru Seksyen 1,2,3"
4,75350,"Taman Melaka Permai"
4,75350,"Taman Merdeka"
4,75350,"Taman Merdeka Jaya"
4,75350,"Taman Merdeka Permai"
4,75350,"Taman MGBM"
4,75350,"Taman Mutiara Melaka"
4,75350,"Taman Padang Balang"
4,75350,"Taman Padang Balang"
4,75350,"Taman Pasir Putih"
4,75350,"Taman Perindustrian Batu Berendam"
4,75350,"Taman Perindustrian Merdeka"
4,75350,"Taman Perindustrian Merdeka Jaya"
4,75350,"Taman Perkota"
4,75350,"Taman Pertama"
4,75350,"Taman Putat Indah"
4,75350,"Taman Putat Permai"
4,75350,"Taman Ria"
4,75350,"Taman Seri Budi"
4,75350,"Taman Seri Daya"
4,75350,"Taman Seri Jati"
4,75350,"Taman Seri Perkota"
4,75350,"Taman Seri Selendang"
4,75350,"Taman Seri Songket"
4,75350,"Taman Seri Wangsa"
4,75350,"Taman Sutera"
4,75350,"Taman Sutera Belia"
4,75350,"Taman Sutera Seksyen 1 & 2"
4,75350,"Taman Sutera Wangi"
4,75350,"Taman Widuri"
4,75350,"Zon Perindustrian Batu Berendam"
4,75400,"Bukit Palah"
4,75400,"Bukit Peringgit"
4,75400,"Bukit Serindit"
4,75400,"Flat Bukit Serindit"
4,75400,"Jalan Bakti Peringgit"
4,75400,"Jalan Bukit Palah"
4,75400,"Jalan Bukit Serindit"
4,75400,"Jalan Durian Daun"
4,75400,"Jalan Durian Daun Dalam"
4,75400,"Jalan Lagenda"
4,75400,"Jalan Lagenda (1 - 10)"
4,75400,"Jalan Lin Cheng Hoon"
4,75400,"Jalan Mahendasa"
4,75400,"Jalan Mayang"
4,75400,"Jalan Mufti Haji Khalil"
4,75400,"Jalan Pantai Peringgit"
4,75400,"Jalan Peringgit (Peringgit)"
4,75400,"Jalan Peringgit Jaya"
4,75400,"Jalan Seri Aman"
4,75400,"Jalan Taming Sari"
4,75400,"Jalan Taming Sari Dalam"
4,75400,"Jalan Tun Fatimah"
4,75400,"Jalan Tun Fatimah (Durian Daun)"
4,75400,"Jalan Tun Razak"
4,75400,"Kampung Durian Daun Dalam"
4,75400,"Kampung Mata Kuching Dalam"
4,75400,"Kampung Pantai Peringgit"
4,75400,"Kolej Jururawat"
4,75400,"Kompleks Majlis Agama Islam Melaka (MAIM)"
4,75400,"Kompleks Perniagaan Al-Azim"
4,75400,"Kompleks Perumahan TNB"
4,75400,"Kuarters TNB"
4,75400,"Melaka Sentral"
4,75400,"Pangsapuri Peringgit Indah"
4,75400,"Pangsapuri Sri Serindit"
4,75400,"Pangsapuri Taming Sari"
4,75400,"Pantai Peringgit 1 & 2"
4,75400,"Pasar Besar Melaka"
4,75400,Peringgit
4,75400,"Plaza Melaka Central"
4,75400,"Rumah Awam Pantai Peringgit"
4,75400,"Rumah Murah Perenggit"
4,75400,"Solok Balik Bukit"
4,75400,"Solok Balik Bukit Palah"
4,75400,"Solok Bukit Palah"
4,75400,"Taman Bukit Serindit"
4,75400,"Taman Bukit Serindit Jaya"
4,75400,"Taman Cempaka"
4,75400,"Taman Desa Peringgit"
4,75400,"Taman Elok"
4,75400,"Taman I-Lagenda"
4,75400,"Taman Laksamana"
4,75400,"Taman Mata Kuching"
4,75400,"Taman Noorbar"
4,75400,"Taman Norbah"
4,75400,"Taman Panglima"
4,75400,"Taman Panglima (Bukit Serindit)"
4,75400,"Taman Panglima 2"
4,75400,"Taman Peringgit Indah"
4,75400,"Taman Peringgit Jaya"
4,75400,"Taman Peringgit Permai"
4,75400,"Taman Peringgit Ria"
4,75400,"Taman Seri Cempaka"
4,75400,"Taman Sri Serindit"
4,75450,"Air Keroh D Village Resort"
4,75450,"Ayer Keroh Country Resort"
4,75450,"Bangunan LHDN Hang Tuah Jaya"
4,75450,"Bangunan TM Hang Tuah Jaya"
4,75450,"Bayu Lagun Saujana Resort"
4,75450,"Bazaar Bukit Beruang"
4,75450,Bioteknologi
4,75450,"Bukit Bayan"
4,75450,"Bukit Beruang"
4,75450,"Bukit Beruang Bazaar"
4,75450,"Bukit Beruang Dalam"
4,75450,"Bukit Bruang Heights"
4,75450,"Bukit Duyong"
4,75450,"Bukit Katil"
4,75450,"Bukit Katil Permai"
4,75450,"Bukit Tahu Sama Tahu"
4,75450,"D`village Resort"
4,75450,"Hospital Pantai"
4,75450,"Hotel Sri Malaysia"
4,75450,"Hotel Water City"
4,75450,"Ibu Pejabat Bomba Negeri Melaka, Bukit Katil"
4,75450,"Ibu Pejabat Polis Kontijen Melaka Bukit Beruang"
4,75450,"Institut Latihan Perindustrian"
4,75450,"Institut Putra"
4,75450,"Jalan Ayer Keroh"
4,75450,"Jalan Ayer Keroh Lama"
4,75450,"Jalan Belia (1 - 17), Taman Belia Antarabangsa"
4,75450,"Jalan Belia Antarabangsa"
4,75450,"Jalan Belia Utama"
4,75450,"Jalan BKI (1 - 20), Taman Bukit Katil Indah"
4,75450,"Jalan Bukit Beruang"
4,75450,"Jalan Bukit Katil"
4,75450,"Jalan Bukit Katil Dalam"
4,75450,"Jalan RKSK"
4,75450,"Jalan RKSK (1,2)"
4,75450,"Jalan TU (10A - 10E)"
4,75450,"Kampung Ayer Keroh"
4,75450,"Kampung Balik Hutan"
4,75450,"Kampung Baru Ayer Keroh"
4,75450,"Kampung Baru Bukit Bruang"
4,75450,"Kampung Bukit Bayan"
4,75450,"Kampung Bukit Beruang"
4,75450,"Kampung Bukit Katil"
4,75450,"Kampung Bukit Ranting"
4,75450,"Kampung Pengkalan Badak"
4,75450,"Kampung Tebing Tinggi"
4,75450,"Kampung Telok Bukit Beruang"
4,75450,"Kampung Telok Bukit Katil"
4,75450,"Kampung Tun Abdul Razak"
4,75450,"Kampung Tun Razak Fasa II"
4,75450,K-Ekonomi
4,75450,"Kelab Pelangi Hang Tuah Jaya"
4,75450,"Kem Bukit Bruang"
4,75450,"Kolej Universiti Teknologi Kebangsaan Malaysia"
4,75450,"Kolej Yayasan Saad"
4,75450,"Kompleks Belia & Sukan"
4,75450,"Kompleks Ibu Pejabat Bomba & Penyelamat Hang Tuah Jaya"
4,75450,"Kompleks Niaga Melaka Perdana"
4,75450,"Kondominium Seri Nuri"
4,75450,"Kondominium Tiara"
4,75450,"Kota Fesyen - MTC"
4,75450,"Kuarters Kastam"
4,75450,"Leboh Ayer Keroh"
4,75450,"Lorong Bukit Saga"
4,75450,"Melaka Mall"
4,75450,"Melaka Perdana"
4,75450,"Melaka Planetarium Adventure Science Centre"
4,75450,"Menara MICTH"
4,75450,"Mydin Mall Ayer Keroh"
4,75450,"Ozana Country Resort"
4,75450,"Ozana Impian"
4,75450,"Pangsapuri Bukit Beruang"
4,75450,"Pangsapuri Bukit Beruang Murni"
4,75450,"Pangsapuri Bukit Beruang Permai"
4,75450,"Pangsapuri Bukit Beruang Utama"
4,75450,"Pangsapuri Bunga Raya"
4,75450,"Pangsapuri Dahlia"
4,75450,"Pangsapuri Melor"
4,75450,"Pangsapuri Murni"
4,75450,"Pangsapuri Pantai Baru"
4,75450,"Pangsapuri Pelangi"
4,75450,"Pangsapuri Saujana Resort"
4,75450,"Pangsapuri Yayasan Belia Sedunia"
4,75450,"Paradise Resort"
4,75450,"Pejabat Hutan"
4,75450,"Pejabat Seri Negeri"
4,75450,"Plaza MITC"
4,75450,"Putri Resort"
4,75450,"Rumah Awam Bukit Beruang"
4,75450,"Rumah Awam Bukit Duyong"
4,75450,"Rumah Awam Bukit Katil"
4,75450,"Rumah Ku Syurga Ku"
4,75450,"Rumah Pangsa Murni"
4,75450,"Sekolah Menengah Teknik Bukit Katil"
4,75450,"Sekolah Menengah Teknik Melaka Tengah"
4,75450,"Solok Bukit Bayan"
4,75450,"Solok Sidang Hasan (Bukit Katil)"
4,75450,"Solok Tebing Tinggi (Bukit Katil)"
4,75450,"Soon Lee Lebah"
4,75450,"Taman Ayer Keroh Height"
4,75450,"Taman Ayer Keroh Height 1"
4,75450,"Taman Ayer Keroh Permai"
4,75450,"Taman Belia Antarabangsa"
4,75450,"Taman Bistari"
4,75450,"Taman Buaya"
4,75450,"Taman Bukit Baru"
4,75450,"Taman Bukit Baru "
4,75450,"Taman Bukit Beruang"
4,75450,"Taman Bukit Beruang Bestari"
4,75450,"Taman Bukit Beruang Height"
4,75450,"Taman Bukit Beruang Indah"
4,75450,"Taman Bukit Beruang Permai"
4,75450,"Taman Bukit Beruang Permai"
4,75450,"Taman Bukit Beruang Utama"
4,75450,"Taman Bukit Beruang Utama 2"
4,75450,"Taman Bukit Beruang Utama Seksyen 1"
4,75450,"Taman Bukit Katil"
4,75450,"Taman Bukit Katil baiduri"
4,75450,"Taman Bukit Katil Damai"
4,75450,"Taman Bukit Katil Indah"
4,75450,"Taman Bukit Katil Jaya"
4,75450,"Taman Bukit Katil Kenari"
4,75450,"Taman Bukit Katil Permai"
4,75450,"Taman Bukit Melaka"
4,75450,"Taman Bukit Melaka Seksyen 1"
4,75450,"Taman Bukit Puteri"
4,75450,"Taman Bunga Raya"
4,75450,"Taman Bunga Raya Seksyen 3"
4,75450,"Taman Camar Indah"
4,75450,"Taman Cendana"
4,75450,"Taman Ciptaco"
4,75450,"Taman Dahlia"
4,75450,"Taman Delima"
4,75450,"Taman Duyong Permai"
4,75450,"Taman Faridah"
4,75450,"Taman IKS Bukit Katil"
4,75450,"Taman Kerjasama"
4,75450,"Taman Kerjasama 1"
4,75450,"Taman Kota Cemerlang"
4,75450,"Taman Kota Gemilang"
4,75450,"Taman Kota Mas"
4,75450,"Taman Mega"
4,75450,"Taman Mega Perdana"
4,75450,"Taman Megah"
4,75450,"Taman Melaka Perdana"
4,75450,"Taman Melawis"
4,75450,"Taman Merak"
4,75450,"Taman Merak Mas"
4,75450,"Taman Merbok"
4,75450,"Taman Merbok Seksyen 1"
4,75450,"Taman Muzaffar Height"
4,75450,"Taman Muzaffar Shah"
4,75450,"Taman Ozana Impian"
4,75450,"Taman Pangsapuri Bukit Pelangi"
4,75450,"Taman Pelangi"
4,75450,"Taman Perindustrian Ayer Keroh"
4,75450,"Taman Perindustrian Ayer Keroh 2"
4,75450,"Taman Puncak Bukit Katil"
4,75450,"Taman Rama-Rama"
4,75450,"Taman Rumahku Syurgaku (RKSK)"
4,75450,"Taman Saujana (Seksyen 1 - 3)"
4,75450,"Taman Saujana Impian"
4,75450,"Taman Saujana Indah"
4,75450,"Taman Saujana Jaya"
4,75450,"Taman Saujana Puri"
4,75450,"Taman Saujana Villa"
4,75450,"Taman Seroja"
4,75450,"Taman Sri Pengkalan"
4,75450,"Taman Suria"
4,75450,"Taman Tasik Air Keroh"
4,75450,"Taman Tasik Perdana"
4,75450,"Taman Tasik Utama"
4,75450,"Taman Tiong Emas"
4,75450,"Taman Tuah Perdana"
4,75450,"Taman Tun Kudu"
4,75450,"Taman Tun Rahah"
4,75450,"Taman Vista Kirana"
4,75450,"Tepian Gelanggang"
4,75450,"Tiara Golf & Ayer Keroh Country Resort"
4,75450,"Tiara Golf & Country Resort"
4,75450,"Universiti Multimedia"
4,75450,"Wisma Negeri"
4,75450,"Wisma Pantai Baru"
4,75450,"Wisma Perkeso"
4,75450,"Wisma Persekutuan MITC Hang Tuah Jaya"
4,75450,"World Youth Fondation Consult"
4,75450,"Yayasan Melaka"
4,75450,"Zon Perindustrian Ayer Keroh"
4,75450,"Zoo Melaka"
4,75450,"Pangsapuri Bukit Beruang Bestari"
4,75450,"Taman Pengkalan Jaya"
4,75450,"Taman Pengkalan Permai"
4,75450,"Taman Saujana Permai"
4,75450,"Taman Saujana Indah"
4,75450,"Pusat Komersial Ayer Keroh"
4,75450,"Taman MITC Prima"
4,75450,"Kompleks Hijau Solar"
4,75450,"Pusat Komersial Cendana Ayer Keroh"
4,75460,"Taman Ayer Molek Perdana"
4,75460,"Akademi JPJ"
4,75460,"Alai  (km 7 - 8)"
4,75460,"Ayer Molek"
4,75460,"Bakar batu"
4,75460,"Balik Bukit (Bukit Lintang)"
4,75460,"Batu 3 1/2 Duyong"
4,75460,"Batu 9 Solok Punggai (Air Molek)"
4,75460,"Bukit Larang"
4,75460,"Bukit Lintang"
4,75460,"Bukit Meta"
4,75460,"Bukit Nibong"
4,75460,"Bukit Punggur Alai"
4,75460,"Bukit Pungur"
4,75460,Duyong
4,75460,"IKS Telok Mas"
4,75460,"Jalan Alai Indah"
4,75460,"Jalan Aman 1 & 2"
4,75460,"Jalan AMM 1 hingga 6"
4,75460,"Jalan Anggerik"
4,75460,"Jalan Baru Tiang Dua"
4,75460,"Jalan Bukit Katil (Duyong)"
4,75460,"Jalan Cempaka"
4,75460,"Jalan Daing Tawi"
4,75460,"Jalan Damai"
4,75460,"Jalan Desa Duyong (18, 18A, 18B)"
4,75460,"Jalan Desa Duyong (24, 24A)"
4,75460,"Jalan Haji Amin (Air Molek)"
4,75460,"Jalan Haji Ismail"
4,75460,"Jalan Haji Manan"
4,75460,"Jalan Hang Nadim"
4,75460,"Jalan Hang Tuah Duyung"
4,75460,"Jalan Hashim Alai"
4,75460,"Jalan Jasin (Batu 9)"
4,75460,"Jalan Kenanga"
4,75460,"Jalan Lama Telok Mas"
4,75460,"Jalan Makmor"
4,75460,"Jalan Masjid Tambak Paya"
4,75460,"Jalan Mawar Tambak Paya"
4,75460,"Jalan Melati (Tambak Paya)"
4,75460,"Jalan Muhibbah"
4,75460,"Jalan Pantai Telok Mas"
4,75460,"Jalan Penghulu"
4,75460,"Jalan Penghulu Mak Yah"
4,75460,"Jalan Penghulu Samad"
4,75460,"Jalan Pengkalan"
4,75460,"Jalan Pengkalan Jajar"
4,75460,"Jalan Pengkalan Pulau Besar (Pernu)"
4,75460,"Jalan Perigi Hang Tuah"
4,75460,"Jalan Permatang Pasir"
4,75460,"Jalan Punggai"
4,75460,"Jalan Raja Haji"
4,75460,"Jalan Sekolah Alai (Batu 5)"
4,75460,"Jalan Setia"
4,75460,"Jalan Solok Sidang Hussain"
4,75460,"Jalan Surau"
4,75460,"Jalan Tambak Gelam"
4,75460,"Jalan Tambak Paya"
4,75460,"Jalan Tanjung"
4,75460,"Jalan Wakaf 1"
4,75460,"Kampung Air Molek"
4,75460,"Kampung Alai"
4,75460,"Kampung Balik Bukit"
4,75460,"Kampung Bantut (Paya Redan)"
4,75460,"Kampung Baru Tiang Dua"
4,75460,"Kampung Batu Puteh"
4,75460,"Kampung Bukit Gadong"
4,75460,"Kampung Bukit Kechil (Pernu)"
4,75460,"Kampung Bukit Larang (Pernu)"
4,75460,"Kampung Bukit Lintang"
4,75460,"Kampung Bukit Meta"
4,75460,"Kampung Bukit Nibong (Paya Dalam)"
4,75460,"Kampung Bukit Pegoh"
4,75460,"Kampung Duyong"
4,75460,"Kampung Jambatan Duyong"
4,75460,"Kampung Kandang"
4,75460,"Kampung Ketapang"
4,75460,"Kampung Padang (Bukit Lintang)"
4,75460,"Kampung Paya Baru"
4,75460,"Kampung Paya Dalam"
4,75460,"Kampung Paya Menanti"
4,75460,"Kampung Paya Redan"
4,75460,"Kampung Pendamar"
4,75460,"Kampung Pengkalan Minyak"
4,75460,"Kampung Permatang Duyong"
4,75460,"Kampung Permatang Pasir"
4,75460,"Kampung Pernu"
4,75460,"Kampung Seberang Anak Air"
4,75460,"Kampung Solok Gaong"
4,75460,"Kampung Surau Batu"
4,75460,"Kampung Tambak Paya"
4,75460,"Kampung Tanjong Mak Mindah"
4,75460,"Kampung Tengah Paya Dalam"
4,75460,"Kampung Tersusun Bukit Larang"
4,75460,Kandang
4,75460,"Kandang Batu 4 1/2 - 5 1/4"
4,75460,"Km 14 Jalan Haji Manan (Air Molek)"
4,75460,"Ladang Union"
4,75460,"Lorong Pitchy Tambak Paya"
4,75460,"Lorong Sinnu"
4,75460,"Paya Baru"
4,75460,"Paya Meranti"
4,75460,"Paya Redan"
4,75460,"Pekan Air Molek"
4,75460,"Pengkalan Minyak"
4,75460,"Pengkalan Renggam"
4,75460,"Permatang Bukit Meta"
4,75460,"Permatang Duyong"
4,75460,"Permatang Pasir"
4,75460,Pernu
4,75460,"Pusat Serenti Tiang Dua"
4,75460,"Rumah Awam AIR Molek"
4,75460,"Rumah Awam Ayer Molek 1"
4,75460,"Rumah Awam Bukit Larang"
4,75460,"Rumah Awam Bukit Lintang"
4,75460,"Rumah Awam Kandang"
4,75460,"Rumah Awam Paya Dalam"
4,75460,"Simpang Bukit Lintang"
4,75460,"Simpang Tambak Bugis"
4,75460,"Solok Bantut"
4,75460,"Solok Bukit Baru"
4,75460,"Solok Bukit Gadong"
4,75460,"Solok Bukit Jinjang"
4,75460,"Solok Bukit Kecil"
4,75460,"Solok Bukit Ranting"
4,75460,"Solok Gaung Tiang Dua"
4,75460,"Solok Jenuang"
4,75460,"Taman Air Molek (Fasa 2)"
4,75460,"Taman Air Molek Jaya (Fasa 2)"
4,75460,"Taman Air Molek Mesra"
4,75460,"Taman Alai Indah"
4,75460,"Taman Alai Jaya"
4,75460,"Taman Alai Murni"
4,75460,"Taman Alai Perdana"
4,75460,"Taman Ayer Molek"
4,75460,"Taman Ayer Molek Jaya"
4,75460,"Taman Ayer Molek Mesra"
4,75460,"Taman Ayer Molek Perdana"
4,75460,"Taman Bukit Larang Indah"
4,75460,"Taman Bukit Nibong"
4,75460,"Taman Desa Duyong"
4,75460,"Taman Desa Molek"
4,75460,"Taman Duyong Bistari"
4,75460,"Taman Duyong Emas"
4,75460,"Taman Duyong Indah"
4,75460,"Taman Duyong Indah 2"
4,75460,"Taman Duyong Ria"
4,75460,"Taman Emas"
4,75460,"Taman IKS Duyung"
4,75460,"Taman Kandang Mesra"
4,75460,"Taman Kandang Permai"
4,75460,"Taman Lintang Indah"
4,75460,"Taman Lintang Jaya"
4,75460,"Taman Lintang Permai"
4,75460,"Taman Merdeka Permai "
4,75460,"Taman Molek"
4,75460,"Taman Paya Dalam"
4,75460,"Taman Paya Murni"
4,75460,"Taman Pendamar Jaya"
4,75460,"Taman Permatang Duyung"
4,75460,"Taman Permatang Duyung 2"
4,75460,"Taman Permatang Pasir"
4,75460,"Taman Permatang Pasir Perdana"
4,75460,"Taman Permatang Pasir Permai"
4,75460,"Taman Pusaka"
4,75460,"Taman Seri Duyong"
4,75460,"Taman Seri Telok Mas"
4,75460,"Taman Sri Duyung 2"
4,75460,"Taman Sri Duyung 3"
4,75460,"Taman Sri Duyung Seksyen 1 & 2"
4,75460,"Taman Sri Paya Dalam"
4,75460,"Taman Tambak Paya Indah"
4,75460,"Taman Tambak Paya Murni"
4,75460,"Taman Tambak Paya Permai"
4,75460,"Taman Tiang Dua Utama"
4,75460,"Tambak Bugis"
4,75460,"Tambak Gelam"
4,75460,"Tambak Paya"
4,75460,"Tambak Sebelong"
4,75500,"TYT Yang Di Pertua Negeri Melaka"
4,75502,"Biro Tata Negara Zon Selatan"
4,75502,"Penyelia Bangunan Persekutuan"
4,75502,"YAB Ketua Menteri Melaka"
4,75503,"Setiausaha Kerajaan Negeri"
4,75503,"Setiausaha Keselamatan Negeri"
4,75504,"Biro Bantuan Guaman"
4,75505,"Biro Pengaduan Awam"
4,75506,"Mahkamah Tengah"
4,75508,"Amanah Raya Berhad"
4,75510,"Jabatan Perkhidmatan Awam"
4,75512,"Penasihat Undang-Undang Negeri"
4,75514,"Jabatan Perangkaan"
4,75516,"Jabatan Pemegang Harta"
4,75517,"Jabatan Perpaduan Negara"
4,75518,"Ketua Audit Negeri"
4,75519,"Majlis Agama Islam Melaka"
4,75532,"Jabatan Sumber Manusia"
4,75536,"Jabatan Perhubungan Perusahaan"
4,75538,"Jabatan Keselamatan Sosial (Perkeso)"
4,75540,"Jabatan Tenaga Rakyat"
4,75542,"Pendaftar Kesatuan Sekerja"
4,75546,"Pejabat Rela Negeri"
4,75550,"Jabatan Imigresen"
4,75551,"Jabatan Pendaftaran Negara"
4,75552,"Jabatan Pendaftar Pertubuhan"
4,75560,"Ketua Polis Negeri"
4,75564,"Jabatan Kebajikan Masyarakat"
4,75566,"Arkiologi Zon Selatan Muzium Negara"
4,75570,"Jabatan Belia Dan Sukan"
4,75572,"Perpustakaan Awam Negeri"
4,75576,"Jabatan Tanah Dan Galian"
4,75578,"Jabatan Ukur & Pemetaan"
4,75582,"Jabatan Kerja Raya"
4,75584,"Jabatan Anti Malaria"
4,75586,"Hospital Melaka"
4,75590,"Jabatan Kesihatan"
4,75592,"Jabatan Penilaian Harta"
4,75592,"Pegawai Kewangan Negeri"
4,75594,"Akauntan Negeri"
4,75596,"Jabatan Kastam & Eksais Di Raja"
4,75600,"Lembaga Hasil Dalam Negeri"
4,75604,"Jabatan Pendidikan"
4,75604,"Jemaah Nazir Sekolah Persekutuan"
4,75606,"Jabatan Kemajuan Masyarakat (Kemas)"
4,75608,"Jabatan Pembangunan Koperasi"
4,75609,"Pejabat Mara Negeri"
4,75610,"Bahagian Pelesenan - Kementerian Penerangan"
4,75612,"Jabatan Penerangan"
4,75618,"Lapangan Terbang Batu Berendam"
4,75620,"Arked Mara Bukit Rambai"
4,75620,"Jabatan Pengangkutan Jalan"
4,75622,"Penguatkuasa Kementerian Perdagangan Dalam Negeri"
4,75626,"Jabatan Pengairan Dan Saliran"
4,75628,"Jabatan Perikanan"
4,75630,"Jabatan Haiwan"
4,75632,"Jabatan Pertanian"
4,75646,"Jabatan Perancang Bandar Dan Desa"
4,75648,"Jabatan Bomba & Penyelamat"
4,75662,"Jabatan Kajicuaca"
4,75670,"Pos Malaysia Berhad"
4,75672,"Telekom Malaysia Berhad"
4,75673,"Tenaga Nasional Berhad"
4,75674,"Pegawai Kemajuan Negeri Melaka"
4,75676,"Jabatan Agama Islam Melaka"
4,75676,"Lembaga Pendidikan Islam"
4,75676,"Lembaga Wakaf Zakat & Baitumal"
4,75690,"Suruhanjaya Pilihan Raya Negeri"
4,75700,"Melaka - Peti surat  1 - 14"
4,75700,"Melaka - Peti surat  16 - 50"
4,75710,"Melaka - Peti surat   51 - 61"
4,75710,"Melaka - Peti surat   63 - 74"
4,75710,"Melaka - Peti surat   76 - 95"
4,75710,"Melaka - Peti surat   97 - 100"
4,75720,"Melaka - Peti surat  101 - 118"
4,75720,"Melaka - Peti surat  120 - 140"
4,75730,"Melaka - Peti surat  141 - 142"
4,75730,"Melaka - Peti surat  145 - 176"
4,75740,"Melaka - Peti surat  178 - 224"
4,75750,"Melaka - Peti surat  225 - 299"
4,75750,"Melaka - Peti surat  301 - 304"
4,75760,"Melaka - Peti surat  305 - 323"
4,75760,"Melaka - Peti surat  325 & ke atas"
4,75900,"Melaka - Peti surat  15"
4,75902,"Melaka - Peti surat  62"
4,75904,"Melaka - Peti surat  75"
4,75906,"Melaka - Peti surat  96"
4,75908,"Melaka - Peti surat  119"
4,75910,"Melaka - Peti surat  143"
4,75912,"Melaka - Peti surat  144"
4,75914,"Melaka - Peti surat  177"
4,75916,"Melaka - Peti surat  300"
4,75918,"Melaka - Peti surat  324"
4,75990,"Melaka - Beg berkunci"
4,76100,"Ayer Semubok"
4,76100,"Bertam Estate"
4,76100,"Cempaka Heights"
4,76100,"Durian Tunggal (Pekan)"
4,76100,"Hing Guan Estate"
4,76100,"Jalan Air Semubok"
4,76100,"Jalan Belimbing Lama"
4,76100,"Jalan Kesang (Batu 16)"
4,76100,"Jalan Rumah Asap"
4,76100,"Kampung Ayer Pasir"
4,76100,"Kampung Ayer Resam"
4,76100,"Kampung Ayer Semubok"
4,76100,"Kampung Bangsal"
4,76100,"Kampung Baru Simin"
4,76100,"Kampung Batu Senandong"
4,76100,"Kampung Batu Ular Upa"
4,76100,"Kampung Belimbing Dalam"
4,76100,"Kampung Beringin"
4,76100,"Kampung Bukit Balai"
4,76100,"Kampung Bukit Tambun"
4,76100,"Kampung Gangsa"
4,76100,"Kampung Garing"
4,76100,"Kampung Machap Lama"
4,76100,"Kampung Orang Asli Machap Umboo"
4,76100,"Kampung Padang Keladi"
4,76100,"Kampung Padang Kerbau"
4,76100,"Kampung Panchor"
4,76100,"Kampung Pantai Belimbing"
4,76100,"Kampung Parit Melana"
4,76100,"Kampung Pulau"
4,76100,"Kampung Tengah"
4,76100,"Kampung Tualang"
4,76100,"Kampung Ulu Padang"
4,76100,"Kampung Ulu Padang Keladi "
4,76100,"Kampung Ulu Seraja"
4,76100,"Kolej Universiti Teknologi Kebangsaan Melaka"
4,76100,"Kondominium Seri Nuri "
4,76100,"Ladang Ayer Resam"
4,76100,"Ladang Chuan Hin San"
4,76100,"Ladang Seng Choon"
4,76100,"Ladang Tong Leng"
4,76100,"Ladang Tualang"
4,76100,"Ladang Yong Kee Shian"
4,76100,Machap
4,76100,"Machap Baru"
4,76100,Panchor
4,76100,"Panchor Estate"
4,76100,"Pangsapuri Macap"
4,76100,"Pangsapuri Machap Baru"
4,76100,"Rumah Awam Durian Tunggal"
4,76100,"Sim Hai Estate"
4,76100,"Simpang Gading"
4,76100,"Solok Gangsa"
4,76100,"Taman Angkasa Nuri"
4,76100,"Taman Angsa Mas"
4,76100,"Taman Belatuk Emas"
4,76100,"Taman Cempaka"
4,76100,"Taman Cempaka Heights"
4,76100,"Taman Cenderawasih"
4,76100,"Taman Desa Idaman"
4,76100,"Taman Durian Tunggal"
4,76100,"Taman Enggang"
4,76100,"Taman Gangsa"
4,76100,"Taman Gangsa Height"
4,76100,"Taman Garuda"
4,76100,"Taman Idaman"
4,76100,"Taman Inang Sari"
4,76100,"Taman Kasawari"
4,76100,"Taman Kasturi"
4,76100,"Taman Kenari Jaya"
4,76100,"Taman Mawar"
4,76100,"Taman Mekar"
4,76100,"Taman Melor"
4,76100,"Taman Melor Machap"
4,76100,"Taman Merak Mas"
4,76100,"Taman Merpati Putih"
4,76100,"Taman Murai Jaya"
4,76100,"Taman Rajawali"
4,76100,"Taman Seri Bayan"
4,76100,"Taman Seri Siantan"
4,76100,"Taman Seri Tuah"
4,76100,"Taman Sri Inang Sari"
4,76100,"Taman Sri Siantan Machap"
4,76100,"Taman Tunggal"
4,76100,"Taman Villa Tuah Perdana"
4,76100,"TamanSeri Tuah Permai"
4,76100,"Tong Bee Estate"
4,76100,"Tong Leng Estate"
4,76100,"Ambassador Village"
4,76109,"Durian Tunggal - Beg berkunci"
4,76200,"Jalan Aman"
4,76200,"Jalan Anggerik"
4,76200,"Jalan Arab"
4,76200,"Jalan Bakti"
4,76200,"Jalan Bukit Terendak"
4,76200,"Jalan Bunga Raya"
4,76200,"Jalan Bunga Tanjung"
4,76200,"Jalan Hulubalang"
4,76200,"Jalan Kenanga"
4,76200,"Jalan Mahkota"
4,76200,"Jalan Melor"
4,76200,"Jalan Menara"
4,76200,"Jalan Muhibbah"
4,76200,"Jalan Pahlawan"
4,76200,"Jalan Pandak"
4,76200,"Jalan Perkasa"
4,76200,"Jalan Persiaran Pegawai"
4,76200,"Jalan Sejahtera"
4,76200,"Jalan Selat"
4,76200,"Jalan Sentosa"
4,76200,"Jalan Serai"
4,76200,"Jalan Serindit"
4,76200,"Jalan Tenteram"
4,76200,"Jalan Tepian"
4,76200,"Kem Terendak"
4,76200,"Lorong Indah"
4,76200,"Lorong Melati"
4,76200,"Lorong Serai"
4,76200,"Lorong Silang"
4,76200,"Lorong Tabib"
4,76200,"Lorong Tiong"
4,76200,"Taman Sri Baya"
4,76300,"Flat Desa Taming Sari"
4,76300,"Flat Desa Tun Razak"
4,76300,"Flat Tangga Batu (Batu 10 Sungai Udang)"
4,76300,"Jalan Beliung Utama"
4,76300,"Jalan Bertam Hulu"
4,76300,"Jalan Gagah"
4,76300,"Jalan Haji Yusof"
4,76300,"Jalan Kerambit  (1 - 13)"
4,76300,"Jalan Perkasa"
4,76300,"Jalan Pinang Sebatang"
4,76300,"Jalan SU (2,4)"
4,76300,"Jalan Tanah Wakaf"
4,76300,"Kampung Baru Ayer Limau"
4,76300,"Kampung Baru Sungai Udang"
4,76300,"Kampung Maidin"
4,76300,"Kampung Paya Rumput"
4,76300,"Kampung Solok Pauh"
4,76300,"Kampung Sungai Udang"
4,76300,"Kampung Tanah Merah"
4,76300,"Kem Sungai Udang"
4,76300,"Lorong An Nuriah"
4,76300,"Lorong Belakang Masjid"
4,76300,"Lorong Bukit Sekolah"
4,76300,"Lorong Bukit Selekoh"
4,76300,"Lorong Daim"
4,76300,"Lorong Dol Mat"
4,76300,"Lorong Haji Dahan"
4,76300,"Lorong Haji Hassan"
4,76300,"Lorong Imam Moksen"
4,76300,"Lorong Jantan Mumat"
4,76300,"Lorong Kadi Sidek"
4,76300,"Lorong Mad Lasim"
4,76300,"Lorong Mak Som"
4,76300,"Lorong Paya Rumput Jaya"
4,76300,"Lorong Paya Sum"
4,76300,"Lorong Penghulu Abdullah"
4,76300,"Lorong Penghulu Maarof"
4,76300,"Lorong Penghulu Yasin"
4,76300,"Lorong Pusara Abadi"
4,76300,"Lorong Salam"
4,76300,"Lorong Salleh Kudus"
4,76300,"Lorong Shamsudin"
4,76300,"Lorong Sidang Jamil"
4,76300,"Lorong Sidang Rabu"
4,76300,"Lorong Solok Bakong"
4,76300,"Lorong Sulong Patah"
4,76300,"Lorong Tokong"
4,76300,"Lorong Tompang"
4,76300,"Lorong Ujung Tanjong"
4,76300,"Lorong Yahya Mad Som"
4,76300,"Lorong Zakaria"
4,76300,"Rumah Mara Sungai Udang"
4,76300,"Sungai Udang"
4,76300,"Sungai Udang (Km 16 - 20)"
4,76300,"Taman Bukit Terendak"
4,76300,"Taman Desa Taming Sari"
4,76300,"Taman Hang Tuah"
4,76300,"Taman Keris Emas"
4,76300,"Taman Keris Laksamana"
4,76300,"Taman Leech Avenue"
4,76300,"Taman Pahlawan"
4,76300,"Taman Paya Rumput Jaya"
4,76300,"Taman Peruna"
4,76300,"Taman Sri Terendak"
4,76300,"Taman Sungai Udang"
4,76300,"Taman Sungai Udang Mutiara"
4,76300,"Taman Terendak"
4,76300,"Taman Terendak Permai"
4,76300,"Tangga Batu (Km 17 ke atas)"
4,76400,"Asrama Hualon"
4,76400,"Asrama Takara"
4,76400,"Balik Bukit"
4,76400,"Bangunan UDA"
4,76400,"Batang Tiga"
4,76400,"Bukit Tempayan"
4,76400,"Everly Resort Hotel"
4,76400,"Flat Lereh"
4,76400,"Jabatan Laut"
4,76400,"Jabatan Penjara"
4,76400,"Jalan Banglo"
4,76400,"Jalan Jeti Tanjong Kling"
4,76400,"Jalan Kilang Besi"
4,76400,"Jalan Lama"
4,76400,"Jalan Paya Keladi"
4,76400,"Jalan Pokok Asam"
4,76400,"Jalan Solok Bilal"
4,76400,"Jalan Solok Haji Othman"
4,76400,"Jalan Solok Ketar"
4,76400,"Jalan Tanjung Bruas"
4,76400,"Kampung Bahagia"
4,76400,"Kampung Balik Bukit"
4,76400,"Kampung Batang Tiga"
4,76400,"Kampung Bukit Darat"
4,76400,"Kampung Bukit Gedong"
4,76400,"Kampung Gelam"
4,76400,"Kampung Ghafar Baba"
4,76400,"Kampung Hailam"
4,76400,"Kampung Kelongkong"
4,76400,"Kampung Lereh"
4,76400,"Kampung Lereh Dalam"
4,76400,"Kampung Pantai Jaring"
4,76400,"Kampung Pantai Kundor"
4,76400,"Kampung Pantai Tanah Merah"
4,76400,"Kampung Paya Luboh"
4,76400,"Kampung Pengkalan Lanjut"
4,76400,"Kampung Pengkalan Perigi"
4,76400,"Kampung Pinang (A & B)"
4,76400,"Kampung Solok Biak"
4,76400,"Kampung Tangga Batu"
4,76400,"Kampung Tanjong"
4,76400,"Kawasan Perindustrian Tangga Batu"
4,76400,"Klebang Beach"
4,76400,"Kompleks Penghulu"
4,76400,"Kuarters TNB"
4,76400,"Lereh Kampung Cina"
4,76400,"Lereh Luar"
4,76400,"Lorong Bukit Tempayan"
4,76400,"Lorong Haji Abdullah"
4,76400,Palmstone
4,76400,"Pangsapuri mutiara"
4,76400,"Pangsapuri Tangga Batu"
4,76400,"Pantai Bidara Puteri Resort"
4,76400,"Pantai Kundor"
4,76400,"Pantai Rombang"
4,76400,"Paya Keladi"
4,76400,"Paya Lubuh"
4,76400,"Rumah Pangsa Sungai Lereh"
4,76400,"Samudera Condo"
4,76400,Seaview
4,76400,"Shah Beach Resort"
4,76400,"Solok Tangga Batu"
4,76400,"Spring Garden"
4,76400,"Sri Bayan Condo"
4,76400,"Sri Tanjong Servis"
4,76400,"Taman Imigresen"
4,76400,"Taman Nirwana"
4,76400,"Taman Pantai Kundur"
4,76400,"Taman Pantai Puteri"
4,76400,"Taman Permai"
4,76400,"Taman Puncak Maju"
4,76400,"Taman Seri Gelam"
4,76400,"Taman Seri Nilam"
4,76400,"Taman Seri Tanjong"
4,76400,"Taman Spring"
4,76400,"Taman Tanah Merah Jaya"
4,76400,"Taman Tangga Batu"
4,76400,"Taman Tanjong Kling"
4,76400,"Taman Tanjung Jaya"
4,76400,"Tangga Batu (Km 15 - 16)"
4,76400,"Tanjong Kling"
4,76409,"Tanjong Kling - Beg berkunci"
4,76450,"Alor Bertam Ulu"
4,76450,"Jalan Cikgu Jalil"
4,76450,"Jalan CS (11 - 15)"
4,76450,"Jalan CS 9"
4,76450,"Jalan Damai"
4,76450,"Jalan Demang Mohd"
4,76450,"Jalan Koh Lai Sin"
4,76450,"Jalan Penghulu Mak Yah"
4,76450,"Jalan Sidang Jaffar"
4,76450,"Jalan Solok Air Supai"
4,76450,"Jalan Tuan Guru Haji Ahmad"
4,76450,"Jalan Wakaf Bertam Ulu"
4,76450,"Kampung Alor"
4,76450,"Kampung Baru Bertam Ulu"
4,76450,"Kampung Bertam Ulu"
4,76450,"Kawasan Perindustrian Paya Rumput"
4,76450,"Lorong Sidang Jaafar"
4,76450,"Paya Rumput"
4,76450,"Paya Rumput Hilir"
4,76450,"Paya Rumput Seberang"
4,76450,"Paya Rumput Tengah"
4,76450,"Pekan Paya Rumput"
4,76450,"Rumah Awam Bertam Ulu"
4,76450,"Rumah Awam Paya Rumput"
4,76450,"Solok Air Supai"
4,76450,"Solok Chong Chan"
4,76450,"Solok Hilir"
4,76450,"Solok Penghulu Mak Yah"
4,76450,"Solok Sim Fat"
4,76450,"Solok Yong Lian"
4,76450,"Taman Bertam Impian"
4,76450,"Taman Bertam Indah"
4,76450,"Taman Bertam Jaya"
4,76450,"Taman Bertam Permai"
4,76450,"Taman Bertam Setia"
4,76450,"Taman Bertam Ulu"
4,76450,"Taman Cheng Setia"
4,76450,"Taman Paya Mas"
4,76450,"Taman Paya Rumput Bahagia"
4,76450,"Taman Paya Rumput Indah"
4,76450,"Taman Paya Rumput Indah 2"
4,76450,"Taman Paya Rumput Jaya"
4,76450,"Taman Paya Rumput Permai"
4,76450,"Taman Paya Rumput Ria"
4,76450,"Taman Paya Rumput Utama"
4,76450,"Taman Permai Indah"
4,76450,"Taman Rumput Jaya"
4,76450,"Taman Seri Bertam"
4,76450,"Taman Seri Paya Rumput"
4,76450,"Taman Sri Bertam"
4,76450,"Ujong Padang"
4,76450,"Ulu Paya Rumput"
4,76450,"Taman Paya Rumput Perdana"
4,76450,"Taman Paya Rumput Bestari"
4,77000,"Balik Bukit (Chohong)"
4,77000,"Bukit Pulau"
4,77000,"CT Tan Estate"
4,77000,"Felda Kemendor"
4,77000,"Jalan Teratai"
4,77000,Jasin
4,77000,"Kampung Ayer Barok"
4,77000,"Kampung Ayer Manggis"
4,77000,"Kampung Bukit Katong"
4,77000,"Kampung Bukit Tinggi A"
4,77000,"Kampung Bukit Tinggi B"
4,77000,"Kampung Chenderawasih"
4,77000,"Kampung Chin-Chin"
4,77000,"Kampung Chinderah"
4,77000,"Kampung Chohong"
4,77000,"Kampung Kelubi"
4,77000,"Kampung Kemengkang"
4,77000,"Kampung Kesang Jaya"
4,77000,"Kampung Kesang Pajak"
4,77000,"Kampung Kesang Tua"
4,77000,"Kampung Ladang Baharu"
4,77000,"Kampung Rim"
4,77000,"Kampung Seri Kesang"
4,77000,"Kampung Simpang Badak"
4,77000,"Kampung Terentang"
4,77000,"Kesang Pajak"
4,77000,Kumpai
4,77000,"Ladang R.M. Chettiar"
4,77000,"Lipat Kajang"
4,77000,"Loji Ayer"
4,77000,"Rumah Awam Cenderahwasih"
4,77000,"Rumah Awam Chin Chin"
4,77000,"Rumah Awam Kersang"
4,77000,"Rumah Awam Rim"
4,77000,"Rumah Awam Simpang Kerayong"
4,77000,"Rumah Awam Sri Kerayong"
4,77000,"Simpang Kerayong"
4,77000,"Taman Bahagia (1 & 2)"
4,77000,"Taman Chenderawasih"
4,77000,"Taman Desa Kesang"
4,77000,"Taman Desa Rim"
4,77000,"Taman Desa Rim 2"
4,77000,"Taman Jarim Jaya"
4,77000,"Taman Kelubi Damai"
4,77000,"Taman Kesang Indah"
4,77000,"Taman Kesang Jaya"
4,77000,"Taman Kolam Air"
4,77000,"Taman Lot Baru Jalan Kemendor"
4,77000,"Taman Maju (1 - 3)"
4,77000,"Taman Mesra"
4,77000,"Taman Mesra Rim 2"
4,77000,"Taman Permata"
4,77000,"Taman Rim Baru"
4,77000,"Taman Rim Jaya"
4,77000,"Taman Sin Ban Bee"
4,77000,"Taman Sri Chin-Chin"
4,77000,"Taman Sri Kelubi"
4,77000,"Taman Sri Kemendor"
4,77000,"Taman Suria"
4,77000,"Taman Teman"
4,77007,"Jasin - Peti surat  1 - 80"
4,77008,"Jasin - Peti surat  81 ke atas"
4,77009,"Jasin - Beg berkunci"
4,77100,Asahan
4,77100,"Ayer Tekah"
4,77100,"Bekoh Jaya"
4,77100,"Bukit Palembang"
4,77100,"Bukit Panjang"
4,77100,Chabau
4,77100,"Felda Bukit Senggeh"
4,77100,"Ho Seng San"
4,77100,"Kampung Abbey"
4,77100,"Kampung Air Kuning"
4,77100,"Kampung Air Pepat"
4,77100,"Kampung Air Repah"
4,77100,"Kampung Air Repat"
4,77100,"Kampung Ayer Songsang"
4,77100,"Kampung Ayer Tekah"
4,77100,"Kampung Baru Cina Asahan"
4,77100,"Kampung Baru Mantai"
4,77100,"Kampung Baru Nyalas"
4,77100,"Kampung Baru Pondok Batang"
4,77100,"Kampung Bukit Asahan"
4,77100,"Kampung Gapis"
4,77100,"Kampung Gubah"
4,77100,"Kampung Gunung Emas"
4,77100,"Kampung Jalan Raja"
4,77100,"Kampung Ladang Keeming"
4,77100,"Kampung Lubok Bandong"
4,77100,"Kampung Maju"
4,77100,"Kampung Maju Pondok Batang"
4,77100,"Kampung Mantai"
4,77100,"Kampung Masjid Baru"
4,77100,"Kampung Melangkan"
4,77100,"Kampung Nyalas"
4,77100,"Kampung Padang Lebar"
4,77100,"Kampung Parit Keliling"
4,77100,"Kampung Pelembang"
4,77100,"Kampung Raja"
4,77100,"Kampung Relau"
4,77100,"Kampung Sialang"
4,77100,"Kampung Simpang Bekoh"
4,77100,"Kampung Simpang Meriang"
4,77100,"Kampung Solok Kemong"
4,77100,"Kampung Sungai Dua"
4,77100,"Kem Asahan"
4,77100,"Kolam Ayer"
4,77100,"Ladang Gapis"
4,77100,"Ladang Kim Kee"
4,77100,"Ladang Mantai"
4,77100,"Ladang Nyalas"
4,77100,Mantai
4,77100,Nyalas
4,77100,"Pondok Batang"
4,77100,"Rumah Awam Pondok Batang"
4,77100,Sialang
4,77100,"Simpang Meriang"
4,77100,"Solok Komong"
4,77100,"Sungai Dua"
4,77100,"Sungai Mering"
4,77100,"Taman Gunung Asahan"
4,77100,"Taman Nyalas"
4,77100,"Taman Nyalas Baru"
4,77100,"Taman Sri Asahan"
4,77100,"Taman Sri Jaya"
4,77100,"Taman Sri Nyalas"
4,77109,"Asahan  - Beg berkunci"
4,77200,"Ayer Merbau"
4,77200,"Ayer Panas"
4,77200,"Baba dan Nyonya Resort "
4,77200,"Bemban (Pekan)"
4,77200,"Golden Valley Resor"
4,77200,"Jalan Gapam"
4,77200,"Jalan Jasin (Batu 14 - 15)"
4,77200,"Jalan Kolam Air"
4,77200,"Jalan Solok Bemban"
4,77200,"Jasin IndustRial Park"
4,77200,"Kampung Air Merbau"
4,77200,"Kampung Asam Kumbang"
4,77200,"Kampung Ayer Panas"
4,77200,"Kampung Baru (Km 26)"
4,77200,"Kampung Baru Ayer Panas"
4,77200,"Kampung Baru Bukit Kajang"
4,77200,"Kampung Bemban"
4,77200,"Kampung Bukit Kajang"
4,77200,"Kampung Gapam"
4,77200,"Kampung Jilir"
4,77200,"Kampung Kesang"
4,77200,"Kampung Kongsai"
4,77200,"Kampung Parit Lampong"
4,77200,"Kampung Paya Beringin (Km 19.2)"
4,77200,"Kampung Serompong"
4,77200,"Kampung Solok Hilir Ulu Duyong"
4,77200,"Kampung Tanjong Laboh"
4,77200,"Kampung Tehel"
4,77200,"Kampung Tehel Tengah"
4,77200,"Kampung Tehel Ulu"
4,77200,"Kampung Ulu Duyong"
4,77200,"Ladang Ayer Panas"
4,77200,"Ladang Bukit Kajang"
4,77200,"Ladang Leong Watt Hin"
4,77200,"Orna Resort"
4,77200,"Paya Asam Kumbang"
4,77200,"Pekan Tehel"
4,77200,"Rumah Awam Air Merbau"
4,77200,"Solok Parit Lampong"
4,77200,"Solok Paya Kundang"
4,77200,"Solok Tehel Ulu"
4,77200,"Taman Asia Selatan"
4,77200,"Taman Bemban"
4,77200,"Taman Bemban Baru"
4,77200,"Taman Bemban Jaya"
4,77200,"Taman Bemban Utama"
4,77200,"Taman Damai"
4,77200,"Taman Desa Merbau"
4,77200,"Taman IKS Air Panas"
4,77200,"Taman Indah"
4,77200,"Taman Mayang"
4,77200,"Taman Mayang Baru"
4,77200,"Taman Megah"
4,77200,"Taman Merbau Jaya"
4,77200,"Taman Mewah"
4,77200,"Taman Permai"
4,77200,"Taman Perumahan Polis"
4,77200,"Taman Sri Bemban"
4,77200,"Taman Wira Rumah Awam Tehel"
4,77200,"Yen Chong Realty"
4,77300,"Anjong Batu"
4,77300,"Bandar Baru"
4,77300,"Bandar Baru Merlimau"
4,77300,"Batu Gajah (Batu 15 - 17 3/4)"
4,77300,"Bukit Durian"
4,77300,"Bukit Gereja"
4,77300,"Bukit Kuda"
4,77300,"Bukit Tembakau"
4,77300,"Felcra Lembah Kesang"
4,77300,"Jalan Abu Hassan"
4,77300,"Jalan Ahmad"
4,77300,"Jalan Aman"
4,77300,"Jalan Baksan"
4,77300,"Jalan Bakti"
4,77300,"Jalan Batu Gajah (Km 23 - 24)"
4,77300,"Jalan Bayan"
4,77300,"Jalan Bendang (1 & 2)"
4,77300,"Jalan Berkat"
4,77300,"Jalan Boyak"
4,77300,"Jalan Bukit Kuda  (1,2,3 & 4)"
4,77300,"Jalan Bukit Tasek"
4,77300,"Jalan Bunga Raya"
4,77300,"Jalan Damai"
4,77300,"Jalan Darat Seberang"
4,77300,"Jalan Dato Langgar"
4,77300,"Jalan Dato Nawar"
4,77300,"Jalan Dato Suri"
4,77300,"Jalan Giang"
4,77300,"Jalan Hajah Salbiah"
4,77300,"Jalan Haji Hassan"
4,77300,"Jalan Haji Kamis"
4,77300,"Jalan Haji Mentol"
4,77300,"Jalan Haji Sharif"
4,77300,"Jalan Haji Yahya"
4,77300,"Jalan Indah"
4,77300,"Jalan Jasin (Batu 15)"
4,77300,"Jalan Jasin (Km 23)"
4,77300,"Jalan Kenari"
4,77300,"Jalan Kubur"
4,77300,"Jalan Ladang Pasir"
4,77300,"Jalan Lombong"
4,77300,"Jalan Madrasah"
4,77300,"Jalan Masai"
4,77300,"Jalan Masjid"
4,77300,"Jalan Merbok"
4,77300,"Jalan Minhad"
4,77300,"Jalan Muar (Batu 15 - 20)"
4,77300,"Jalan Muar (Km 23)"
4,77300,"Jalan Muar Lama"
4,77300,"Jalan Mulia"
4,77300,"Jalan Pahlawan"
4,77300,"Jalan Pantai Siring"
4,77300,"Jalan Parit Alai"
4,77300,"Jalan Parit Pendekar"
4,77300,"Jalan Paya Goyang"
4,77300,"Jalan Paya Lengkong"
4,77300,"Jalan Paya Lukah"
4,77300,"Jalan Paya Panglong"
4,77300,"Jalan Paya Tanjong"
4,77300,"Jalan Penghulu Ahim"
4,77300,"Jalan Permatang Bukit (1 - 4)"
4,77300,"Jalan Permatang Serai"
4,77300,"Jalan Pulai Darat"
4,77300,"Jalan Puyuh"
4,77300,"Jalan Rahmat"
4,77300,"Taman Debunga"
4,77300,"Taman Deretan"
4,77300,"Taman Harmoni"
4,77300,"Taman IKS Industri"
4,77300,"Taman IKS Serkam"
4,77300,"Taman Koperasi Serkam Darat"
4,77300,"Taman Maju Jaya"
4,77300,"Taman Makmur"
4,77300,"Taman Merlimau Baru"
4,77300,"Taman Merlimau Indah"
4,77300,"Taman Dato Abdul Aziz Umbai"
4,77300,"Taman Bukit Tembakau"
4,77300,"Taman Balkis (Bukit Durian)"
4,77300,"Simpang Bunga Raya"
4,77300,"Simpang Pasir Gembor"
4,77300,"Simpang Pekan"
4,77300,"Solok Minyak"
4,77300,"Solok Pasal"
4,77300,"Solok Paya Lengkong"
4,77300,"Sri Minyak"
4,77300,"Sungai Ayer Tawar"
4,77300,"Sungai Rengi"
4,77300,"Serkam Timur"
4,77300,"Taman Merlimau Jaya"
4,77300,"Taman Seri Jati"
4,77300,"Taman Seri Merlimau"
4,77300,"Taman Serkam Jaya"
4,77300,"Taman Serkam Perdana"
4,77300,"Taman Sri Serkam"
4,77300,"Tedong (Pekan)"
4,77300,"Tedong Barat"
4,77300,"Tedong Darat"
4,77300,"Tedong Pantai"
4,77300,"Taman Sejati"
4,77300,"Taman Rakyat"
4,77300,"Taman Pulai Jaya"
4,77300,"Taman Merlimau Utara"
4,77300,"Taman Mewah"
4,77300,"Taman Muhibbah"
4,77300,"Taman Muhibbah 6A, 6B, 6C"
4,77300,"Taman Pahlawan"
4,77300,"Taman Panglima Park"
4,77300,"Taman Persona"
4,77300,"Taman Pitis"
4,77300,"Taman Pulai Indah"
4,77300,Umbai
4,77300,"Kampung Batu Gajah Pasir (Batu 18)"
4,77300,"Jalan Sidang Harun"
4,77300,"Jalan Serindit"
4,77300,"Jalan Sayang"
4,77300,"Jalan Salim"
4,77300,"Kampung Berangan Enam"
4,77300,"Kampung Bukit Datok"
4,77300,"Kampung Bukit Durian"
4,77300,"Kampung Bukit Kepok"
4,77300,"Kampung Kilang Berapi"
4,77300,"Kampung Lancang"
4,77300,"Kampung Merlimau Pasir"
4,77300,"Kampung Paya Buloh"
4,77300,"Kampung Paya Yoke"
4,77300,"Kampung Pulai"
4,77300,"Kampung Pulai Barat"
4,77300,"Jalan Sidang Md Diah"
4,77300,"Jalan Simin"
4,77300,"Kampung Batu Gajah"
4,77300,"Kampung Batu 14 (Jalan Muar)"
4,77300,"Kampung Batu 14 (Jalan Melaka)"
4,77300,"Kampung Batak"
4,77300,"Kampung Ayer Tawar"
4,77300,"Jalan Zakaria"
4,77300,"Jalan Ujong Tanjong"
4,77300,"Jalan Tiong"
4,77300,"Jalan Tenaga Baru"
4,77300,"Jalan Sungai Renggi 1&2"
4,77300,"Jalan Solok Telok"
4,77300,"Jalan Solok Minyak 2"
4,77300,"Jalan Solok Minyak 1"
4,77300,"Jalan Sokma"
4,77300,"Jalan Simpang Pasir Gembur"
4,77300,"Kampung Sawah Padang"
4,77300,"Serkam Tengah"
4,77300,"Pekan Batu Gajah Pasir"
4,77300,"Pekan Sempang"
4,77300,"Pekan Serkam"
4,77300,"Pengkalan Samak"
4,77300,"Pulai Darat"
4,77300,"Rumah Awam Merlimau"
4,77300,"Rumah Awam Sempang"
4,77300,"Rumah Awam Umbai"
4,77300,Sebatu
4,77300,Semujuk
4,77300,Serkam
4,77300,"Serkam Anak Ayer"
4,77300,"Serkam Darat"
4,77300,"Serkam Estate"
4,77300,"Serkam Pantai"
4,77300,"Paya Tanjong"
4,77300,"Merlimau Pantai"
4,77300,"Merlimau Estate"
4,77300,"Kampung Sebatu (Km 29 Jalan Salim)"
4,77300,"Kampung Sempang"
4,77300,"Kampung Semujuk"
4,77300,"Kampung Semujuk Sri Mendapat"
4,77300,"Kampung Sri Minyak"
4,77300,"Kampung Sungai Sembilang"
4,77300,"Kampung Telok"
4,77300,"Kampung Tengah Permatang Serai"
4,77300,"Ladang Yew Watt Hin"
4,77300,"Kawasan Industri Serkam"
4,77300,"Kawasan Kilang Semujuk"
4,77300,"Ladang Selatan Baru"
4,77300,"Ladang Tong Bee"
4,77300,Merlimau
4,77300,"Lorong Terap Jalan Haji Jamat"
4,77309,"Merlimau - Beg berkunci"
4,77400,"Taman Perdana"
4,77400,"Taman Jaya Parit Putat"
4,77400,"Taman Jaya"
4,77400,"Kampung Parit Sidang Seman"
4,77400,"Taman Rambai Perdana"
4,77400,"Taman Seri Desa"
4,77400,"Taman Sri Rambai"
4,77400,"Taman Sri Suria"
4,77400,"Tambak Merah"
4,77400,"Taman Cempaka"
4,77400,"Taman Anggerik"
4,77400,"Jalan Ghafar"
4,77400,"Kampung Sebatu (Km 29 - 31)"
4,77400,"Kampung Parit Putat"
4,77400,"Kampung Parit Perawas"
4,77400,"Kampung Parit Penghulu"
4,77400,"Kampung Parit Gantong"
4,77400,"Kampung Benteng"
4,77400,"Jalan Paya Rembut"
4,77400,"Jalan Parit Sialang"
4,77400,"Jalan Parit Putat"
4,77400,"Jalan Laidin"
4,77400,"Jalan Ibrahim"
4,77400,"Jalan Haji Raya"
4,77400,"Jalan Haji Dahlan"
4,77400,"Kampung Solok Ikan Paus"
4,77400,"Kampung Tasek"
4,77400,"Kampung Telok Gong"
4,77400,"Sungai Rambai - Peti surat"
4,77400,"Sungai Rambai"
4,77400,"Rumah Awam Sungai Rambai"
4,77400,"Permatang Tualang"
4,77400,"Parit Sidang Seman"
4,77400,"Parit Sialang"
4,77400,"Parit Putat Benting"
4,77400,"Parit Penghulu Benteng"
4,77400,"Parit Hailam"
4,77400,"Lorong Baba"
4,77400,"Lorong Pengkalan Leban"
4,77400,"Lorong Sayang"
4,77400,"Parit Derhaka"
4,77400,"Kampung Paya Rembut"
4,77409,"Sungai Rambai - Beg berkunci"
4,77500,"Rumah Awam Tebong"
4,77500,"Rumah Keretapi Tebong"
4,77500,Selandar
4,77500,"Sing Lian Estate"
4,77500,"Solok Air Lanjut"
4,77500,"Solok Anak Air Tetaban"
4,77500,"Solok Ayer Keroh"
4,77500,"Solok Chembung"
4,77500,"Solok Kampung Pulau"
4,77500,"Solok Rejang"
4,77500,"Rumah Awam Sri Cahaya"
4,77500,"Rumah Awam Selandar"
4,77500,"Ladang Tebolang"
4,77500,"Ladang Tebong"
4,77500,"Ladang Tor Lee"
4,77500,"Ladang Yong Teck Nam"
4,77500,"Lim Kok Wah Estate"
4,77500,"Nam Bee Estate"
4,77500,"Pekan Kuala Sungga"
4,77500,"Pekan Selandar"
4,77500,"Rumah Awam Batang Melaka"
4,77500,"Rumah Awam Pondok Kempas"
4,77500,"Soon Huat Estate"
4,77500,"Tai Joo Estate"
4,77500,"Taman Baru Jus"
4,77500,"Taman Permai"
4,77500,"Taman Pertanian Selandar"
4,77500,"Taman Selandar"
4,77500,"Taman Selandar Baru"
4,77500,"Taman Selandar Permai"
4,77500,"Taman Seri Selandar"
4,77500,"Taman Sri Hilir"
4,77500,Tebong
4,77500,"Tebong (Pekan)"
4,77500,"Taman Pelangi"
4,77500,"Taman Kuala Sungga"
4,77500,"Taman Kejora"
4,77500,"Taman Baru Selandar"
4,77500,"Taman Batang Melaka Baru"
4,77500,"Taman Batang Melaka Jaya"
4,77500,"Taman Desa"
4,77500,"Taman Desa Selandar"
4,77500,"Taman Hilir"
4,77500,"Taman Indah"
4,77500,"Taman Indah 2"
4,77500,"Taman Jus Perdana"
4,77500,"Tor Lee Estate"
4,77500,"Balai Polis Batang Melaka"
4,77500,"Jalan Hassan"
4,77500,"Jalan Imam Razak"
4,77500,"Jalan Machap Selandar"
4,77500,"Jalan Manja"
4,77500,"Jalan Tenaga Baru"
4,77500,"Kampung Air Sialang Orang Asli"
4,77500,"Kampung Ayer Kangkong"
4,77500,"Kampung Baru Anak Ayer Tebong"
4,77500,"Kampung Baru Bukit Sedanan"
4,77500,"Kampung Baru On Lok"
4,77500,"Kampung Baru Selandar"
4,77500,"Kampung Baru Tebong"
4,77500,"Kampung Bukit Senggeh"
4,77500,"Kampung Bukit Seraya"
4,77500,"Kampung Hilir (Batu 26 - 29)"
4,77500,"Jalan Gemas Tampin"
4,77500,"Jalan Gemas - Tampin Tebong"
4,77500,"Batang Melaka (Batu 27 - 28)"
4,77500,"Batang Melaka (Km 43 - 44)"
4,77500,"Batang Melaka Estate"
4,77500,"Batu Ampar"
4,77500,"Belakang Pekan Batang Melaka"
4,77500,"Bukit Senggeh"
4,77500,"Bukit Senggeh Hilir"
4,77500,"Chai Soon Hin Estate"
4,77500,"Felcra Bukit Sedanan"
4,77500,"Felda Ayer Kangkong"
4,77500,"IKS Selandar"
4,77500,"Jalan Air Talam"
4,77500,"Jalan Batang Melaka (Km 38 - 44)"
4,77500,"Jalan Bidan Kampung Bukit Senggeh"
4,77500,"Jalan Bilal"
4,77500,"Kampung Hulu (Batu 3)"
4,77500,"Kampung Jalan Tebong"
4,77500,"Ladang Nam Bee"
4,77500,"Kampung Solok Kuala Sungga"
4,77500,"Kampung Tebong"
4,77500,"Kampung Tebong Dalam"
4,77500,"Kampung Tengah"
4,77500,"Kampung Tengah Batang Melaka"
4,77500,"Kampung Ulu Batang Melaka"
4,77500,"Kampung Ulu Jus"
4,77500,"Kuala Sungga"
4,77500,"Ladang Batu Berkarat"
4,77500,"Ladang Bukit Putus"
4,77500,"Ladang Chye Soon Hing"
4,77500,"Ladang Enam B Tebong"
4,77500,"Ladang Guthrie"
4,77500,"Ladang Kemuning"
4,77500,"Ladang Leong Whatt Hin"
4,77500,"Kampung Solok Bukit Putus"
4,77500,"Kampung Solok Ayer Keroh"
4,77500,"Kampung Jus Permai"
4,77500,"Kampung Jus Selandar"
4,77500,"Kampung Nelayan Bukit Sendanan"
4,77500,"Kampung Orang Asli Air Dusun Tebong"
4,77500,"Kampung Orang Asli Batang Melaka"
4,77500,"Kampung Orang Asli Bukit Putus"
4,77500,"Kampung Orang Asli Bukit Seraya"
4,77500,"Kampung Orang Asli Gapam"
4,77500,"Kampung Orang Asli Jus"
4,77500,"Kampung Selandar"
4,77500,"Kampung Rejang Selandar"
4,77500,"Kampung Pulau"
4,77500,"Kampung Pondok Kempas"
4,77500,"Kampung Orang Asli Terentang"
4,77500,"Kampung Orang Asli Tebong Station"
4,77500,"Kampung Orang Asli Kubang Badak"
4,78000,"Simpang Gadek"
4,78000,"Simpang Kelemak"
4,78000,"Simpang Kendong"
4,78000,"Simpang Melaka Pindah"
4,78000,"Simpang Pengkalan"
4,78000,"Solok Air Tanai"
4,78000,"Simpang Ampat"
4,78000,"Seri Tanjong"
4,78000,"Seri Kelemak"
4,78000,Rumbia
4,78000,"Rumah Awam Sungai Petai"
4,78000,"Rumah Awam Sri Pengkalan"
4,78000,"Rumah Awam Simpang Ampat"
4,78000,"Rumah Awam Seri Pengkalan"
4,78000,"Rumah Awam Rumbia"
4,78000,"Solok Ayer Pinang"
4,78000,"Solok Gajah Mati"
4,78000,"Taman Alor"
4,78000,"Taboh Naning New Village"
4,78000,"Sungai Petai"
4,78000,"Sri Sutera"
4,78000,"Solok Tanah Liat"
4,78000,"Solok Senda"
4,78000,"Solok Semenggang"
4,78000,"Solok Semelenggong"
4,78000,"Solok Seberang Perai"
4,78000,"Solok Pinang Pegoh"
4,78000,"Solok Perling"
4,78000,"Solok Mengawa (Pegoh)"
4,78000,"Solok Limau Purut"
4,78000,"Solok Kemus"
4,78000,"Taman Aman"
4,78000,"Rumah Awam Rembia"
4,78000,"Rumah Awam Paya Datok"
4,78000,"Padang Besar"
4,78000,"Melekek Tanjong Balai"
4,78000,"Melekek Kampung Padang"
4,78000,Melekek
4,78000,"Melaka Pindah Hilir"
4,78000,"Melaka Pindah Estate"
4,78000,"Melaka Pindah"
4,78000,"Masjid Saga"
4,78000,"Machap Umboo Permai"
4,78000,"Machap Umboo Baru"
4,78000,"Machap Umboo"
4,78000,"Lorong Solok Zakaria"
4,78000,"Lian Huat Estate"
4,78000,"Lesong Batu"
4,78000,"Pasar Menggong"
4,78000,"Paya Dalam"
4,78000,"Rumah Awam Melekek"
4,78000,"Rumah Awam Machap Umboo Permai"
4,78000,"Rumah Awam Lendu"
4,78000,"Rumah Awam Kemuning"
4,78000,"Rumah Awam Kelemak"
4,78000,"Rumah Awam Gadek"
4,78000,"Pekan Simpang Empat"
4,78000,"Pekan Melaka Pindah"
4,78000,"Pekan Lendu"
4,78000,"Pekan Gadek"
4,78000,"Pekan Alor Gajah"
4,78000,"Pegoh Estate Rembia Division"
4,78000,"Pegoh Estate"
4,78000,"Pegoh Dalam"
4,78000,"Lendu Estate"
4,78000,"Taman Anggerik Utama"
4,78000,"Vinnyagar Estate"
4,78000,"Taman Sebang Mutiara"
4,78000,"Taman Sebang Gemilang"
4,78000,"Taman Saujana Height"
4,78000,"Taman Rumbia Utama"
4,78000,"Taman Rumbia Perkasa"
4,78000,"Taman Rumbia"
4,78000,"Taman Rumah Awam Biru"
4,78000,"Taman Rembia Utama"
4,78000,"Taman Rembia Setia"
4,78000,"Taman Rembia Perkasa"
4,78000,"Taman Rancangan Bukit Bulat"
4,78000,"Taman PKNM"
4,78000,"Taman Pisang Mas Jaya"
4,78000,"Taman Pisang Mas"
4,78000,"Taman Seri Bayu"
4,78000,"Taman Seri Bayu 1&2"
4,78000,"Ulu Sungai Buloh"
4,78000,"Ulu Melaka Pindah"
4,78000,"UiTM Lendu"
4,78000,"Tiang Guan Estate"
4,78000,"Teck Ping Chan"
4,78000,"Tanah Rancangan Menggong"
4,78000,"Tanah Rancangan Hutan Percha"
4,78000,"Tanah Rancangan Bukit Bulat"
4,78000,"Taman Sutera Indah"
4,78000,"Taman Sutera"
4,78000,"Taman Sri Kelemak"
4,78000,"Taman Seri Sutera"
4,78000,"Taman Seri Pelangi"
4,78000,"Taman Seri Naning"
4,78000,"Taman Perumahan PDRM (Polis)"
4,78000,"Taman Perumahan PDRM"
4,78000,"Taman Permai Rumbia"
4,78000,"Taman Kelemak Perdana"
4,78000,"Taman Kelemak Jaya"
4,78000,"Taman Kebaya"
4,78000,"Taman Jaya"
4,78000,"Taman Jati Lendu"
4,78000,"Taman Jati Indah"
4,78000,"Taman Intekma"
4,78000,"Taman Industri Perniagaan Melekek"
4,78000,"Taman IKS"
4,78000,"Taman Gadek Perdana"
4,78000,"Taman Gadek"
4,78000,"Taman Dimensi"
4,78000,"Taman Bukit Rumbia"
4,78000,"Taman Bukit Nangka"
4,78000,"Taman Koperasi Naning"
4,78000,"Taman Lendu Bakti"
4,78000,"Taman Permai"
4,78000,"Taman Pengkalan Indah"
4,78000,"Taman Pelangi"
4,78000,"Taman Mutiara"
4,78000,"Taman Mewah"
4,78000,"Taman Merak IKS Sungai Petai"
4,78000,"Taman Melekek"
4,78000,"Taman Melayu Permai"
4,78000,"Taman Melaka Pindah"
4,78000,"Taman Melaka Perdana"
4,78000,"Taman Mawar Jaya"
4,78000,"Taman Markisah"
4,78000,"Taman Maim"
4,78000,"Taman Lendu Baru"
4,78000,"Taman Bukit Emas"
4,78000,"Lendu Ayer Paabas"
4,78000,"Kampung Jelatang"
4,78000,"Kampung Baru Gadek"
4,78000,"Kampung Baru Alor Gajah"
4,78000,"Kampung Baru 1 & 2"
4,78000,"Kampung Balai"
4,78000,"Kampung Ayer Tanai"
4,78000,"Kampung Ayer Paabas Dalam"
4,78000,"Kampung Ayer Paabas"
4,78000,"Kampung Ayer Manggis"
4,78000,"Kampung Ayer Lanjut Dalam"
4,78000,"Kampung Ayer Lanjut"
4,78000,"Kampung Ayer Hitam Lendu"
4,78000,"Kampung Ampang Batu"
4,78000,"Jalan Tanjung"
4,78000,"Jalan Tanjong Cerana Putih"
4,78000,"Jalan Semerling"
4,78000,"Jalan Mutiara"
4,78000,"Jalan Miat"
4,78000,"Kampung Baru Lendu"
4,78000,"Kampung Baru Menggong"
4,78000,"Kampung Jawa"
4,78000,"Kampung Jalan Estate Kelemak"
4,78000,"Kampung Gedang"
4,78000,"Kampung Ganun"
4,78000,"Kampung Gadek Tebat"
4,78000,"Kampung Gadek Luar"
4,78000,"Kampung Gadek Dalam"
4,78000,"Kampung Gadek Buluh Cina"
4,78000,"Kampung Gadek Binjai"
4,78000,"Kampung Enau"
4,78000,"Kampung Durian Terong"
4,78000,"Kampung Dalong"
4,78000,"Kampung Cherana Puteh"
4,78000,"Kampung Bukit Nangka"
4,78000,"Kampung Baru Taboh Naning"
4,78000,"Kampung Baru Rumbia"
4,78000,"Kampung Baru Paya Datok"
4,78000,"Jalan Masjid Melekek"
4,78000,"Jalan Maid Cerana Putih"
4,78000,"Ayer Pak Abas"
4,78000,"Ayer Panas"
4,78000,"Ayer Panas Estate"
4,78000,"Bandar Vendor Taboh Naning"
4,78000,"Bangunan Prima Alor Gajah"
4,78000,"Bukit Hang Lipoh"
4,78000,"Bukit Hantu (Lendu Dalam)"
4,78000,"Bukit Lengkap"
4,78000,"Bukit Tampoi"
4,78000,"Bukit Tuan Karia"
4,78000,"Felda Hutan Percha"
4,78000,"Felda Machap"
4,78000,Gadek
4,78000,"Gadek Buloh China"
4,78000,"Heng Lee Estate"
4,78000,"Hook Lai Estate"
4,78000,"Hutan Percha"
4,78000,"Ayer Hitam Lendu"
4,78000,"Alor Gajah"
4,78000,"Jalan Lendu"
4,78000,"Jalan Lama Padang Sebang"
4,78000,"Jalan Kolam Ayer"
4,78000,"Jalan Kolam Air"
4,78000,"Jalan Hospital"
4,78000,"Jalan Bukit Payong"
4,78000,"Jalan Bukit Langkap"
4,78000,"Jalan Besar Alor Gajah"
4,78000,"Jalan Batu 16 3/4 Kampung Paya Datok"
4,78000,"Jalan Air Putih"
4,78000,"Jalan Air Manggis (Lendu Dalam)"
4,78000,"Jalan Air Lanjut"
4,78000,"IKS Sungai Petai"
4,78000,"IKS Paya Datok"
4,78000,"IKS Kelemak"
4,78000,"Felda Solok MengGong"
4,78000,"Air Cantik (Lendu Air Paabas)"
4,78000,"IKS Air Paabas"
4,78000,"Kampung Kati"
4,78000,"Kampung Sungai Petai"
4,78000,"Lanjut Manis"
4,78000,Lendu
4,78000,"Kampung Sungai Buloh"
4,78000,"Kampung Sri Kendong"
4,78000,"Kampung Solok Menggong"
4,78000,"Kampung Solok Limau Purut"
4,78000,"Kampung Solok Jeram Rumbia"
4,78000,"Kampung Solok Gajah Mati"
4,78000,"Kampung Solok Cherana Puteh"
4,78000,"Kampung Solok Bukit Hantu"
4,78000,"Kampung Solok Ayer Puteh"
4,78000,"Kampung Simpang Kendong"
4,78000,"Kampung Rembia"
4,78000,"Kampung Punggur"
4,78000,"Kampung Ponggur"
4,78000,"Kampung Ponggor"
4,78000,"Kampung Pernau"
4,78000,"Ladang kemuning Kru"
4,78000,"Kuarters Kesihatan Paya Datok"
4,78000,"Kampung Sungai Ragok"
4,78000,"Kampung Taboh Naning"
4,78000,"Kampung Tambak Jelatang"
4,78000,"Kampung Tanjong Balai"
4,78000,"Kampung Tanjong Rimau"
4,78000,"Kampung Tanjong Rimau Dalam"
4,78000,"Kampung Tanjong Rimau Luar"
4,78000,"Kampung Tebat"
4,78000,"Kampung Tengah (Melaka Pindah)"
4,78000,"Kampung Tengah (Melekek)"
4,78000,"Kampung Tengah Sungai Ragok"
4,78000,"Kampung Ulu Kemus"
4,78000,"Kampung Ulu Sungai Buluh"
4,78000,"Kelemak Jalan Bukit Tampoi"
4,78000,"Kelemak Jalan Lama"
4,78000,"Kemas Dalam"
4,78000,"Kolej Risda Melaka"
4,78000,"Kampung Perling Simpang Ampat"
4,78000,"Kampung Kelemak"
4,78000,"Kampung Lendu Pondok Sepam"
4,78000,"Kampung Lendu Hilir"
4,78000,"Kampung Lendu Dalam"
4,78000,"Kampung Lendu Ayer Hitam"
4,78000,"Kampung Lendu"
4,78000,"Kampung Lelong"
4,78000,"Kampung Lanjut Manis"
4,78000,"Kampung Kundangan Simpang Empat"
4,78000,"Kampung Kolam Ayer Gadek"
4,78000,"Kampung Kemus"
4,78000,"Kampung Kemuning Tengah"
4,78000,"Kampung Kemuning"
4,78000,"Kampung Kelemak Ulu"
4,78000,"Kampung Kelemak Tengah"
4,78000,"Kampung Kelemak Luar"
4,78000,"Kampung Kelemak Dalam"
4,78000,"Kampung Kelemak (Jalan Lendu)"
4,78000,"Kampung Lendu Tengah"
4,78000,"Kampung Lubok Kepong"
4,78000,"Kampung Melekek (Batu 17 1/2)"
4,78000,"Kampung Paku Dalam"
4,78000,"Kampung Paya Dalam"
4,78000,"Kampung Paya Datok"
4,78000,"Kampung Paya Simpang Empat"
4,78000,"Kampung Pegoh"
4,78000,"Kampung Pengkalan"
4,78000,"Kampung Perling"
4,78000,"Kampung Perling (Simpang Ampat)"
4,78000,"Kampung Paku"
4,78000,"Kampung Pagoh Luar"
4,78000,"Kampung Padang Sebang"
4,78000,"Kampung Melekek Dalam"
4,78000,"Kampung Padang"
4,78000,"Kampung Padang Besar"
4,78000,"Kampung Padang Kambing"
4,78000,"Kampung Padang Lalang"
4,78000,"Kampung Padang Melekek"
4,78009,"Alor Gajah  - Beg berkunci"
4,78100,"Solok Tumpak"
4,78100,"Solok Uban Dekat"
4,78100,"Solok Uban Jauh"
4,78100,"Sungai Jerneh Ulu"
4,78100,"Solok Serban Hijau"
4,78100,"Taman Berembang Jaya"
4,78100,"Taman Setia Jaya"
4,78100,"Taman Wira Emas"
4,78100,"Taman Wira Indah"
4,78100,"Solok Minching"
4,78100,"Sungai Siput Estate"
4,78100,"Solok Semenggong"
4,78100,"Berembang Jaya"
4,78100,"Kampung Seberang"
4,78100,"Kampung Ramuan China Kechil"
4,78100,"Kampung Pengkalan Pauh"
4,78100,"Kampung Pengkalan Paoh"
4,78100,"Kampung Lubok China"
4,78100,"Kampung Lubok Buntar"
4,78100,"Kampung Berisu"
4,78100,"Kampung Baru Lubuk China"
4,78100,"Jalan Solok Gitam"
4,78100,"Jalan Lubok Buntar"
4,78100,"Jalan Bukit Sendok"
4,78100,"Jalan Bukit Pering"
4,78100,"Jalan Batu Alang"
4,78100,"Berisu Tengah"
4,78100,"Kampung Serban Hijau"
4,78100,"Kampung Seri Marlow"
4,78100,"Solok Miching"
4,78100,"Serban Hijau"
4,78100,"Rumah Awam Sungai Siput"
4,78100,"Lubok China (Pekan)"
4,78100,"Kampung Ulu Brisu"
4,78100,"Kampung Tengah (Berisu)"
4,78100,"Kampung Telok Berembang"
4,78100,"Kampung Sungai Siput (Lubuk China)"
4,78100,"Kampung Sungai Siput"
4,78100,"Kampung Seri Merlow"
4,78100,"Kampung Solok Limau Nipis"
4,78100,"Kampung Solok Minching"
4,78100,"Kampung Solok Uban"
4,78100,"Kampung Sungai Jerneh Ulu"
4,78100,"Kampung Sungai Jernih"
4,78200,"Rebana Jernih"
4,78200,"Pelabuhan Kuala Linggi"
4,78200,"Pekan Kuala Sungai Baru"
4,78200,"Lorong Hitam Pajar"
4,78200,"Lorong Haji Zainal"
4,78200,"Kuala Sungai Baru"
4,78200,"Kuala Linggi"
4,78200,"Keramat Leban"
4,78200,"Kampung Tengah"
4,78200,"Rumah Awam Tanjung Dahan Fasa 2"
4,78200,"Taman Kampung Ria"
4,78200,"Teluk Belanga"
4,78200,"Taman Sri Kuala"
4,78200,"Taman Rebana Jernih"
4,78200,"Taman Melor"
4,78200,"Taman Kuala Permai"
4,78200,"Taman Kuala Jaya"
4,78200,"Taman Kuala Indah"
4,78200,"Taman Kuala Idaman"
4,78200,"Taman Kuala Damai"
4,78200,"Kampung Teluk Belanga"
4,78200,"Jalan Telok"
4,78200,"Jalan Felcra"
4,78200,"Jalan Bukit Darat (Kuala Linggi)"
4,78200,"Jalan Bukit Darat"
4,78200,"Jalan Bilal Mohd"
4,78200,"Jalan Balik Bukit (Kuala Linggi)"
4,78200,"Jalan Atas Masjid (Kuala Linggi)"
4,78200,"Jalan Tok Bongkok (Tanjung Dahan)"
4,78200,"Jalan Air Molek"
4,78200,"Bukit Bunbun"
4,78200,"Jalan Haji Baba"
4,78200,"Jalan Haji Mat Dali"
4,78200,"Jalan Tanjung Agas (Kuala Linggi)"
4,78200,"Jalan Parit Bakar (Kampung Tengah)"
4,78200,"Jalan Meriam Patah"
4,78200,"Jalan Melor"
4,78200,"Jalan Labuh Kapal"
4,78200,"Jalan Kuala Idaman"
4,78200,"Jalan Kilang (Kuala Linggi)"
4,78200,"Jalan Khatib Osman"
4,78200,"Jalan Katib Alwi (Kampung Tengah)"
4,78200,"Batu 28 Kampung Lapan (Permatang)"
4,78200,"Kampung Telok Perun"
4,78200,"Kampung Ladang"
4,78200,"Kampung Man Lok"
4,78200,"Kampung Nelayan"
4,78200,"Kampung Permatang"
4,78200,"Kampung Permatang Hilir"
4,78200,"Kampung Permatang Tengah"
4,78200,"Kampung Tanjong Dahan"
4,78200,"Kampung Tanjong Serai"
4,78200,"Kampung Telok Gong"
4,78200,"Kampung Kuala Linggi"
4,78200,"Kampung Kuala"
4,78200,"Jalan Tok Enteh (Tanjung Dahan)"
4,78200,"Kampung Ayer Molek"
4,78200,"Kampung Baru Kuala Sungai Baru"
4,78200,"Kampung Bukit Beruang"
4,78200,"Kampung Bukit Darat"
4,78200,"Kampung Bukit Supai"
4,78200,"Kampung Guan"
4,78200,"Kampung Hilir"
4,78200,"Kampung `Keramat Leban"
4,78300,"Ramuan China Besar"
4,78300,"Permatang Tengah"
4,78300,"Permatang Hilir"
4,78300,"PerKampungan Baru Air Hitam Darat"
4,78300,"Pengkalan Balak"
4,78300,"Pekan Masjid Tanah"
4,78300,"Padang Kemunting"
4,78300,"Masjid Tanah"
4,78300,"Lorong Kadi Haji Mahadi"
4,78300,"Solok Mangga"
4,78300,"Rantau Panjang"
4,78300,"Rumah Awam Bukit Beringin"
4,78300,"Solok Katib Budin"
4,78300,"Solok Jeram"
4,78300,"Solok Imam Tahir"
4,78300,"Solok Imam Kasim"
4,78300,"Solok Ayer Limau Nipis"
4,78300,"Rumah Awam Tanjung Bidara"
4,78300,"Rumah Awam Paya Rumput"
4,78300,"Rumah Awam Paya Redan"
4,78300,"Rumah Awam Lubok Redan"
4,78300,"Lorong Imam Mamat"
4,78300,"Lorong Haji Shamsudin"
4,78300,"Lorong Haji Omar"
4,78300,"Kampung Sungai Tuang"
4,78300,"Kampung Sungai Kertah"
4,78300,"Kampung Sri Jeram"
4,78300,"Kampung Solok Rimau"
4,78300,"Kampung Solok Pauh"
4,78300,"Kampung Solok Pak Rimau"
4,78300,"Kampung Solok Ketong"
4,78300,"Kampung Solok Jauh"
4,78300,"Kampung Solok Duku"
4,78300,"Kampung Tahir Kaya"
4,78300,"Kampung Tanjong Bidara"
4,78300,"Lorong Haji Md Din"
4,78300,"Lorong Haji Kechut"
4,78300,"Lorong Haji Karim"
4,78300,"Lorong Haji Haron"
4,78300,"Lorong Haji Dol"
4,78300,"Lorong Haji Bidin"
4,78300,"Ladang Lian Heo"
4,78300,"Kawasan Perindustrian Pengkalan Balak"
4,78300,"Kampung Ujong Padang"
4,78300,"Kampung Solok Ayer Limau Nipis"
4,78300,"Solok Paya Lebar 11"
4,78300,"Balik Batu"
4,78300,"Taman Rebana Jernih"
4,78300,"Taman Permai"
4,78300,"Taman Pengkalan Balak"
4,78300,"Taman Paya Rumput"
4,78300,"Taman Paya Mengkuang"
4,78300,"Taman Masjid Tanah Ria"
4,78300,"Taman Masjid Tanah"
4,78300,"Taman Makmur"
4,78300,"Taman Maju Jaya"
4,78300,"Taman Seri Bidara"
4,78300,"Taman Seri Naga"
4,78300,"Wakaf Baru"
4,78300,"UMR Estate"
4,78300,"Tanjung Bidara Beach Resort"
4,78300,"Tanjung Bidara"
4,78300,"Taman Sungai Baru Indah"
4,78300,"Taman Sungai Baru"
4,78300,"Taman Sri Aman"
4,78300,"Taman Seri Redan"
4,78300,"Taman Seri Permata"
4,78300,"Taman Kuala Idaman"
4,78300,"Taman Kampung Ria"
4,78300,"Taman Idaman Jaya"
4,78300,"Taman Bidara Indah"
4,78300,"Taman Bandar Baru"
4,78300,"Taman Angklong"
4,78300,"Taman Alias"
4,78300,"Sungai Baru Estate"
4,78300,"Solok Tulang Daing"
4,78300,"Solok Tok Budi"
4,78300,"Solok Terubok"
4,78300,"Solok Paya Rumput"
4,78300,"Taman Bidara Jaya"
4,78300,"Taman Bidara Mekar"
4,78300,"Taman Harmoni"
4,78300,"Taman Desa Bayu 1 & 2"
4,78300,"Taman Dato Thamby Chik Karim"
4,78300,"Taman Dato Setia"
4,78300,"Taman Damai"
4,78300,"Taman Cahaya Mas"
4,78300,"Taman Bukit Indah"
4,78300,"Taman Bidara Permai"
4,78300,"Taman Bidara Palma"
4,78300,"Solok Paya Lebar Satu"
4,78300,"Jalan Sekolah Thamby Chik Karim"
4,78300,"Jalan Khairat"
4,78300,"Jalan Imam Sohor"
4,78300,"Jalan Imam Haji Kamarudin"
4,78300,"Jalan Hujan Panas"
4,78300,"Jalan Hamid Osman"
4,78300,"Jalan Haji Omar"
4,78300,"Jalan Haji Hassan"
4,78300,"Jalan Haji Ali"
4,78300,"Jalan Fatimah Arip"
4,78300,"Jalan Durian Daun"
4,78300,"Jalan Dol Hadi"
4,78300,"Jalan Desa Permai"
4,78300,"Jalan Lebai Budin"
4,78300,"Jalan Maasim"
4,78300,"Jalan Sekolah Sri Laksamana"
4,78300,"Jalan Sekolah Lama"
4,78300,"Jalan Sekolah Ghafar Baba"
4,78300,"Jalan Seberang Perai"
4,78300,"Jalan Pulau Semut"
4,78300,"Jalan Pokok Tanjung"
4,78300,"Jalan Penghulu Said"
4,78300,"Jalan Penghulu Manas"
4,78300,"Jalan Penghulu Arif"
4,78300,"Jalan Paya Meranti"
4,78300,"Jalan Paya Keladi"
4,78300,"Jalan Pawang Tahir"
4,78300,"Jalan Deli Awal"
4,78300,"Jalan Dato Nelo"
4,78300,"Jalan Ayer Limau"
4,78300,"Jalan Ampang Batu"
4,78300,"Jalan Air Langsat"
4,78300,"Jalan Ahmad Teriang"
4,78300,"Jalan  Pulau Semut"
4,78300,"Institut Kemahiran Belia Negara"
4,78300,"Hong Teng Estate"
4,78300,"Felcra Ramuan China Kechil"
4,78300,"Felcra Ramuan China"
4,78300,"Ayer Punggai"
4,78300,"Ayer Hitam Tengah"
4,78300,"Ayer Hitam Pantai"
4,78300,"Jalan Ayer Selamah"
4,78300,"Jalan Bakti"
4,78300,"Jalan Damai"
4,78300,"Jalan Bunga Tanjung"
4,78300,"Jalan Bunga Melor"
4,78300,"Jalan Bukit Tinggi 2"
4,78300,"Jalan Bukit Tinggi 1"
4,78300,"Jalan Bukit Kepong"
4,78300,"Jalan Bilal Mamat"
4,78300,"Jalan Berisu"
4,78300,"Jalan Batu Putih (1 & 2)"
4,78300,"Jalan Bandar Baru"
4,78300,"Jalan Balik Hutan"
4,78300,"Jalan Balik Batu"
4,78300,"Ayer Hitam Hulu"
4,78300,"Kampung Solok Ayer Limau"
4,78300,"Kampung Paya Keladi"
4,78300,"Kampung Pasir Gembor"
4,78300,"Kampung Padang Kemunting"
4,78300,"Kampung Padang Dekat"
4,78300,"Kampung Masjid Tengah"
4,78300,"Kampung Lubok Redan"
4,78300,"Kampung Lorong Haji Karim"
4,78300,"Kampung Londang"
4,78300,"Kampung Lekok"
4,78300,"Kampung Jeram"
4,78300,"Kampung Hailam"
4,78300,"Kampung Durian Daun"
4,78300,"Kampung Paya Lebar"
4,78300,"Kampung Paya Mengkuang"
4,78300,"Kampung Simpang Empat"
4,78300,"Kampung Seri Tanjong"
4,78300,"Kampung Seri Jeram"
4,78300,"Kampung Seberang"
4,78300,"Kampung Rantau Panjang"
4,78300,"Kampung Ramuan China Besar"
4,78300,"Kampung Pulau Semut"
4,78300,"Kampung Pulau"
4,78300,"Kampung Pinang"
4,78300,"Kampung Pengkalan Balak"
4,78300,"Kampung Paya Rumput Batu 19"
4,78300,"Kampung Paya Rumput"
4,78300,"Kampung Bukit Beringin"
4,78300,"Kampung Bukit Apit"
4,78300,"Jalan Sri Tanjong"
4,78300,"Jalan Solok Tok Budi"
4,78300,"Jalan Solok Kilang"
4,78300,"Jalan Solok Imam Tahir"
4,78300,"Jalan Solok Chuah"
4,78300,"Jalan Solok Chambang"
4,78300,"Jalan Solok Ayer Punggai"
4,78300,"Jalan Solok Air Batu"
4,78300,"Jalan Simat"
4,78300,"Jalan Sidang Othman"
4,78300,"Jalan Sidang Mat Karim Ani"
4,78300,"Jalan Sidang Mat Karim"
4,78300,"Jalan Setulang Daing"
4,78300,"Jalan Sri Terubok"
4,78300,"Jalan Talib Wahid"
4,78300,"Kampung Baru Ayer Limau"
4,78300,"Kampung Ayer Limau Nipis"
4,78300,"Kampung Ayer Limau"
4,78300,"Jalan Wira"
4,78300,"Jalan Wakaf Lama"
4,78300,"Jalan Sentosa"
4,78300,"Jalan Wakaf Baru"
4,78300,"Jalan Ulu Rantau"
4,78300,"Jalan Tulang Daing"
4,78300,"Jalan Tok Talib"
4,78300,"Jalan Thamby Chik Karim"
4,78300,"Jalan Talip Hassan"
4,78307,"Masjid Tanah - Peti Surat"
4,78309,"Masjid Tanah - Beg berkunci"
