13,93000,"Jalan Barrack"
13,93000,"Jalan Court House"
13,93000,"Jalan Crookshank"
13,93000,"Jalan Gambier"
13,93000,"Jalan Golflink"
13,93000,"Jalan Hokkien"
13,93000,"Jalan Hospital Timur"
13,93000,"Jalan Main Bazaar"
13,93000,"Jalan Maxwell"
13,93000,"Jalan Mcdougall"
13,93000,"Jalan Mosque"
13,93000,"Jalan Ong Kwan Hin"
13,93000,"Jalan Reservoir"
13,93000,"Jalan Rodway"
13,93000,"Jalan Tun Abang Haji Openg"
13,93000,"Jalan Wayang"
13,93000,"Jalan Were"
13,93000,"Ladang Ricketts"
13,93000,"Lebuh Bishopgate"
13,93000,"Lebuh Carpenter"
13,93000,"Lebuh China"
13,93000,"Lebuh Ewe Hai"
13,93000,"Lebuh Gartak"
13,93000,"Lebuh India"
13,93000,"Lebuh Java"
13,93000,"Lebuh Khoo Hun Yeang"
13,93000,"Lebuh Market"
13,93000,"Lebuh Power"
13,93000,"Lebuh Ulu China"
13,93000,"Lebuh Wayang 1"
13,93000,"Lebuh Wayang 2"
13,93000,"Lorong Ban Hock"
13,93000,"Lorong Carmelite"
13,93000,"Lorong Dock"
13,93000,"Lorong Gertak"
13,93000,"Lorong Kai Joo"
13,93000,"Lorong Masjid"
13,93000,"Lorong Mesjid India"
13,93000,"Pengkalan Jeti"
13,93000,"Persiaran Mill"
13,93000,"Taman Budaya"
13,93000,"Taman Oriental"
13,93000,"Taman Ricketts"
13,93010,Bengoh
13,93010,"Kampung Anah Rais"
13,93010,"Kampung Bako"
13,93010,"Kampung Baru Samarahan"
13,93010,"Kampung Beliong"
13,93010,"Kampung Bengoh Padawan"
13,93010,"Kampung Bratok"
13,93010,"Kampung Bukit Panchor"
13,93010,"Kampung Buntal"
13,93010,"Kampung Bunuk"
13,93010,"Kampung Geobilt"
13,93010,"Kampung Karu"
13,93010,"Kampung Lintang Baru"
13,93010,"Kampung Mambong"
13,93010,"Kampung Muhibah (Seberang Pending)"
13,93010,"Kampung Pasir Pandak"
13,93010,"Kampung Paya Mebi"
13,93010,"Kampung Rambungan"
13,93010,"Kampung Salak"
13,93010,"Kampung Sejingat"
13,93010,"Kampung Semadang"
13,93010,"Kampung Semedang"
13,93010,"Kampung Semilang"
13,93010,"Kampung Simpok"
13,93010,"Kampung Stoh"
13,93010,"Kampung Tapah"
13,93010,"Kampung Terambol"
13,93010,"Kolong Lapan"
13,93010,"Muara Tebas"
13,93010,"Pantai Damai"
13,93010,Santubong
13,93010,"Semenggok (Batu 15)"
13,93010,"Tiang Bekap"
13,93050,"Bintawa Batu"
13,93050,Demak
13,93050,"Demak Laut"
13,93050,"Gita Laut"
13,93050,"Gita Laut Tengah"
13,93050,"Jalan Astana"
13,93050,"Jalan Astana Lot"
13,93050,"Jalan Bako"
13,93050,"Jalan Bangau"
13,93050,"Jalan Belian"
13,93050,"Jalan Bukit Siol"
13,93050,"Jalan Bunga Cempaka (Kampung Gita)"
13,93050,"Jalan Bunga Engkodok (Kampung Gita)"
13,93050,"Jalan Bunga Kasturi (Kampung Gita)"
13,93050,"Jalan Bunga Kenanga (Kampung Gita)"
13,93050,"Jalan Bunga Melati (Kampung Gita)"
13,93050,"Jalan Bunga Melor (Kampung Gita)"
13,93050,"Jalan Bunga Raya (Kampung Gita)"
13,93050,"Jalan Bunga Rose (Kampung Gita)"
13,93050,"Jalan Bunga Tanjung (Kampung Gita)"
13,93050,"Jalan Bunga Teratai (Kampung Gita)"
13,93050,"Jalan Bunga Tiong (Kampung Gita)"
13,93050,"Jalan Bunga Tongkeng (Kampung Gita)"
13,93050,"Jalan Cederawasih"
13,93050,"Jalan Crocker"
13,93050,"Jalan Depo"
13,93050,"Jalan Enggang"
13,93050,"Jalan Field Force"
13,93050,"Jalan Gani"
13,93050,"Jalan Geruda"
13,93050,"Jalan Haji Sobeng"
13,93050,"Jalan Hashim Jaafar"
13,93050,"Jalan Helang"
13,93050,"Jalan Istana"
13,93050,"Jalan Istana Lama"
13,93050,"Jalan Juara"
13,93050,"Jalan Kenari"
13,93050,"Jalan Layang-Layang"
13,93050,"Jalan Matang"
13,93050,"Jalan Medang"
13,93050,"Jalan Melindo"
13,93050,"Jalan Menggeris"
13,93050,"Jalan Merak"
13,93050,"Jalan Merdeka"
13,93050,"Jalan Pedidi"
13,93050,"Jalan Perupok"
13,93050,"Jalan Piala"
13,93050,"Jalan Punai"
13,93050,"Jalan Pustaka"
13,93050,"Jalan Rajawali"
13,93050,"Jalan Saadon"
13,93050,"Jalan Samariang"
13,93050,"Jalan Samariang Batu"
13,93050,"Jalan Semarak"
13,93050,"Jalan Semariang"
13,93050,"Jalan Semariang Lot"
13,93050,"Jalan Sentubong"
13,93050,"Jalan Serunai"
13,93050,"Jalan Siol Kanan"
13,93050,"Jalan Siol Kandis"
13,93050,"Jalan Sultan Tengah"
13,93050,"Jalan Sungai Tengah Kolong"
13,93050,"Jalan Tan Sri Abang Ikhwan"
13,93050,"Jalan Tun Abdul Rahman Yakub"
13,93050,"Jalan Unggas"
13,93050,"Kampung Bintawa Hilir"
13,93050,"Kampung Bintawa Hulu"
13,93050,"Kampung Bintawa Tengah"
13,93050,"Kampung Boyan"
13,93050,"Kampung Gersik"
13,93050,"Kampung Gita Lama"
13,93050,"Kampung Gita Laut"
13,93050,"Kampung Heritage"
13,93050,"Kampung Kapitan Nandak"
13,93050,"Kampung Kolong 1"
13,93050,"Kampung Lada Pedas"
13,93050,"Kampung Laruh Scheme"
13,93050,"Kampung Lintang"
13,93050,"Kampung Malaysia Jaya"
13,93050,"Kampung Matang Batu 10"
13,93050,"Kampung Nangka (Jalan Matang)"
13,93050,"Kampung Panglima Seman"
13,93050,"Kampung Panglima Seman Hilir"
13,93050,"Kampung Panglima Seman Hulu"
13,93050,"Kampung Panglima Seman Lama"
13,93050,"Kampung Pinang Jawa"
13,93050,"Kampung Pulo Hilir"
13,93050,"Kampung Pulo Hulu"
13,93050,"Kampung Rampangi 1 - 3"
13,93050,"Kampung Semarang"
13,93050,"Kampung Semariang Batu"
13,93050,"Kampung Semariang Jaya (Fasa 1 - 2)"
13,93050,"Kampung Semariang Lama"
13,93050,"Kampung Semerah Padi"
13,93050,"Kampung Sinjan"
13,93050,"Kampung Siol Kandis Jalan Siol Kandis"
13,93050,"Kampung Stadium"
13,93050,"Kampung Sungai Bedil Besar"
13,93050,"Kampung Sungai Bedil Kecil"
13,93050,"Kampung Surabaya Hilir"
13,93050,"Kampung Surabaya Hulu"
13,93050,"Kampung Tanjung"
13,93050,"Kampung Tupong"
13,93050,"Kampung Tupong Astana"
13,93050,"Kampung Tupong Batu"
13,93050,"Kampung Tupong Hulu"
13,93050,"Kampung Tupong Jaya Jalan Merdeka"
13,93050,"Kampung Tupong Tengah"
13,93050,"Kampung Wawasan Jaya"
13,93050,"Kubah Ria"
13,93050,"Kuching Family Park"
13,93050,"Lorong 1 - 4 Jalan Istana"
13,93050,"Lorong Haji Babel"
13,93050,"Lorong Haji Said"
13,93050,"Lorong Mustaffa"
13,93050,"Lorong Penghulu Sudin"
13,93050,"Pengkalan Sapi"
13,93050,"Perumahan Rakyat Siol Kanan"
13,93050,"Petra Jaya"
13,93050,"Semarak Pinang Jawa"
13,93050,Semariang
13,93050,"Semariang Aman (Phase 1 - 2)"
13,93050,"Semariang Bandar Baru (Phase 1 - 5)"
13,93050,"Semerah Padi"
13,93050,"Siol Kandis"
13,93050,"Taman Abrar"
13,93050,"Taman Ah Boon"
13,93050,"Taman Aichi"
13,93050,"Taman Alamanda Indah"
13,93050,"Taman Alifah"
13,93050,"Taman Amina"
13,93050,"Taman Anib"
13,93050,"Taman Asiah, Jalan Siol Kandis"
13,93050,"Taman Bahjah"
13,93050,"Taman Bersinar"
13,93050,"Taman Bowood"
13,93050,"Taman Bukit Mawar (Kampung Gita)"
13,93050,"Taman Bunga Akasia"
13,93050,"Taman Bunga Melati"
13,93050,"Taman Bunga Raya"
13,93050,"Taman Bunga Wangi"
13,93050,"Taman Carisa"
13,93050,"Taman Cresent"
13,93050,"Taman Demak"
13,93050,"Taman Desa Guru"
13,93050,"Taman Desa Matang"
13,93050,"Taman Desa Matang Jalan Matang Batu 3"
13,93050,"Taman Dusun Bayu"
13,93050,"Taman Dusun Indah"
13,93050,"Taman Emas"
13,93050,"Taman Emas Jalan Depo"
13,93050,"Taman Fah Tah"
13,93050,"Taman Farhanas"
13,93050,"Taman Fitrah"
13,93050,"Taman Foong Joon"
13,93050,"Taman Gemilang, Jalan Matang"
13,93050,"Taman Gita Jaya"
13,93050,"Taman Grandview, Jalan Matang Batu 8"
13,93050,"Taman Green View"
13,93050,"Taman Haji Arshad Jalan Helang"
13,93050,"Taman Hamimas Jaya"
13,93050,"Taman Harmoni"
13,93050,"Taman Heng Guan"
13,93050,"Taman Heritage"
13,93050,"Taman Hijrah"
13,93050,"Taman Hillside"
13,93050,"Taman Hipni"
13,93050,"Taman Hussein"
13,93050,"Taman Ibni Hasyim"
13,93050,"Taman Ichi"
13,93050,"Taman Inai Jalan Matang Batu 2 1/2"
13,93050,"Taman Indah Fasa 1 - 2"
13,93050,"Taman Inspire"
13,93050,"Taman Juta Ria"
13,93050,"Taman Kandis"
13,93050,"Taman Kenanga"
13,93050,"Taman Kopidim"
13,93050,"Taman Kopodim,Jalan Matang"
13,93050,"Taman Kubah Jaya"
13,93050,"Taman Lake Side Jalan Sultan Tengah"
13,93050,"Taman Larender"
13,93050,"Taman Layang - Layang"
13,93050,"Taman Lebunda"
13,93050,"Taman Lee Ling"
13,93050,"Taman Long Seng"
13,93050,"Taman Madehi"
13,93050,"Taman Makmur"
13,93050,"Taman Malihah"
13,93050,"Taman Malihah Jaya"
13,93050,"Taman Mastura"
13,93050,"Taman Matang Avenue Jalan Matang"
13,93050,"Taman Matang Baru"
13,93050,"Taman Matang Height"
13,93050,"Taman Matang Indah Jalan Matang"
13,93050,"Taman Matang Jaya"
13,93050,"Taman Mawar"
13,93050,"Taman Melati"
13,93050,"Taman Monah"
13,93050,"Taman Muhibbah"
13,93050,"Taman Murni"
13,93050,"Taman Nestle Jalan Bakti"
13,93050,"Taman Norjesnita"
13,93050,"Taman Orchidwood"
13,93050,"Taman Palma Indah"
13,93050,"Taman Pandan Jaya"
13,93050,"Taman Peaceful"
13,93050,"Taman Pearl"
13,93050,"Taman Peony"
13,93050,"Taman PJ Heights"
13,93050,"Taman PRC"
13,93050,"Taman Puteri"
13,93050,"Taman Puteri (Phase 1 - 3)"
13,93050,"Taman Rafia"
13,93050,"Taman Rasa Jaya"
13,93050,"Taman Rasa Makmur"
13,93050,"Taman Rassnorm"
13,93050,"Taman Regent (Petra Jaya)"
13,93050,"Taman Riverview"
13,93050,"Taman Rose"
13,93050,"Taman Ruhaya"
13,93050,"Taman S.K. Liew, Jalan Batu Kawa - Matang"
13,93050,"Taman Sajoli"
13,93050,"Taman Salma"
13,93050,"Taman Sebah Height"
13,93050,"Taman Sejijak"
13,93050,"Taman Selasih Jalan Cenderawasih Lorong 1A"
13,93050,"Taman Semariang Aman"
13,93050,"Taman Sepakat Jaya"
13,93050,"Taman Sepawie"
13,93050,"Taman Seri Kandis"
13,93050,"Taman Seri Semerah Padi"
13,93050,"Taman Seri Sena"
13,93050,"Taman Seri Usang"
13,93050,"Taman Serira"
13,93050,"Taman Setia"
13,93050,"Taman Sheikh Ismail"
13,93050,"Taman Sinar Serapi"
13,93050,"Taman Sonia"
13,93050,"Taman Sourabaya Indah"
13,93050,"Taman Sri Jaya"
13,93050,"Taman Sri Makmur"
13,93050,"Taman Sri Malihah 2"
13,93050,"Taman Sri Matang"
13,93050,"Taman Sri Melaga"
13,93050,"Taman Sri Melati"
13,93050,"Taman Sri Perkasa"
13,93050,"Taman Sri Serapi"
13,93050,"Taman Sri Wangi"
13,93050,"Taman Sukma"
13,93050,"Taman Surabaya"
13,93050,"Taman Suria Jaya"
13,93050,"Taman Syn Syn"
13,93050,"Taman Tanjong"
13,93050,"Taman Tatai Kumang"
13,93050,"Taman Teratai"
13,93050,"Taman Trinora"
13,93050,"Taman Tupong Jaya"
13,93050,"Taman Unique"
13,93050,"Taman Wangi Indah Jalan Simpor"
13,93050,"Taman Wangsa"
13,93050,"Taman Wirajaya Jalan Bukit Siol"
13,93050,"Taman Won"
13,93050,"Taman Won Baru"
13,93050,"Taman Wummas"
13,93050,"Taman Yen Yen"
13,93050,"Taman Yen Yen Park Jalan Matang"
13,93050,"Tinggian Demak"
13,93050,"Tupong Jaya Jalan Merdeka"
13,93100,"Green Hill"
13,93100,"Jalan Abell"
13,93100,"Jalan Abell Utara"
13,93100,"Jalan Ang Cheng Ho"
13,93100,"Jalan Ban Hock"
13,93100,"Jalan Ban Hock Drive"
13,93100,"Jalan Blacksmith"
13,93100,"Jalan Borneo"
13,93100,"Jalan Bukit Mata"
13,93100,"Jalan Central Garden"
13,93100,"Jalan Chan Chin Ann"
13,93100,"Jalan Deshon"
13,93100,"Jalan Green Hill"
13,93100,"Jalan Mathies"
13,93100,"Jalan Nipah"
13,93100,"Jalan Padungan"
13,93100,"Jalan Padungan Utara"
13,93100,"Jalan Petanak"
13,93100,"Jalan Rumbia"
13,93100,"Jalan Song Kheng Hai"
13,93100,"Jalan Song Thian Cheok"
13,93100,"Jalan Sungai Padungan"
13,93100,"Jalan Tabuan (1 - 40)"
13,93100,"Jalan Temple"
13,93100,"Jalan Tukang Besi"
13,93100,"Jalan Tunku Abdul Rahman"
13,93100,"KMC Terrace House"
13,93100,"Padungan Arcade"
13,93100,"Persiaran Lucky"
13,93100,"Rumah Pangsa MPK"
13,93100,"Taman Central"
13,93100,"Taman Goodland"
13,93100,"Taman Kereta"
13,93100,"Taman Padungan"
13,93100,"Taman Song Kheng Hai"
13,93100,"Taman Sri Sarawak"
13,93100,"Wisma Pheonix"
13,93150,"Green Road"
13,93150,"Jalan Angsana"
13,93150,"Jalan Cross"
13,93150,"Jalan Emerald"
13,93150,"Jalan Gold Jade"
13,93150,"Jalan Green"
13,93150,"Jalan Intan"
13,93150,"Jalan Jambu"
13,93150,"Jalan Kapor"
13,93150,"Jalan Kapor Lorong 8"
13,93150,"Jalan Kepayang"
13,93150,"Jalan Keretapi"
13,93150,"Jalan Merdeka (Off Jalan Green)"
13,93150,"Jalan Ong Kee Hui"
13,93150,"Jalan Pisang Barat"
13,93150,"Jalan Poh Kwong Park"
13,93150,"Jalan Sungai Maong Baru"
13,93150,"Jalan Sungai Maong Hilir"
13,93150,"Jalan Sungai Maong Hulu"
13,93150,"Jalan Sungai Maong Tengah"
13,93150,"Jalan Swee Joo Park"
13,93150,"Kampung Sungai Maong"
13,93150,"Lebuh Sockalingam"
13,93150,"Lebuh Temple"
13,93150,"Lorong Bintang"
13,93150,"Lorong Bulan"
13,93150,"Lorong Chu Su"
13,93150,"Lorong Green 1"
13,93150,"Lorong Kim Kiat"
13,93150,"Lorong Kim Seng"
13,93150,"Lorong Maleng"
13,93150,"Lower Sungei Maong"
13,93150,"Persiaran Crooke"
13,93150,"Persiaran Rainbow"
13,93150,"Persiaran St Paul"
13,93150,"Sungai Maong Bharu"
13,93150,"Sungai Maong Hilir"
13,93150,"Sungai Maong Tengah"
13,93150,"Taman Begawut"
13,93150,"Taman Bigawa"
13,93150,"Taman Charming"
13,93150,"Taman Chin Siew"
13,93150,"Taman Chong Hin"
13,93150,"Taman Cloud"
13,93150,"Taman Eastern"
13,93150,"Taman Empire"
13,93150,"Taman Exceller"
13,93150,"Taman Federal"
13,93150,"Taman Flourishing"
13,93150,"Taman Hock Seng Lee"
13,93150,"Taman Hongnion"
13,93150,"Taman Hugrow"
13,93150,"Taman Kapor"
13,93150,"Taman Khee Moi"
13,93150,"Taman King Dom"
13,93150,"Taman KingBurg Home"
13,93150,"Taman Kok Ban Hong"
13,93150,"Taman Legendry Villa"
13,93150,"Taman Lian Kwong"
13,93150,"Taman Literature Villa"
13,93150,"Taman Luxus"
13,93150,"Taman Maong"
13,93150,"Taman May Ling"
13,93150,"Taman Mimpi"
13,93150,"Taman Pauline"
13,93150,"Taman Pigawa"
13,93150,"Taman Pisang"
13,93150,"Taman Poh Kwong"
13,93150,"Taman Prince"
13,93150,"Taman Regent (Sungai Maong Tengah)"
13,93150,"Taman Ros (Sungai Maong Tengah)"
13,93150,"Taman Ruby"
13,93150,"Taman Sentiasa"
13,93150,"Taman Sin Sin"
13,93150,"Taman Sky"
13,93150,"Taman Stapok Height"
13,93150,"Taman Star"
13,93150,"Taman Sungai Maong"
13,93150,"Taman Sunrise"
13,93150,"Taman Swee Joo"
13,93150,"Taman Wee & Wee"
13,93200,"Batu Lintang"
13,93200,"Halaman Kim San"
13,93200,"Jalan Bampfylde"
13,93200,"Jalan Batu Kinyang"
13,93200,"Jalan Batu Lintang"
13,93200,"Jalan Bidayuh"
13,93200,"Jalan Bisayah"
13,93200,"Jalan Bukit Antu"
13,93200,"Jalan Bukit Lintang"
13,93200,"Jalan Bukitan"
13,93200,"Jalan Chua Say Chat"
13,93200,"Jalan Datin Wee Siew Eng"
13,93200,"Jalan Datuk Hamdan"
13,93200,"Jalan Dusun"
13,93200,"Jalan Hua Joo"
13,93200,"Jalan Keretapi (Batu 3)"
13,93200,"Jalan Kolej"
13,93200,"Jalan Kumpang"
13,93200,"Jalan Lintang Park"
13,93200,"Jalan Lintang Selatan"
13,93200,"Jalan Lowlands"
13,93200,"Jalan Manggis"
13,93200,"Jalan Mendu"
13,93200,"Jalan Midland"
13,93200,"Jalan Midlands"
13,93200,"Jalan Nangka (Batu Lintang)"
13,93200,"Jalan Nyiur"
13,93200,"Jalan Ong Hup Leong"
13,93200,"Jalan Ong Tiang Swee"
13,93200,"Jalan Ridgeway"
13,93200,"Jalan Rock"
13,93200,"Jalan Rockview"
13,93200,"Jalan Simpang Tiga"
13,93200,"Jalan Tabuan (41 & ke atas)"
13,93200,"Jalan Tai Tshin Jar"
13,93200,"Jalan Thian Guan"
13,93200,"Jalan Tong Wei Tah"
13,93200,"Jalan Tun Ahmad Zaidi Adruce"
13,93200,"Jalan Wee Boon Ping"
13,93200,"Jalan Wee Seng Goon"
13,93200,"Kampung Simpang Tiga"
13,93200,"Kampung Simpang Tiga Jalan Mendu"
13,93200,"Kim San Court"
13,93200,"Laman Bong Chin"
13,93200,"Laman Rock"
13,93200,"Lintang Heights"
13,93200,"Lorong 1 - 3 Jalan Mendu"
13,93200,"Lorong Batu"
13,93200,"Lorong Batu Bata"
13,93200,"Lorong Karangan"
13,93200,"Lorong Kelikir"
13,93200,"Lorong Pasir"
13,93200,"Lorong Permata"
13,93200,"Lorong Rock"
13,93200,"Lorong Rock Terrace"
13,93200,"Lorong Tabuan"
13,93200,"Lorong Tabuan Timur"
13,93200,"Pasar Batu 3 Jalan Rock"
13,93200,"Pekan Batu 3"
13,93200,"Rock Terrace"
13,93200,"Sunny Estate"
13,93200,"Taman Acme"
13,93200,"Taman Bong Chin"
13,93200,"Taman Bunga Teratai (Batu Lintang)"
13,93200,"Taman Central (Jalan Rock)"
13,93200,"Taman Dunwa"
13,93200,"Taman Gan Swee Cho"
13,93200,"Taman Ho San"
13,93200,"Taman Hua Joo"
13,93200,"Taman Hwata"
13,93200,"Taman Intersar"
13,93200,"Taman Iris"
13,93200,"Taman Kelly"
13,93200,"Taman Kim San"
13,93200,"Taman Lintang"
13,93200,"Taman Liong Seng"
13,93200,"Taman Meng Meng"
13,93200,"Taman Merlin"
13,93200,"Taman Min Chu"
13,93200,"Taman Ong Guan Tee"
13,93200,"Taman Ridge"
13,93200,"Taman Rock View"
13,93200,"Taman Sentiasa"
13,93200,"Taman Sun Valley"
13,93200,"Taman Thian Guan"
13,93200,"Taman Timberland"
13,93200,"Taman Westwood"
13,93200,"Taman Wingli"
13,93200,"Third Miles Bazaar"
13,93250,"Batu Kawa Commercial Centre"
13,93250,"Industrial Area Jalan Kuching/Serian Batu 13"
13,93250,"Jalan Arang"
13,93250,"Jalan Arang Barat"
13,93250,"Jalan Batu Kawa"
13,93250,"Jalan Batu Kawa - Matang"
13,93250,"Jalan Batu Kawa Lorong 3"
13,93250,"Jalan Batu Kawa/ Tondong"
13,93250,"Jalan Batu Kawa/Bau"
13,93250,"Jalan Batu Kitang"
13,93250,"Jalan Bayan"
13,93250,"Jalan Bengang"
13,93250,"Jalan Benggang"
13,93250,"Jalan Bukit Cahaya"
13,93250,"Jalan Burung Bunga Api"
13,93250,"Jalan Burung Kawok"
13,93250,"Jalan Burung Landas"
13,93250,"Jalan Burung Lilin"
13,93250,"Jalan Burung Rawa"
13,93250,"Jalan Chaya Batu 3"
13,93250,"Jalan Chong Jing Chong"
13,93250,"Jalan Datok Tawi Sli"
13,93250,"Jalan Datuk Mustapha"
13,93250,"Jalan Datuk Stephen Yong"
13,93250,"Jalan Dogan"
13,93250,"Jalan Dogan Arang"
13,93250,"Jalan Embok Tanah"
13,93250,"Jalan Ensing"
13,93250,"Jalan Golden Farm"
13,93250,"Jalan Hup Kee"
13,93250,"Jalan Kampung Kuap Batu 10"
13,93250,"Jalan Kangking"
13,93250,"Jalan Kangkok"
13,93250,"Jalan Ketek"
13,93250,"Jalan Ketitir"
13,93250,"Jalan Kong Ping"
13,93250,"Jalan Kopua"
13,93250,"Jalan Kuching - Serian (Km 23)"
13,93250,"Jalan Kunchit"
13,93250,"Jalan Landeh"
13,93250,"Jalan Lapangan Terbang Lama"
13,93250,"Jalan Lapangan Terbang Lrg 2 Dan 4"
13,93250,"Jalan Meng Chong"
13,93250,"Jalan Minggi"
13,93250,"Jalan Penrissen (Km 6 - 24)"
13,93250,"Jalan Penrissen Lama"
13,93250,"Jalan Puncak Borneo Km. 18-20"
13,93250,"Jalan Semeba"
13,93250,"Jalan Semenggok"
13,93250,"Jalan Sg Tapang Batu 7 - 7 1/2th"
13,93250,"Jalan Stakan"
13,93250,"Jalan Stampin Tengah"
13,93250,"Jalan Stapok"
13,93250,"Jalan Stephen Kalong Ningkan"
13,93250,"Jalan Stephen Yong"
13,93250,"Jalan Tawi Seli"
13,93250,"Kampung Batu Kitang"
13,93250,"Kampung Bumbok"
13,93250,"Kampung Haji Baki"
13,93250,"Kampung Jawa"
13,93250,"Kampung Jawa Semenggok"
13,93250,"Kampung Sandong"
13,93250,"Kampung Segedup Jalan Segedup"
13,93250,"Kampung Semeba Jalan Semeba"
13,93250,"Kampung Seri Arjuna"
13,93250,"Kampung Sinar Budi"
13,93250,"Kampung Stapok"
13,93250,"Kampung Stapok Cina"
13,93250,"Kampung Tematu Jalan Batu Kitang"
13,93250,"Kampung Tematu, Jalan Batu Kitang"
13,93250,"Lapangan Terbang Antarabangsa Kuching"
13,93250,"Lorong 1 (Batu Kawa)"
13,93250,"Lorong 2 (Batu Kawa)"
13,93250,"Lorong 3 (Batu Kawa)"
13,93250,"MJC Apartment & Condo Jalan Batu Kawa"
13,93250,"MJC Commercial Centre Jalan Batu Kawa"
13,93250,"Pasar Batu 10 (Jalan Penrissen)"
13,93250,"Pasar Batu 7 (Jalan Penrissen)"
13,93250,"Pasar Batu Kitang"
13,93250,"Pasar Batu Kitang (Km 11)"
13,93250,"Pengkalan Baru"
13,93250,"Persiaran Kingsway"
13,93250,"Resettlement Scheme Kampung Jawa"
13,93250,"Resettlement Scheme Stapok"
13,93250,"Seventh Mile Bazaar"
13,93250,"Taman Ann Siang"
13,93250,"Taman Arang"
13,93250,"Taman Aromatic"
13,93250,"Taman Batu 12 Jalan Kuching/Serian Batu 12"
13,93250,"Taman Batu 9"
13,93250,"Taman Batu Kawa Heights"
13,93250,"Taman Beautiful Jalan Field Force"
13,93250,"Taman Beauty"
13,93250,"Taman Bengoh"
13,93250,"Taman Berjaya"
13,93250,"Taman Berjaya Jalan Kalong Ningkan"
13,93250,"Taman BJ"
13,93250,"Taman Blessed Jalan Stapok Utara"
13,93250,"Taman Bolder Built"
13,93250,"Taman Brilliance"
13,93250,"Taman Budi Jasa"
13,93250,"Taman Buditra Jaya"
13,93250,"Taman Bukit Stampin"
13,93250,"Taman Bumiko"
13,93250,"Taman Capital"
13,93250,"Taman Carina Estate"
13,93250,"Taman Cavery Jalan Kuching/Serian Batu 12"
13,93250,"Taman Chai Yii"
13,93250,"Taman Chia Teng Chew"
13,93250,"Taman Chong"
13,93250,"Taman Chong Kong"
13,93250,"Taman Chuan Liaw Jalan Stakan Batu 7 1/2"
13,93250,"Taman Chung Nion"
13,93250,"Taman Cinmuk"
13,93250,"Taman Contemporary"
13,93250,"Taman Coral"
13,93250,"Taman Country Hill"
13,93250,"Taman Country Vale"
13,93250,"Taman Cuaca"
13,93250,"Taman Damansara"
13,93250,"Taman Desa Moyan"
13,93250,"Taman Desa Wira"
13,93250,"Taman Dogan Jalan Dogan"
13,93250,"Taman East Height"
13,93250,"Taman Eden Field"
13,93250,"Taman Eligen Villa Jalan Stapok Utara"
13,93250,"Taman Emas"
13,93250,"Taman Everbright Estate (Batu Kawa)"
13,93250,"Taman Everbright Park"
13,93250,"Taman Fairview Height"
13,93250,"Taman Fairyland Jalan Kuching/Serian Batu 12"
13,93250,"Taman Flora Indah Jalan Arang"
13,93250,"Taman Fook Nyen"
13,93250,"Taman Fuyi"
13,93250,"Taman Genesis"
13,93250,"Taman GoldenView Jalan Puncak Borneo"
13,93250,"Taman Grace"
13,93250,"Taman Green Heights"
13,93250,"Taman Green Ville"
13,93250,"Taman Greenhill"
13,93250,"Taman Greenland Villa"
13,93250,"Taman Greenvilla"
13,93250,"Taman Greenwood Park"
13,93250,"Taman Haji Baki"
13,93250,"Taman HDC (RPR Batu 12)"
13,93250,"Taman HDC (RPR Batu Kawa)"
13,93250,"Taman High Field Jalan Batu Kawa"
13,93250,"Taman Hin Yu"
13,93250,"Taman Hock Nion"
13,93250,"Taman Hoi Lee"
13,93250,"Taman Home Mart"
13,93250,"Taman Home Park"
13,93250,"Taman Hong Hong"
13,93250,"Taman Hong Leong"
13,93250,"Taman How Ching"
13,93250,"Taman Hua Ling"
13,93250,"Taman Hua Yan"
13,93250,"Taman Iddylick"
13,93250,"Taman Indah Height"
13,93250,"Taman Indah Jaya"
13,93250,"Taman Indah Landeh"
13,93250,"Taman Indah Ria"
13,93250,"Taman Ing Ling Jalan Kuching/Serian Batu 12"
13,93250,"Taman Inspire"
13,93250,"Taman Janting"
13,93250,"Taman Kalien Ph. 1 - 6 Jalan Stakan Batu 7 1/2"
13,93250,"Taman Ketika"
13,93250,"Taman Khua Hua"
13,93250,"Taman Kim Lee"
13,93250,"Taman Kim Lee Jalan Semaba Lorong 9"
13,93250,"Taman Kim Pang"
13,93250,"Taman Kit Fah"
13,93250,"Taman Kong Ping"
13,93250,"Taman Kong Ping Height"
13,93250,"Taman Kota Padawan"
13,93250,"Taman Kuap"
13,93250,"Taman Kwong Tiong"
13,93250,"Taman Lai - Lai"
13,93250,"Taman Landeh"
13,93250,"Taman Lee Onn"
13,93250,"Taman Lian Hua"
13,93250,"Taman Lian Kwang"
13,93250,"Taman Lilok"
13,93250,"Taman Lok Thiam"
13,93250,"Taman Lovely Land"
13,93250,"Taman Lucky Hill Jalan Penrissen Batu 10"
13,93250,"Taman Lung Foo"
13,93250,"Taman Mawar (Jalan Arang)"
13,93250,"Taman Megajuta"
13,93250,"Taman Mei Lee"
13,93250,"Taman Metro"
13,93250,"Taman Mewah"
13,93250,"Taman Millinium"
13,93250,"Taman MJC Mutiara"
13,93250,"Taman Moyan Height"
13,93250,"Taman Moyan Utama"
13,93250,"Taman Mulbery"
13,93250,"Taman Nam Hoi"
13,93250,"Taman Nan Chi"
13,93250,"Taman Olive"
13,93250,"Taman Orchid (Jalan Arang Bara)"
13,93250,"Taman Paradise"
13,93250,"Taman Parkview"
13,93250,"Taman Pearl"
13,93250,"Taman Pek Seng"
13,93250,"Taman Penrissen"
13,93250,"Taman Phoenix"
13,93250,"Taman Princess"
13,93250,"Taman Punica"
13,93250,"Taman Putera Park"
13,93250,"Taman Ramin Jalan Arang"
13,93250,"Taman Range"
13,93250,"Taman Regal"
13,93250,"Taman Renggas Estate"
13,93250,"Taman Richmond Hill"
13,93250,"Taman Rimba Stapok"
13,93250,"Taman Royal"
13,93250,"Taman Saidu Khan"
13,93250,"Taman Sakura Indah"
13,93250,"Taman San Chin"
13,93250,"Taman Sarmax"
13,93250,"Taman Sasa"
13,93250,"Taman Sati"
13,93250,"Taman Sedegup Height"
13,93250,"Taman Semaba Jalan Semaba Lorong 8"
13,93250,"Taman Seng Goon"
13,93250,"Taman Sentosa"
13,93250,"Taman Seri Emas"
13,93250,"Taman Shefford View"
13,93250,"Taman Shing Yu"
13,93250,"Taman Siwi"
13,93250,"Taman Spring Field"
13,93250,"Taman Sri Borneo"
13,93250,"Taman Sri Cahaya"
13,93250,"Taman Sri Moyan"
13,93250,"Taman Sri Muhibbah"
13,93250,"Taman Sri Segedup"
13,93250,"Taman Stapok"
13,93250,"Taman Stapok Avenue Jalan Stapok"
13,93250,"Taman Stapok Central Jalan Stapok Central"
13,93250,"Taman Stapok Estate Jalan Stapok Selatan"
13,93250,"Taman Stapok Height Jalan Stapok Selatan"
13,93250,"Taman Stapok Height Jalan stapok Utara"
13,93250,"Taman STC"
13,93250,"Taman Stella"
13,93250,"Taman Stephen Yong Avenue"
13,93250,"Taman Summerhill Villa Jalan Stapok Selatan"
13,93250,"Taman Sunny Heights"
13,93250,"Taman Sunny Hill"
13,93250,"Taman Sunyeh"
13,93250,"Taman Taipei"
13,93250,"Taman Tiang Ling"
13,93250,"Taman TJM"
13,93250,"Taman Tropimas"
13,93250,"Taman Ultra"
13,93250,"Taman Union"
13,93250,"Taman Victoria"
13,93250,"Taman Victoria Jalan Satpok Utama"
13,93250,"Taman Victory"
13,93250,"Taman Wai Leong"
13,93250,"Taman Wawasan"
13,93250,"Taman WEC"
13,93250,"Taman Wepac"
13,93250,"Taman Wui Lee"
13,93250,"Taman Xafa Jalan Penrissen Batu 7 1/2"
13,93250,"Tenth Mile Bazaar"
13,93300,"Jalan Berjaya"
13,93300,"Jalan Cahaya"
13,93300,"Jalan Central Barat"
13,93300,"Jalan Central Esat/Ellis"
13,93300,"Jalan Central Timur"
13,93300,"Jalan Chawan"
13,93300,"Jalan Chawan Hulu"
13,93300,"Jalan Chong Kiun Kong"
13,93300,"Jalan Datuk Bandar"
13,93300,"Jalan Datuk Sim Kheng Hong"
13,93300,"Jalan Ellis"
13,93300,"Jalan Foochow 1"
13,93300,"Jalan Foochow 2"
13,93300,"Jalan Foochow Barat"
13,93300,"Jalan Kuek Siok Hong"
13,93300,"Jalan Ming Ching"
13,93300,"Jalan Nyatoh"
13,93300,"Jalan Parklane"
13,93300,"Jalan Penyau"
13,93300,"Jalan Rengas"
13,93300,"Jalan Resak"
13,93300,"Jalan Sekama"
13,93300,"Jalan Sekama Utara"
13,93300,"Jalan Sekama/Pending"
13,93300,"Jalan Sinar"
13,93300,"Jalan Suadi Haji Arshad"
13,93300,"Jalan Tai Poo"
13,93300,"Jalan Upper Chawan"
13,93300,"Jalan Wan Abdul Rahman"
13,93300,"Kampung Tabuan Foochow Jalan Foochow No. 1"
13,93300,"Kuching By pass (Foochow)"
13,93300,"Lebuh Sekama"
13,93300,"Lorong Goh Meng Teck"
13,93300,"Lorong Park"
13,93300,"Sekama Utara"
13,93300,"Tabuan Ulu Chawan Cina"
13,93300,"Taman Chung Hua"
13,93300,"Taman Dirgahayu"
13,93300,"Taman Fushing"
13,93300,"Taman Futee"
13,93300,"Taman Hawaii"
13,93300,"Taman Joo Chuan (Jalan Ellis)"
13,93300,"Taman Kali"
13,93300,"Taman Kenyalang"
13,93300,"Taman Kim Fook"
13,93300,"Taman Kuching"
13,93300,"Taman Lein Kun"
13,93300,"Taman Mei Teck"
13,93300,"Taman Orchid Jalan Foochow No. 1"
13,93300,"Taman Pecky"
13,93300,"Taman Poh Hua"
13,93300,"Taman Poh Ming"
13,93300,"Taman Sin Juak"
13,93300,"Taman Sung Hong"
13,93300,"Taman Supreme"
13,93300,"Taman Tabuan Supreme"
13,93300,"Taman Three Hill"
13,93300,"Taman Tungshi"
13,93300,"Taman Yung Kong"
13,93350,"Happy Valley"
13,93350,"Hui Sing Heights"
13,93350,"Jalan Bayor Bukit"
13,93350,"Jalan Bintangor"
13,93350,"Jalan Durian Burong"
13,93350,"Jalan Geronggang"
13,93350,"Jalan Hui Sing"
13,93350,"Jalan Jelutong"
13,93350,"Jalan Kedandi 11"
13,93350,"Jalan Kedandi 14"
13,93350,"Jalan Kempas"
13,93350,"Jalan Kenny Hill"
13,93350,"Jalan Keranji 1 - 6"
13,93350,"Jalan Kruak"
13,93350,"Jalan Laksamana Cheng Ho"
13,93350,"Jalan Luis"
13,93350,"Jalan Muara Tabuan"
13,93350,"Jalan Murut"
13,93350,"Jalan Seladah"
13,93350,"Jalan Setia Raja"
13,93350,"Jalan Sherip Mansor"
13,93350,"Jalan Simpang Tiga (Main Road)"
13,93350,"Jalan Song"
13,93350,"Jalan Stampin"
13,93350,"Jalan Stampin Barat"
13,93350,"Jalan Stampin Timur"
13,93350,"Jalan Stutong Indah"
13,93350,"Jalan Stutong Jaya"
13,93350,"Jalan Tabuan Dayak"
13,93350,"Jalan Tabuan Jaya"
13,93350,"Jalan Temenggong Jugah"
13,93350,"Jalan Tun Jugah"
13,93350,"Jalan Upland"
13,93350,"Jalan Urat Mata"
13,93350,"Jalan Wan Alwi"
13,93350,"Jalan Wan Alwi Tunku Ibrahim"
13,93350,"Kampung Stampin"
13,93350,"Kampung Tabuan Dayak"
13,93350,"Kampung Tabuan Jaya"
13,93350,"Kuching By pass (Km 7)"
13,93350,"Kuching By pass Stampin"
13,93350,"Lorong Wan Alwi 5"
13,93350,"Muara Tabuan Industrial Free Zone"
13,93350,"Resettlement Schme Stutong"
13,93350,"Samajaya Appartment, Jalan Setia Raja"
13,93350,"Samajaya Comercial Centre, Jalan Setia Raja"
13,93350,"Stutong Affordable Scheme (Phase 1 - 2)"
13,93350,"Tabuan Court Jalan Song"
13,93350,"Tabuan Dayak"
13,93350,"Tabuan Dusun"
13,93350,"Tabuan Dusun Tengah"
13,93350,"Tabuan Heights"
13,93350,"Tabuan Jaya"
13,93350,"Tabuan Jaya Tengah"
13,93350,"Tabuan Lalang"
13,93350,"Tabuan Stutong Jalan Setia Raja"
13,93350,"Taman 7th Avenue Jalan Durian Burung"
13,93350,"Taman Bahagia, Jalan Stampin"
13,93350,"Taman Bayang"
13,93350,"Taman Bayang Estate"
13,93350,"Taman BDC"
13,93350,"Taman BDC Stampin"
13,93350,"Taman Beverly Heights"
13,93350,"Taman Bintang"
13,93350,"Taman Casamarbela"
13,93350,"Taman Cemerlang"
13,93350,"Taman Centurion 1"
13,93350,"Taman Centurion 2"
13,93350,"Taman Cinta Avenue"
13,93350,"Taman Daya"
13,93350,"Taman Desa Indah"
13,93350,"Taman Desa Utara"
13,93350,"Taman Durian Burung Jalan Durian Burung"
13,93350,"Taman Esco Ville"
13,93350,"Taman Everbright Jaya"
13,93350,"Taman Fortune"
13,93350,"Taman Gan Swee"
13,93350,"Taman Gawing"
13,93350,"Taman Golden Height Lorong Hui Sing 6"
13,93350,"Taman Happy Valley"
13,93350,"Taman Hartawan"
13,93350,"Taman Height Estate Jalan Stutong"
13,93350,"Taman Height Estate, Jalan Stutong"
13,93350,"Taman Hua Lee"
13,93350,"Taman Hui Sing"
13,93350,"Taman Hui Sing Close"
13,93350,"Taman Hui Sing Height"
13,93350,"Taman Hui Sing Jaya"
13,93350,"Taman Jade Villa Jalan Lapangan Terbang 5"
13,93350,"Taman Jelita"
13,93350,"Taman Julemas"
13,93350,"Taman Jupit"
13,93350,"Taman Kenny"
13,93350,"Taman Kenny Hill"
13,93350,"Taman Lee Ling ( Song)"
13,93350,"Taman Legend Hill"
13,93350,"Taman Linang"
13,93350,"Taman Linang Suboh"
13,93350,"Taman Mabel"
13,93350,"Taman Major"
13,93350,"Taman Marble"
13,93350,"Taman Meranja"
13,93350,"Taman Mersing"
13,93350,"Taman Million, Jalan Kempas"
13,93350,"Taman Muara Tabuan"
13,93350,"Taman Mutiara Permai"
13,93350,"Taman Opulence"
13,93350,"Taman Orchard"
13,93350,"Taman Pelita Height Jalan BDC"
13,93350,"Taman Phoning"
13,93350,"Taman Pinery Villa"
13,93350,"Taman Polarwood Lorong 5H5"
13,93350,"Taman Progress"
13,93350,"Taman Rosewood"
13,93350,"Taman Satria Jaya"
13,93350,"Taman Scenery Villa"
13,93350,"Taman Sherip Mansor"
13,93350,"Taman Sin Hai Min"
13,93350,"Taman Sin Hai Min 1"
13,93350,"Taman Sin Hai Min 2"
13,93350,"Taman Sri Stutong Jalan Setia Raja"
13,93350,"Taman Stampin Barat"
13,93350,"Taman Stampin Heights"
13,93350,"Taman Stutong Avenue"
13,93350,"Taman Suboh"
13,93350,"Taman Swee Lee"
13,93350,"Taman Tabuan Desa"
13,93350,"Taman Tabuan Dusun"
13,93350,"Taman Tabuan Height Boulevard, Jalan Stutong"
13,93350,"Taman Tabuan Height Drive, Jalan Stutong"
13,93350,"Taman Tabuan Jaya"
13,93350,"Taman Tabuan Jaya 1 & 2"
13,93350,"Taman Tabuan Laru"
13,93350,"Taman Woodland"
13,93350,"Taman Yet Ho"
13,93350,"Uplands (Deret Kedai)"
13,93400,"Jalan Abang Ateh"
13,93400,"Jalan Abong Taip"
13,93400,"Jalan Bintangor Besar"
13,93400,"Jalan Bintangor Kecil"
13,93400,"Jalan Bolhassan"
13,93400,"Jalan Dagok Barat"
13,93400,"Jalan Dagok Tengah"
13,93400,"Jalan Dagok Timur"
13,93400,"Jalan Datuk Ajibah Abol"
13,93400,"Jalan Haji Bolhassan"
13,93400,"Jalan Haji Kassan"
13,93400,"Jalan Haji Mataim"
13,93400,"Jalan Haji Mustapa Junit"
13,93400,"Jalan Haji Taha"
13,93400,"Jalan Jawa"
13,93400,"Jalan Kulas"
13,93400,"Jalan Kulas Barat"
13,93400,"Jalan Kulas Tengah"
13,93400,"Jalan Kulas Timur"
13,93400,"Jalan Kulas Utara Dua"
13,93400,"Jalan Laruh Barat"
13,93400,"Jalan Laruh Tengah"
13,93400,"Jalan Laruh Timur"
13,93400,"Jalan Masjid"
13,93400,"Jalan Medan Temple"
13,93400,"Jalan Middle"
13,93400,"Jalan Muda Hashim"
13,93400,"Jalan Muhibbah"
13,93400,"Jalan Nagor"
13,93400,"Jalan Nanas"
13,93400,"Jalan Nanas Barat"
13,93400,"Jalan Ong Guan Poh"
13,93400,"Jalan P. Ramlee"
13,93400,"Jalan Paduka Sitom"
13,93400,"Jalan Palm"
13,93400,"Jalan Parit Lama"
13,93400,"Jalan Parit Lama Barat"
13,93400,"Jalan Parit Lama Tengah"
13,93400,"Jalan Patingan"
13,93400,"Jalan Patinggi Ali"
13,93400,"Jalan Pisang"
13,93400,"Jalan Pisang Selatan"
13,93400,"Jalan Pisang Utara"
13,93400,"Jalan Rambutan"
13,93400,"Jalan Rubber"
13,93400,"Jalan Rubber Barat"
13,93400,"Jalan Satok"
13,93400,"Jalan Satok - Pisang"
13,93400,"Jalan Tanjong Selatan"
13,93400,"Jalan Tanjung"
13,93400,"Jalan Tengah"
13,93400,"Kampung Bandarshah"
13,93400,"Kampung Bintangor"
13,93400,"Kampung Kudei"
13,93400,"Kampung Kudei Rubber"
13,93400,"Kampung Kudei Tengah"
13,93400,"Kampung Masjid Jalan Datuk Ajibah Abol"
13,93400,Satok
13,93400,"Taman Diamond"
13,93400,"Taman Evergreen"
13,93400,"Taman Fair Park Jalan Nanas"
13,93400,"Taman Friendship"
13,93400,"Taman Happy"
13,93400,"Taman Hong Kong"
13,93400,"Taman Intan Jalan Nanas Barat"
13,93400,"Taman Kiaw Ann"
13,93400,"Taman Nanas"
13,93400,"Taman Ong Guan Poh Jalan Green"
13,93400,"Taman Ong Soon"
13,93400,"Taman San San"
13,93400,"Taman Sin Lian Hin"
13,93400,"Taman Yen Jalan Nanas Barat"
13,93400,"Wisma Satok"
13,93450,"Bintawa Village"
13,93450,"Jalan Abdul Rahim"
13,93450,"Jalan Belian (Bintawa)"
13,93450,"Jalan Bengkel"
13,93450,"Jalan Bintawa"
13,93450,"Jalan Bintawa Tengah"
13,93450,"Jalan Buruh"
13,93450,"Jalan Cement Raya"
13,93450,"Jalan Datuk Sim Kheng Hong Wharf"
13,93450,"Jalan Datuk Wee Kheng Chiang"
13,93450,"Jalan Datuk William Tan"
13,93450,"Jalan Daya"
13,93450,"Jalan Dermaga"
13,93450,"Jalan Eng Ai"
13,93450,"Jalan Gedung"
13,93450,"Jalan Gubah"
13,93450,"Jalan Jentera"
13,93450,"Jalan Keluli"
13,93450,"Jalan Kemajuan"
13,93450,"Jalan Keruing"
13,93450,"Jalan Kilang"
13,93450,"Jalan Kisar"
13,93450,"Jalan Kwong Lee Bank"
13,93450,"Jalan Lentor"
13,93450,"Jalan Loji"
13,93450,"Jalan Lumba Kuda"
13,93450,"Jalan Lumba Kuda Lorong 5"
13,93450,"Jalan Meranti"
13,93450,"Jalan Merbau"
13,93450,"Jalan Merican"
13,93450,"Jalan Mersawa"
13,93450,"Jalan Noakes (1 & 2)"
13,93450,"Jalan Pangkalan"
13,93450,"Jalan Peace"
13,93450,"Jalan Pelabuhan"
13,93450,"Jalan Pending"
13,93450,"Jalan Pending / Sekama"
13,93450,"Jalan Pending Lama"
13,93450,"Jalan Perbadanan"
13,93450,"Jalan Perdana"
13,93450,"Jalan Peteri"
13,93450,"Jalan Pinang"
13,93450,"Jalan Sebor"
13,93450,"Jalan Selangan Batu"
13,93450,"Jalan Semangat"
13,93450,"Jalan Semen Raya"
13,93450,"Jalan Sentang"
13,93450,"Jalan Sungai Apong"
13,93450,"Jalan Sungai Biawak"
13,93450,"Jalan Sungai Periok"
13,93450,"Jalan Sungai Sekama"
13,93450,"Jalan Swasta"
13,93450,"Jalan Tambatan"
13,93450,"Jalan Tekad"
13,93450,"Jalan Tenaga"
13,93450,"Jalan Tenun"
13,93450,"Jalan Three Hill"
13,93450,"Jalan Tun Abdul Rahim"
13,93450,"Jalan Tun Razak"
13,93450,"Jalan Utama"
13,93450,"Jalan William Tan"
13,93450,"Kampung Nelayan Bintawa"
13,93450,"Kampung Sungai Apong"
13,93450,"Kampung Sungai Periok"
13,93450,"Kampung Tabuan (Lot No 3)"
13,93450,"Kampung Tabuan Hilir"
13,93450,"Kampung Tabuan Hilir Seberang Sungai"
13,93450,"Kampung Tabuan Lot"
13,93450,"Kampung Tabuan Tengah"
13,93450,"Kampung Tabuan Tengah Seberang Sungai"
13,93450,"Kampung Tabuan Ulu"
13,93450,"Kawasan Perindustrian Bintawa"
13,93450,"Lebuh Chan Bee Kiew"
13,93450,"Muara Tuang Industrial Zon"
13,93450,Pending
13,93450,"Pending Heights"
13,93450,"Persiaran Kong Ming"
13,93450,"Persiaran Poh Ming"
13,93450,"Taman Arbi"
13,93450,"Taman Henghua"
13,93450,"Taman Kong Ann"
13,93450,"Taman Kong Ming"
13,93450,"Taman Mee Teck"
13,93450,"Taman Pending Height"
13,93450,"Taman River View"
13,93450,"Taman Tabuan Park"
13,93500,"TYT Yang Di Pertua Negeri Sarawak"
13,93502,"YAB Ketua Menteri Sarawak"
13,93503,"Setiausaha Kerajaan Negeri"
13,93504,"Biro Bantuan Guaman"
13,93505,"Biro Pengaduan Awam"
13,93506,"Jabatan Kehakiman / Mahkamah Tinggi"
13,93507,"Pusat Latihan Perkhidmatan Awam (Intan)"
13,93508,"Amanah Raya Berhad"
13,93514,"Jabatan Perangkaan"
13,93516,"Jabatan Pemegang Harta"
13,93517,"Jabatan Perpaduan Negara"
13,93518,"Jabatan Audit Negeri"
13,93519,"Majlis Agama Islam Sarawak"
13,93520,"Suruhanjaya Perkhidmatan Awam"
13,93520,"Suruhanjaya Perkhidmatan Awam Persekutuan"
13,93527,"Unit Pemodenan & Tenaga Manusia"
13,93529,"Unit Penyelidikan Sosio Ekonomi"
13,93532,"Jabatan Sumber Manusia"
13,93540,"Jabatan Tenaga Rakyat"
13,93550,"Jabatan Imigresen"
13,93551,"Jabatan Pendaftaran Negara"
13,93552,"Jabatan Pendaftar Pertubuhan"
13,93554,"Percetakan Nasional Berhad"
13,93556,"Jabatan Pertahanan Awam"
13,93558,"Jabatan Penjara"
13,93560,"Ketua Polis Negeri"
13,93564,"Jabatan Kebajikan Masyarakat"
13,93566,"Muzium Negeri Sarawak"
13,93570,"Jabatan Belia Dan Sukan"
13,93572,"Perpustakaan Awam Negeri"
13,93576,"Jabatan Tanah Dan Galian"
13,93578,"Jabatan Ukur & Pemetaan"
13,93582,"Jabatan Kerja Raya"
13,93586,"Hospital Kuching"
13,93590,"Jabatan Kesihatan"
13,93592,"Pegawai Kewangan Negeri"
13,93592,"Pegawai Kewangan Persekutuan"
13,93594,"Akauntan Negeri"
13,93596,"Jabatan Kastam & Eksais Di Raja"
13,93600,"Lembaga Hasil Dalam Negeri"
13,93604,"Jabatan Pendidikan"
13,93606,"Jabatan Kemajuan Masyarakat (Kemas)"
13,93608,"Jabatan Pembangunan Koperasi"
13,93609,"Pejabat Mara Negeri"
13,93610,"Bahagian Pelesenan - Kementerian Penerangan"
13,93612,"Jabatan Penerangan"
13,93614,"Jabatan Penyiaran"
13,93618,"Jabatan Penerbangan Awam"
13,93619,"Jabatan Laut"
13,93620,"Jabatan Pengangkutan Jalan"
13,93626,"Jabatan Pengairan Dan Saliran"
13,93628,"Jabatan Perikanan"
13,93632,"Jabatan Pertanian"
13,93634,"Kementerian Pertahanan Sarawak"
13,93648,"Jabatan Bomba & Penyelamat"
13,93658,"Jabatan Kajibumi"
13,93660,"Jabatan Perhutanan"
13,93661,"Padi & Beras Nasional (Bernas)"
13,93662,"Jabatan Kajicuaca"
13,93670,"Pos Malaysia Berhad"
13,93672,"Telekom Malaysia Berhad"
13,93677,"Penrissen Kem"
13,93690,"Suruhanjaya Pilihanraya Negeri"
13,93694,"Jabatan Kebudayaan Dan Kesenian"
13,93700,"Kuching - Peti Surat  (1 - 11)"
13,93700,"Kuching - Peti Surat  (13 - 150)"
13,93702,"Kuching - Peti Surat  (151 - 250)"
13,93704,"Kuching - Peti Surat  (251 - 350)"
13,93706,"Kuching - Peti Surat  (351 - 399)"
13,93708,"Kuching - Peti Surat  (401 - 450)"
13,93710,"Kuching - Peti Surat  (451 - 481)"
13,93710,"Kuching - Peti Surat  (483 - 544)"
13,93710,"Kuching - Peti Surat  (546 - 550)"
13,93712,"Kuching - Peti Surat  (551 - 638)"
13,93712,"Kuching - Peti Surat  (640 - 650)"
13,93714,"Kuching - Peti Surat  (651 - 750)"
13,93716,"Kuching - Peti Surat  (751 - 850)"
13,93718,"Kuching - Peti Surat  (851 - 950)"
13,93720,"Kuching - Peti Surat  (951 - 1050)"
13,93722,"Kuching - Peti Surat  (1051 - 1147)"
13,93722,"Kuching - Peti Surat  (1149 - 1150)"
13,93724,"Kuching - Peti Surat  (1151 - 1250)"
13,93726,"Kuching - Peti Surat  (1251 - 1257)"
13,93726,"Kuching - Peti Surat  (1259 - 1350)"
13,93728,"Kuching - Peti Surat  (1351 - 1432)"
13,93728,"Kuching - Peti Surat  (1434 - 1450)"
13,93730,"Kuching - Peti Surat  (1451 - 1550)"
13,93732,"Kuching - Peti Surat  (1551 - 1650)"
13,93734,"Kuching - Peti Surat  (1651 - 1652)"
13,93734,"Kuching - Peti Surat  (1654 - 1750)"
13,93736,"Kuching - Peti Surat  (1751 - 1850)"
13,93738,"Kuching - Peti Surat  (1851 - 1950)"
13,93740,"Kuching - Peti Surat  (1951 - 2050)"
13,93742,"Kuching - Peti Surat  (2051 - 2150)"
13,93744,"Kuching - Peti Surat  (2151 - 2250)"
13,93746,"Kuching - Peti Surat  (2251 - 2350)"
13,93748,"Kuching - Peti Surat  (2351 - 2500)"
13,93750,"Kuching - Peti Surat  (2501 - 2600)"
13,93752,"Kuching - Peti Surat  (2601 - 2700)"
13,93754,"Kuching - Peti Surat  (2701 - 2840)"
13,93756,"Kuching - Peti Surat  (2841 - 2930)"
13,93758,"Kuching - Peti Surat  (2931 - 3040)"
13,93760,"Kuching - Peti Surat  (3041 - 3140)"
13,93762,"Kuching - Peti Surat  (3141 - 3240)"
13,93764,"Kuching - Peti Surat  (3241 & ke atas)"
13,93900,"Kuching - Peti Surat  12"
13,93902,"Kuching - Peti Surat  400"
13,93904,"Kuching - Peti Surat  482"
13,93906,"Kuching - Peti Surat  545"
13,93908,"Kuching - Peti Surat  639"
13,93910,"Kuching - Peti Surat  1148"
13,93912,"Kuching - Peti Surat  1258"
13,93914,"Kuching - Peti Surat  1433"
13,93916,"Kuching - Peti Surat  1653"
13,93990,"Kuching - Beg Berkunci"
13,94000,Bau
13,94000,"Bau Lama"
13,94000,Buso
13,94000,"Jalan Black Smith"
13,94000,"Jalan Bungalow"
13,94000,"Jalan Datuk Temenggong Salau"
13,94000,"Jalan Emas"
13,94000,"Jalan Johari Sunchar"
13,94000,"Jalan Lee Khoi Choon"
13,94000,"Jalan Lee Nyan Foo"
13,94000,"Jalan Ong Guan Cheng"
13,94000,"Jalan Penghulu Durin"
13,94000,"Jalan Selamat"
13,94000,Jambusan
13,94000,"Kampung Batu Spit"
13,94000,"Kampung Bidi"
13,94000,"Kampung Bogag"
13,94000,"Kampung Boring"
13,94000,"Kampung Buan"
13,94000,"Kampung Duyoh"
13,94000,"Kampung Grogo"
13,94000,"Kampung Jugan"
13,94000,"Kampung Kandis Baru"
13,94000,"Kampung Kandis Lama"
13,94000,"Kampung Keranji"
13,94000,"Kampung Kopit"
13,94000,"Kampung Lidah Tanah"
13,94000,"Kampung Masjid"
13,94000,"Kampung Melayu"
13,94000,"Kampung Merembeh"
13,94000,"Kampung Opar"
13,94000,"Kampung Pangkalan"
13,94000,"Kampung Pejiru"
13,94000,"Kampung Pengkalan Tebang"
13,94000,"Kampung Peninjau Baru"
13,94000,"Kampung Peninjau Lama"
13,94000,"Kampung Pinet"
13,94000,"Kampung Podam"
13,94000,"Kampung Puak"
13,94000,"Kampung Rabak Rotan"
13,94000,"Kampung Rumih"
13,94000,"Kampung Sebobok"
13,94000,"Kampung Sebuluh"
13,94000,"Kampung Sega"
13,94000,"Kampung Segubang"
13,94000,"Kampung Serasot"
13,94000,"Kampung Serikin"
13,94000,"Kampung Seromah"
13,94000,"Kampung Seropak"
13,94000,"Kampung Skiat Baru"
13,94000,"Kampung Skiat Lama"
13,94000,"Kampung Skibang"
13,94000,"Kampung Skio"
13,94000,"Kampung Sogoh"
13,94000,"Kampung Stass"
13,94000,"Kampung Stenggang"
13,94000,"Kampung Suba Bandar"
13,94000,"Kampung Suba Bau"
13,94000,"Kampung Suba Buan"
13,94000,"Kampung Sungai Pinang"
13,94000,"Kampung Tembawang"
13,94000,"Kampung Tringgus"
13,94000,Krian
13,94000,Krokong
13,94000,Paku
13,94000,Samchien
13,94000,Sebuku
13,94000,Seringgok
13,94000,Siniawan
13,94000,Taiton
13,94000,"Taman Dayu"
13,94000,"Taman Limbang"
13,94000,"Taman Mutiara"
13,94000,"Tanjong Batu"
13,94000,"Tanjong Durian"
13,94000,"Tasik Biru"
13,94000,Tondong
13,94007,"Bau - Peti Surat"
13,94009,"Bau - Beg Berkunci"
13,94200,"Batu 15 Jalan Kuching Serian"
13,94200,Beratok
13,94200,"Kampung Endap"
13,94200,"Kampung Siburan"
13,94200,"Kampung Sungai Duuh"
13,94200,Siburan
13,94200,Tapah
13,94300,"Jalan Muara Tuang (Hingga Km 3)"
13,94300,"Kampung Ampila"
13,94300,"Kampung Bajo"
13,94300,"Kampung Baru Samarahan"
13,94300,"Kampung Lubok Mata"
13,94300,"Kampung Mangka"
13,94300,"Kampung Mata Parang"
13,94300,"Kampung Melayu"
13,94300,"Kampung Meranik"
13,94300,"Kampung Merdang Lumut"
13,94300,"Kampung Merdang Lumut Jalan Datuk Mohd Musa"
13,94300,"Kampung Muara Tuang"
13,94300,"Kampung Niup"
13,94300,"Kampung Pengkalan Kuap Jalan Datuk Mohd Musa"
13,94300,"Kampung Pinang"
13,94300,"Kampung Plaie"
13,94300,"Kampung Rambus"
13,94300,"Kampung Semawang"
13,94300,"Kampung Sindang"
13,94300,"Kampung Sungai Mata"
13,94300,"Kampung Tanjung Bundung"
13,94300,"Kampung Tanjung Parang"
13,94300,"Kampung Tanjung Tuang"
13,94300,"Kota Samarahan"
13,94300,"Taman Mustafa Jalan Datok Mohd Musa"
13,94300,"UiTM Cawangan Sarawak Jalan Meranek"
13,94500,"Jalan Blacksmith"
13,94500,"Kampung Baru"
13,94500,"Kampung Begak"
13,94500,"Kampung Biawak"
13,94500,"Kampung Dagang"
13,94500,"Kampung Gerunggang"
13,94500,"Kampung Klaoh"
13,94500,"Kampung Perundang"
13,94500,"Kampung Prian"
13,94500,"Kampung Sebandi Matang"
13,94500,"Kampung Sebemban"
13,94500,"Kampung Sekambal"
13,94500,"Kampung Seketi"
13,94500,"Kampung Selampit"
13,94500,"Kampung Seling Dayak"
13,94500,"Kampung Seling Melayu"
13,94500,"Kampung Sembawang"
13,94500,"Kampung Sempadi"
13,94500,"Kampung Semunin"
13,94500,"Kampung Senibong"
13,94500,"Kampung Serayan"
13,94500,"Kampung Siar"
13,94500,"Kampung Sileng Dayak"
13,94500,"Kampung Sileng Melayu"
13,94500,"Kampung Stunggang Dayak"
13,94500,"Kampung Stunggang Melayu"
13,94500,"Kampung Sungai Lundu"
13,94500,"Kampung Temelan"
13,94500,Lundu
13,94500,Sematan
13,94500,"Tanjung Datuk"
13,94507,"Lundu - Peti Surat"
13,94509,"Lundu - Beg Berkunci"
13,94600,Asajaya
13,94600,"Asajaya Bakong"
13,94600,"Asajaya Laut"
13,94600,"Asajaya Ulu"
13,94600,"Kampung Iboi"
13,94600,"Kampung Jaie"
13,94600,"Kampung Jemukan"
13,94600,"Kampung Moyan"
13,94600,"Kampung Pelandok"
13,94600,"Kampung Rangawan"
13,94600,"Kampung Rebak"
13,94600,"Kampung Sambir"
13,94600,"Kampung Sampun Gerunggang"
13,94600,"Kampung Sebandi Hilir"
13,94600,"Kampung Sebandi Matang"
13,94600,"Kampung Sebandi Ulu"
13,94600,"Kampung Semera"
13,94600,"Kampung Senangeh"
13,94600,"Kampung Serpan Laut"
13,94600,"Kampung Serpan Parit Ulu"
13,94600,"Kampung Sungai Buluh"
13,94600,"Kampung Sungai Putin"
13,94600,"Kampung Tambirat"
13,94600,"Kampung Tanjung Apong"
13,94600,"Kampung Tanjung Kelaso"
13,94600,"Kampung Tembirat"
13,94600,"Kampung Terasi"
13,94600,Pendam
13,94600,"Sadong Jaya"
13,94650,Kabong
13,94650,"Kampung Alit"
13,94650,"Kampung Hilir"
13,94650,"Kampung Hulu"
13,94700,"Jalan Serian - Sri Aman (Batu 68)"
13,94700,"Jalan Serian - Sri Aman (Km 109)"
13,94700,"Kampung Benat"
13,94700,"Kampung Bintawa"
13,94700,"Kampung Cina"
13,94700,"Kampung Gedong"
13,94700,"Kampung Gumpey Gedong"
13,94700,"Kampung Jerok"
13,94700,"Kampung Kakai"
13,94700,"Kampung Lalang Gedong"
13,94700,"Kampung Munggu Limo"
13,94700,"Kampung Nyelitak"
13,94700,"Kampung Pancur"
13,94700,"Kampung Rasau"
13,94700,"Kampung Sambal Apeng"
13,94700,"Kampung Sambal Kruin"
13,94700,"Kampung Serian Hilir & Hulu"
13,94700,"Kampung Simpang Simunjan"
13,94700,"Kampung Slabi"
13,94700,"Kampung Spaoh Gedong"
13,94700,"Kampung Sungai Pinang"
13,94700,"Kampung Sungai Rawa"
13,94700,"Kampung Tanah Putih"
13,94700,"Kampung Tangga"
13,94700,"Kampung Telagus"
13,94700,"Kampung Terbat"
13,94700,Kedup
13,94700,Serian
13,94700,Tarat
13,94707,"Serian - Peti Surat"
13,94709,"Serian - Beg Berkunci"
13,94750,"Bunan Gega"
13,94750,"Kampung Krusen"
13,94750,"Kampung Pichin"
13,94750,"Kampung Tebakang Dayak"
13,94750,"Kampung Tebakang Melayu"
13,94750,"Muara Mongkos"
13,94750,Tebakang
13,94760,Tebedu
13,94800,"Gunung Ngeli"
13,94800,"Kampung Kelaka"
13,94800,"Kampung Lintang"
13,94800,"Kampung Lubuk Punggor"
13,94800,"Kampung Munggu Air"
13,94800,"Kampung Munggu Bejit"
13,94800,"Kampung Nanas"
13,94800,"Kampung Regelam"
13,94800,"Kampung Sageng"
13,94800,"Kampung Sedilo"
13,94800,"Kampung Tenggelam"
13,94800,"Munggu Bejit"
13,94800,Sebangan
13,94800,Simunjan
13,94807,"Simunjan - Peti Surat"
13,94809,"Simunjan - Beg Berkunci"
13,94850,"Jalan Sawmill"
13,94850,"Kampung Baru"
13,94850,"Kampung Hulu"
13,94850,"Kampung Jeragan"
13,94850,"Kampung Kelait"
13,94850,"Kampung Lunying"
13,94850,"Kampung Mamba"
13,94850,"Kampung Masjid"
13,94850,"Kampung Raba"
13,94850,"Kampung Tanjong"
13,94850,"Kampung Tebelu"
13,94850,"Kampung Tuba"
13,94850,Sebuyau
13,94900,Banting
13,94900,"Kampung Lingga"
13,94900,"Kampung Semulong Ulu"
13,94900,Lingga
13,94900,"Semulong Ulu"
13,94950,"Kampung Beladin"
13,94950,"Kampung Hilir"
13,94950,"Kampung Hulu"
13,94950,"Kampung Tengah"
13,94950,"Kampung Triso"
13,94950,Maludam
13,94950,Pusa
13,95000,Bakong
13,95000,"Batu Lintang"
13,95000,"Batu Lintang Ulu Undop"
13,95000,"Beting Maro"
13,95000,"Bukit Begunan"
13,95000,"Jalan Bayu"
13,95000,"Jalan Belimbing"
13,95000,"Jalan Berjaya"
13,95000,"Jalan Brayun"
13,95000,"Jalan Council"
13,95000,"Jalan Datuk Tawi Sli"
13,95000,"Jalan Datus"
13,95000,"Jalan Durian"
13,95000,"Jalan Foochow"
13,95000,"Jalan Glumba"
13,95000,"Jalan Hap Sing"
13,95000,"Jalan Hollis"
13,95000,"Jalan Hospital"
13,95000,"Jalan Hujung Brayun"
13,95000,"Jalan Hup Chung"
13,95000,"Jalan Kampung Baru"
13,95000,"Jalan Kampung Sri Wangi"
13,95000,"Jalan Kejatau"
13,95000,"Jalan Kelab"
13,95000,"Jalan Laden"
13,95000,"Jalan Litak"
13,95000,"Jalan Market"
13,95000,"Jalan Micheal Pilo"
13,95000,"Jalan Muhibbah"
13,95000,"Jalan Ningkan"
13,95000,"Jalan Padri"
13,95000,"Jalan Pasir Panas"
13,95000,"Jalan Pasir Panas Hoping"
13,95000,"Jalan Paya"
13,95000,"Jalan Ping Ping"
13,95000,"Jalan Resak"
13,95000,"Jalan Residensi"
13,95000,"Jalan Sabu"
13,95000,"Jalan Sau Hui"
13,95000,"Jalan Sembau"
13,95000,"Jalan Stawang"
13,95000,"Jalan Tapang"
13,95000,"Jalan Tini"
13,95000,"Kampung Baru"
13,95000,"Kampung Baru Stumbin"
13,95000,"Kampung Hilir"
13,95000,"Kampung Hulu"
13,95000,"Kampung Lemanak"
13,95000,"Kampung Muhibbah"
13,95000,"Kampung Sabu"
13,95000,"Kampung Seri Wangni"
13,95000,"Kampung STC"
13,95000,"Kampung Tengah"
13,95000,"Kampung Teratai"
13,95000,Lachau
13,95000,Melugu
13,95000,Pantu
13,95000,"Rumah Gilan"
13,95000,Selepong
13,95000,Sembau
13,95000,Simanggang
13,95000,"Sri Aman"
13,95000,Stumbin
13,95000,"Sungai Tenggang"
13,95000,"Taman Azba"
13,95000,"Taman Bayu"
13,95000,"Taman Bestari"
13,95000,"Taman Crystal"
13,95000,"Taman Desa Indah"
13,95000,"Taman Foochow"
13,95000,"Taman Gamang Height"
13,95000,"Taman Green Height"
13,95000,"Taman Hoover Height"
13,95000,"Taman King"
13,95000,"Taman Kurniawan Ph.1-3"
13,95000,"Taman Loon Coon"
13,95000,"Taman Mayfair"
13,95000,"Taman Norita"
13,95000,"Taman Padri"
13,95000,"Taman Pasir Panas Ph.1-2"
13,95000,"Taman Sabu"
13,95000,"Taman Sagam"
13,95000,"Taman Siang"
13,95000,"Taman Sing Sing"
13,95000,"Taman Sri Gamang"
13,95000,"Taman Sri Jaya"
13,95000,"Taman Sri Mewah"
13,95000,"Taman Tiara"
13,95000,"Taman Vistaro"
13,95000,"Taman Wawasan"
13,95000,"Tanjung Bijat"
13,95000,"Ulu Undop"
13,95007,"Sri Aman - Peti Surat  (1 - 200)"
13,95008,"Sri Aman - Peti Surat  (201 & ke atas)"
13,95009,"Sri Aman - Beg Berkunci"
13,95300,Brayang
13,95300,"Jalan Mundu"
13,95300,"Jalan Panjang"
13,95300,"Jalan Sabit"
13,95300,"Kampung Sabit"
13,95300,"Lichok Seblak"
13,95300,Roban
13,95300,"Rumah Admond Kombong"
13,95300,"Rumah Daud"
13,95300,"Rumah Enggah"
13,95300,"Rumah Entusan"
13,95300,"Rumah Indu"
13,95300,"Rumah Jenang"
13,95300,"Rumah Kunchi"
13,95300,"Rumah Latit"
13,95300,"Rumah Nait"
13,95300,"Rumah Raming Metong"
13,95300,"Rumah Ramping"
13,95300,"Rumah Saing"
13,95300,"Rumah Sungka"
13,95400,Engkudu
13,95400,"Kaki Wong"
13,95400,Kalaka
13,95400,"Kampung Disso Hilir"
13,95400,"Kampung Disso Hulu"
13,95400,"Kampung Kaba"
13,95400,"Kampung Krupok"
13,95400,"Kampung Kupang"
13,95400,"Kampung Lubok Renit Hilir"
13,95400,"Kampung Masjid"
13,95400,"Kampung Melanggo Baru"
13,95400,"Kampung Melanggo Lama"
13,95400,"Kampung Ng Malong"
13,95400,Krangan
13,95400,Krian
13,95400,"Lubuk Kepayang"
13,95400,"Nanga Atoi"
13,95400,"Nanga Budu"
13,95400,Saratok
13,95400,"Simpang Tiga Sungai Barangan"
13,95400,"Taman Metro Park"
13,95400,"Taman Miniata"
13,95400,"Taman Muhibbah"
13,95400,"Taman Seroja Indah"
13,95400,"Wong Limat"
13,95407,"Saratok - Peti Surat"
13,95409,"Saratok - Beg Berkunci"
13,95500,Debak
13,95500,"Kampung Babu"
13,95500,"Kampung Bungey"
13,95500,"Kampung Debak Laut"
13,95500,"Kampung Lalang"
13,95500,"Kampung Tuie"
13,95500,Saribas
13,95600,"Kampung Bungin"
13,95600,"Kampung Hilir"
13,95600,Penom
13,95600,"Rumah Jali Ng Bangkit"
13,95600,Spaoh
13,95700,Betong
13,95700,"Kampung Entanak"
13,95700,"Kampung Hilir"
13,95700,"Kampung Lempaong"
13,95700,"Kampung Masjid"
13,95700,"Kampung Tengah"
13,95700,"Layar Bridge"
13,95700,"Nanga Spak"
13,95700,Skrang
13,95707,"Betong - Peti Surat"
13,95709,"Betong - Beg Berkunci"
13,95800,Engkilili
13,95800,"Kampung Melayu"
13,95900,"Batang Ai"
13,95900,"Kampung Kutai"
13,95900,"Kampung Melayu"
13,95900,"Lubuk Antu"
13,95900,Merindun
13,95900,"Nanga Mepi"
13,96000,Aup
13,96000,"Batang Lasa"
13,96000,"Bawang Assan"
13,96000,"Bukit Asek"
13,96000,"Bukit Lan"
13,96000,Dudong
13,96000,Durin
13,96000,Engkalat
13,96000,Engkio
13,96000,Ensurai
13,96000,"Kampung Bahagia Jaya"
13,96000,"Kampung Banyok"
13,96000,"Kampung Bungan"
13,96000,"Kampung Igan"
13,96000,"Kampung Jeriah Baru"
13,96000,"Kampung Sawai Dalat"
13,96000,"Kampung Usaha Jaya"
13,96000,"Kampung Usaha Jaya Baru"
13,96000,Lengan
13,96000,Menyan
13,96000,Naman
13,96000,"Nanga Baoh"
13,96000,"Nanga Paloh"
13,96000,"Nanga Tamin"
13,96000,"Nanga Tepus Balingian"
13,96000,Nangka
13,96000,Paradom
13,96000,"Pasai Siong"
13,96000,"Pasar Stapang"
13,96000,Passin
13,96000,Pelawan
13,96000,Penasu
13,96000,"Pulai Kerto"
13,96000,"Rajang Park"
13,96000,"Rantau Panjang"
13,96000,Rassau
13,96000,Salim
13,96000,Sekuau
13,96000,Selangau
13,96000,Sengan
13,96000,Sibintik
13,96000,Sibu
13,96000,Singat
13,96000,Stabau
13,96000,"Sungai Bidut"
13,96000,"Sungai Dasan"
13,96000,"Sungai Empawah"
13,96000,"Sungai Maaw"
13,96000,"Sungai Nibong"
13,96000,"Sungai Pak"
13,96000,"Sungai Salim"
13,96000,"Sungai Saoit"
13,96000,"Sungai Teku"
13,96000,"Sungai Telian"
13,96000,"Taman Crystal"
13,96000,"Taman Damai"
13,96000,"Taman Grands Heights"
13,96000,"Taman Harmoni"
13,96000,"Taman Kenari"
13,96000,"Taman Mutiara"
13,96000,"Taman Paramount"
13,96000,"Taman Pulau Li Hua"
13,96000,"Taman Rajang"
13,96000,"Taman Shan Shui"
13,96000,"Taman Siti Nurbaya"
13,96000,"Taman Soon Hup"
13,96000,"Taman Swan"
13,96000,"Taman Wawasan"
13,96000,"Tanjung Kunyit"
13,96000,"Tanjung Pan"
13,96000,"Teluk Bango"
13,96000,"Teluk Selalo"
13,96000,"Tung Nam Poh"
13,96000,"Ulu Lanang"
13,96007,"Sibu - Peti Surat  (1 - 750)"
13,96008,"Sibu - Peti Surat  (751 & ke atas)"
13,96009,"Sibu - Beg Berkunci"
13,96100,Jakar
13,96100,"Pakan (Sarikei)"
13,96100,Paloh
13,96100,Repok
13,96100,Sarikei
13,96100,Selalang
13,96100,"Sungai Petai"
13,96107,"Sarikei - Peti Surat 1 - 300"
13,96108,"Sarikei - Peti Surat 301 & ke atas"
13,96109,"Sarikei - Beg Berkunci"
13,96150,Belawai
13,96150,"Kampung Baru"
13,96150,"Kampung Darat"
13,96150,"Kampung Jerijeh Baru"
13,96150,"Kampung Masjid Lama"
13,96150,"Kampung Rejang"
13,96150,"Kampung Tengah"
13,96150,"Kampung Tepi Laut"
13,96150,"Tanjung Manis"
13,96200,"Batang Lasak"
13,96200,Bericakong
13,96200,Betanak
13,96200,Daro
13,96200,"Jalan Bina"
13,96200,"Jalan Central"
13,96200,"Jalan Itol"
13,96200,"Kampung Bawang"
13,96200,"Kampung Bruit"
13,96200,"Kampung Kelian"
13,96200,"Kampung Nan San"
13,96200,"Kampung Nangar"
13,96200,"Kampung Paloh"
13,96200,"Kampung Penakong"
13,96200,"Kampung Penuai"
13,96200,"Kampung Penyipah"
13,96200,"Kampung Saai"
13,96200,"Kampung Sawai"
13,96200,"Kampung Sebakau"
13,96200,"Kampung Sebenak"
13,96200,"Kampung Sedeo"
13,96200,"Kampung Serdeng"
13,96200,"Kampung Tebaang"
13,96200,"Kampung Tekajong"
13,96200,"Kampung Tikajong"
13,96200,"Kampung Ulu Daro"
13,96200,Kelian
13,96200,Mupong
13,96200,"Naga Kecil"
13,96200,"Ng. Semah"
13,96200,"Salah Kecil/Besar"
13,96250,"Kampung Dagang"
13,96250,"Kampung Jemoreng"
13,96250,"Kampung Kuala Matu"
13,96250,"Kampung Muut"
13,96250,"Kampung Pasar Baru"
13,96250,"Kampung Pasar Lama"
13,96250,"Kampung Pergau"
13,96250,"Kampung Sekaan Besar"
13,96250,"Kampung Sekaan Kecil"
13,96250,"Kampung Serakat"
13,96250,"Kampung Tering"
13,96250,"Kampung Tian"
13,96250,Matu
13,96250,"Telok Gelam"
13,96300,Dalat
13,96300,"Kampung Balan"
13,96300,"Kampung Baru"
13,96300,"Kampung Baru Cina"
13,96300,"Kampung Brunei"
13,96300,"Kampung Dalat Seberang"
13,96300,"Kampung Hilir"
13,96300,"Kampung Kekan"
13,96300,"Kampung Klid"
13,96300,"Kampung Medong"
13,96300,"Kampung Narub"
13,96300,"Kampung Sua"
13,96300,"Kampung Sungai Anak"
13,96300,"Kampung Sungai Kut Muara"
13,96300,"Kampung Sungai Kut Tengah"
13,96300,"Kampung Sungai Ud"
13,96300,"Kampung Tanam"
13,96300,"Kampung Tengah"
13,96300,"Kampung The"
13,96300,"Sungai Kut"
13,96307,"Dalat - Peti Surat"
13,96309,"Dalat - Beg Berkunci"
13,96350,Balingian
13,96350,"Kampung Baru"
13,96350,"Kampung Lintang"
13,96350,"Kampung Masjid"
13,96350,"Kampung Pulat"
13,96350,"Kampung Suyong"
13,96350,"Kuala Balingian"
13,96400,"Kampung Badengan"
13,96400,"Kampung Boyan"
13,96400,"Kampung Bunut"
13,96400,"Kampung Datu"
13,96400,"Kampung Jebungan"
13,96400,"Kampung Judan"
13,96400,"Kampung Litong"
13,96400,"Kampung Penakub Permai"
13,96400,"Kampung Penakub Ulu"
13,96400,"Kampung Penipah"
13,96400,"Kampung Petanak"
13,96400,"Kampung Pewat"
13,96400,"Kampung Pinang"
13,96400,"Kampung Sau"
13,96400,"Kampung Seri Tellian"
13,96400,"Kampung Sesok"
13,96400,"Kampung Sungai Alo"
13,96400,"Kampung Sungai Ragei"
13,96400,"Kampung Teh"
13,96400,"Kampung Tellian Daya"
13,96400,"Kampung Tellian Jaya"
13,96400,"Kampung Tutus Ulu"
13,96400,Mukah
13,96400,"Nanga Kenyana"
13,96400,"Nanga Selangau"
13,96400,"Nanga Sikat"
13,96400,"Nanga Taroh"
13,96400,"Taman Boulevard"
13,96400,"Taman Ching Ching"
13,96400,"Taman Hong Leong"
13,96400,"Taman King Sun"
13,96400,"Taman Kubang Jaya"
13,96400,"Taman Li Hua"
13,96400,"Taman Muhibbah"
13,96400,"Taman Pelita (1 - 4)"
13,96400,"Taman Yun Seng"
13,96410,Oya
13,96500,Bakong
13,96500,Bintangor
13,96500,"Kampung Penasu"
13,96500,"Kampung Semop"
13,96500,Mador
13,96500,Meradong
13,96500,"Nanga Semah"
13,96500,Narasit
13,96500,"Rumah Mura"
13,96500,"Sungai Strass"
13,96500,"Tanjong Genting"
13,96500,Tulai
13,96500,"Ulu Strass"
13,96507,"Bintangor - Peti Surat  (1 - 140)"
13,96508,"Bintangor - Peti Surat  (141 & ke atas)"
13,96509,"Bintangor - Beg Berkunci"
13,96600,Julau
13,96600,"Nanga Ensiring"
13,96600,"Nanga Entabai"
13,96600,"Nanga Meluan"
13,96700,"Kampung Hilir"
13,96700,"Kampung Masjid"
13,96700,Kanowit
13,96700,"Nanga Dap"
13,96700,"Nanga Jagau"
13,96700,"Nanga Machan"
13,96700,"Nanga Manggut"
13,96700,"Nanga Ngemah"
13,96700,"Nanga Tada"
13,96707,"Kanowit - Peti Surat"
13,96709,"Kanowit - Beg Berkunci"
13,96800,Baleh
13,96800,"Nanga Mujong"
13,96800,"Nanga Merit"
13,96800,"Nanga Gaat"
13,96800,"Nanga Bena"
13,96800,Kapit
13,96800,"Kampung Bleteh"
13,96800,"Kampung Baru"
13,96800,"Jalan Abang Suhaili"
13,96800,Pelagus
13,96807,"Kapit - Peti Surat"
13,96809,"Kapit - Beg Berkunci"
13,96850,Song
13,96850,"Nanga Bena"
13,96850,"Nanga Bangkit"
13,96850,Katibas
13,96850,"Kampung Gelam"
13,96850,"Kampung Cina"
13,96900,"Long Segaham"
13,96900,"Long Busang"
13,96900,"Long Bah"
13,96900,"Long Amo"
13,96900,"Kampung Melayu"
13,96900,Belaga
13,96900,"Batu Keling"
13,96950,"Kampung Long Nayan"
13,96950,"Kampung Uma Badeng"
13,96950,"Kampung Uma Bakah"
13,96950,"Kampung Uma Balui Liko"
13,96950,"Kampung Uma Balui Ukap"
13,96950,"Kampung Uma Bawang"
13,96950,"Kampung Long Bangan"
13,96950,"Jabatan Tenaga Kerja "
13,96950,"Jabatan Pertanian"
13,96950,"Jabatan Pendaftaran"
13,96950,"Jabatan Kerja Raya (Waterboard)"
13,96950,"Tuai Rumah Sing"
13,96950,"Sekolah Menengah Kebangsaan Sungai Asap"
13,96950,"Kampung Uma Juman"
13,96950,"Kampung Uma Belur"
13,96950,"Kampung Uma Daro"
13,96950,"Kampung Uma Kelab"
13,96950,"Sekolah Kebangsaan Long Gang"
13,96950,"Sekolah Kebangsaan Batu Keling"
13,96950,"Sarawak Energy Bhd"
13,96950,"Rumah Nyaring"
13,96950,"Pejabat Pos Sungai Asap"
13,96950,"Pejabat Daerah Kecil Sungai Asap"
13,96950,"Majlis Daerah Kecil Sungai Asap"
13,96950,"Klinik Kesihatan"
13,96950,"Kampung Uma Ukit"
13,96950,"Kampung Uma Penan"
13,96950,"Kampung Uma Lesong"
13,96950,"Kampung Uma Lahanan"
13,96950,"Kampung Uma Kulit"
13,96950,"Sekolah Kebangsaan Sambop"
13,97000,Kemena
13,97000,"Kampung Masjid"
13,97000,"Kampung Tepak"
13,97000,"Kampung Jepak"
13,97000,"Kampung Dato"
13,97000,"Kampung Dagang"
13,97000,"Kampung Baru"
13,97000,Bintulu
13,97000,"Abang Galau"
13,97000,"Universiti Pertanian Bintulu"
13,97000,"Kampung Sinong"
13,97000,"Kampung Sibiew"
13,97007,"Bintulu - Peti Surat  (1 - 300)"
13,97008,"Bintulu - Peti Surat  (301 - 1500)"
13,97009,"Bintulu - Beg Berkunci"
13,97010,"Bintulu - Peti Surat  (1501 - 2000)"
13,97011,"Bintulu - Peti Surat (2001 - 2500)"
13,97012,"Bintulu - Peti Surat (2501 - 3000)"
13,97013,"Bintulu - Peti Surat (3001 - 3500)"
13,97014,"Bintulu - Peti Surat (3501 - 4000)"
13,97015,"Bintulu - Peti Surat (4001 & ke atas)"
13,97100,"Kampung Hilir"
13,97100,"Kampung Masjid"
13,97100,Sebauh
13,97100,Labang
13,97100,Pandan
13,97100,Tubau
13,97200,"Kampung Dagang"
13,97200,Kakus
13,97200,"Kampung Kuala Tatau"
13,97200,"Nanga Tau"
13,97200,"Kuala Tatau Bazaar"
13,97200,Tatau
13,97200,"Sangan Bazaar"
13,97300,"Tanjung Kidurong"
13,98000,"Ladang Tiga"
13,98000,"Kampung Tuanku Abdul Rahman"
13,98000,Beluru
13,98000,"Sungai Rait"
13,98000,Senadin
13,98000,Piasau
13,98000,Morsjaya
13,98000,Miri
13,98000,Lambir
13,98000,"Kampung Kuala Baram"
13,98000,Dasing
13,98000,"Jalan Miri - Bintulu (Batu 26)"
13,98000,"Kampung Bakam"
13,98000,"Kuala Baram"
13,98007,"Miri - Peti Surat 1 - 750"
13,98008,"Miri - Peti Surat 751 & ke atas"
13,98009,"Miri - Beg Berkunci"
13,98050,"Golden Hill (Jalan Hii Nguon Song)"
13,98050,Bario
13,98050,Baram
13,98050,"Kampung Padang Kerbau"
13,98050,"Sungai Jaong"
13,98050,"Jalan Kapitan Lim Ching Kiat"
13,98050,"Jalan Setia"
13,98050,Marudi
13,98050,"RC Mission (Jalan Tem. Dato Oyong Lawai Jau)"
13,98050,"Lubuk Nibong"
13,98050,"Taman Dah Yuh (Jalan Temenggong Gau Jau)"
13,98050,"Telang Usan"
13,98050,"Long Teru"
13,98050,"Kampung Permindahan (Jalan Muhibah) P1 & P2"
13,98050,"Long Seridan"
13,98050,"Kampung Baru (Jalan Dato Tuanku Abdul Rahman)"
13,98050,"Kampung Dagang"
13,98050,"Kampung Narum"
13,98050,"Long Akah"
13,98050,"Long Atip"
13,98050,"Long Lellang"
13,98057,"Baram - Peti Surat  1 - 100"
13,98058,"Baram - Peti Surat  101 & ke atas"
13,98059,"Baram - Beg Berkunci"
13,98100,Lutong
13,98107,"Lutong - Peti Surat"
13,98109,"Lutong - Beg Berkunci"
13,98150,"Kampung Sebalik"
13,98150,"Kampung Kuala Sibuti"
13,98150,"Kampung Menjelin"
13,98150,"Kampung Mutap"
13,98150,"Kampung Subak"
13,98150,"Kampung Sinop"
13,98150,"Kampung Sepurau"
13,98150,"Kampung Selanyau"
13,98150,"Kampung Ranca-Ranca"
13,98150,"Kampung Kuala Bakar"
13,98150,"Kampung Keluru"
13,98150,"Kampung Kelulit"
13,98150,Bekenu
13,98150,"Kampung Bekenu"
13,98150,"Kampung Bulau"
13,98150,"Kampung Bungai"
13,98150,"Kampung Jangalas"
13,98150,"Kampung Kayu Kapur"
13,98150,"Kampung Kejapil"
13,98150,"Kampung Satap"
13,98157,"Bekenu - Peti Surat"
13,98159,"Bekenu - Beg Berkunci"
13,98200,"Kampung Sepupok"
13,98200,"Sungai Sekerat"
13,98200,"Batu Niah"
13,98200,"Kampung Dagang"
13,98200,"Kampung Masjid"
13,98200,Niah
13,98200,"Rumah Sawing"
13,98300,"Long Lama"
13,98300,"Lang Laput"
13,98300,"Kampung Sungai Dua"
13,98300,"Long Miri"
13,98300,"Long Pilah"
13,98300,"Kampung Sri Kenawan"
13,98300,"Jalan 7 mile Round"
13,98700,"Kampung Tuna"
13,98700,"Kampung Ukong"
13,98700,"Kampung Ulak"
13,98700,"Kampung Uma Bawang"
13,98700,Kubong
13,98700,Limbang
13,98700,Pandaruan
13,98700,Penganan
13,98700,"Taman Batu Biah"
13,98700,"Taman Batu Keramat Jalan Kubong"
13,98700,"Kampung Tendungan"
13,98700,"Kampung Temiang"
13,98700,"Kampung Sembiling"
13,98700,"Kampung Sigantang"
13,98700,"Kampung Sungai Poyan"
13,98700,"Kampung Tababang"
13,98700,"Kampung Tabahan"
13,98700,"Kampung Tanjong"
13,98700,"Kampung Tanjong Darat"
13,98700,"Kampung Tanjong Rimau"
13,98700,"Kampung Tanjong Ungar"
13,98700,"Kampung Tedungan"
13,98700,"Kampung Telabak"
13,98700,"Taman Bunga Simpor Jalan Pekeliling"
13,98700,"Taman Cahaya"
13,98700,"Taman Piramid Jalan Kubong"
13,98700,"Taman Poyan Jaya Jalan Kubong"
13,98700,"Taman Pulo Bunga Jalan Kubong"
13,98700,"Taman Riverway Park Jalan Kubong"
13,98700,"Taman Sentosa"
13,98700,"Taman St. Edmund Jalan Kubong"
13,98700,"Taman Star Jalan Kubong"
13,98700,"Taman Sungai Kaban Jalan Kubong"
13,98700,"Taman Tasek Mas Jalan Kubong"
13,98700,Ukong
13,98700,"Taman Pertama Jalan Kubong"
13,98700,"Taman Nyuk Lian"
13,98700,"Taman Desa Pabahanan"
13,98700,"Taman Haji Mohidin Jalan Pandaruan"
13,98700,"Taman Happy Jalan Kubong"
13,98700,"Taman Hen Yii Jalan Batu Biah"
13,98700,"Taman Indah Jalan Pekeliling"
13,98700,"Taman International Jalan Pandaruan"
13,98700,"Taman Jayitek"
13,98700,"Taman Kaban Jalan Kubong"
13,98700,"Taman Lucky Jalan Kubong"
13,98700,"Taman Ming Hock Jalan Batu Biah"
13,98700,"Taman Lik Hin Jalan Pekeliling"
13,98700,"Kampung Sebukang"
13,98700,"Jalan Bangkita"
13,98700,"Kampung Baru Kuala Berawan"
13,98700,"Kampung Batu 2 1/2"
13,98700,"Kampung Batu Bekarang"
13,98700,"Kampung Batu Berawan"
13,98700,"Kampung Batu Danau"
13,98700,"Kampung Batu Kerang"
13,98700,"Kampung Belading"
13,98700,"Kampung Belimbing"
13,98700,"Kampung Benuas"
13,98700,"Jalan Wong Tsap Tsen"
13,98700,"Kampung Bidang"
13,98700,"Kampung Binjai"
13,98700,"Kampung Buang Siol"
13,98700,"Kampung Buangabai"
13,98700,"Kampung Bukit Kota"
13,98700,"Kampung Bukit Luba"
13,98700,"Kampung Buluh Balui"
13,98700,"Kampung Baru"
13,98700,"Kampung Bangkuati"
13,98700,"Kampung Bangkita"
13,98700,"Jalan Buangsiol"
13,98700,"Jalan Cempaka Utara"
13,98700,"Jalan Kubong"
13,98700,"Jalan Kubu"
13,98700,"Jalan Maybank"
13,98700,"Jalan Merdeka"
13,98700,"Jalan Muhibbah"
13,98700,"Jalan Pandaruan"
13,98700,"Jalan Pegong"
13,98700,"Jalan Rickettes"
13,98700,"Jalan Tarap"
13,98700,"Jalan Wayang"
13,98700,"Kampung Agong Tua"
13,98700,"Kampung Anak Bukit"
13,98700,"Kampung Anak Tuno"
13,98700,"Kampung Bakol"
13,98700,"Kampung Bambangan"
13,98700,"Kampung Bumbun"
13,98700,"Kampung Bunga Raya"
13,98700,"Kampung Cempaka"
13,98700,"Kampung Meritam"
13,98700,"Kampung Nauran"
13,98700,"Kampung Pabahanan"
13,98700,"Kampung Pahlawan"
13,98700,"Kampung Pandak"
13,98700,"Kampung Patiambun"
13,98700,"Kampung Paya Mengeliong"
13,98700,"Kampung Pekan Gurah"
13,98700,"Kampung Merasan"
13,98700,"Kampung Lubok Bidai"
13,98700,"Kampung Lubok Lasa"
13,98700,"Kampung Lubok Pangie"
13,98700,"Kampung Lubok Piasau"
13,98700,"Kampung Limpaki"
13,98700,"Kampung Malagangai"
13,98700,"Kampung Masjid"
13,98700,"Kampung Medait"
13,98700,"Kampung Mengatai"
13,98700,"Kampung Pekan Jawa"
13,98700,"Kampung Lembuak"
13,98700,"Kampung Gadong"
13,98700,"Kampung Gumaya"
13,98700,"Kampung Imok"
13,98700,"Kampung Indok"
13,98700,"Kampung Ipai"
13,98700,"Kampung Kelapa Mawar"
13,98700,"Kampung Kuala Awang"
13,98700,"Kampung Pelita (LCDA)"
13,98700,"Kampung Sayong"
13,98700,"Kampung Sangkar"
13,98700,"Kampung Pekan Madang"
13,98700,"Kampung Pemukat"
13,98700,"Kampung Penapak"
13,98700,"Kampung Pendam"
13,98700,"Kampung Petiambun"
13,98700,"Kampung Pundut"
13,98700,"Kampung Runggu"
13,98700,"Kampung Limpaong"
13,98707,"Limbang - Peti Surat 1 - 200"
13,98708,"Limbang - Peti Surat 201 & ke atas"
13,98709,"Limbang - Beg Berkunci"
13,98750,"Nanga Medamit"
13,98800,Sundar
13,98800,"Kampung Aru"
13,98800,"Kampung Awat-Awat"
13,98800,"Kampung Baru"
13,98850,"Kampung Belangsat"
13,98850,"Kampung Air Terjun"
13,98850,"Kampung Belimbing"
13,98850,"Kampung Datu"
13,98850,"Sungai Bangat"
13,98850,"Kampung Batu Tiga"
13,98850,"Kampung Batu Dua"
13,98850,"Belakang Kedai"
13,98850,"Long Sukang"
13,98850,"Ba Kelalan"
13,98850,Awat-Awat
13,98850,"Kampung Empittied"
13,98850,"Kampung Long Sebangang"
13,98850,"Kampung Masjid"
13,98850,"Sungai Berlipat"
13,98850,"Sungai Seloating"
13,98850,Trusan
13,98850,Tuaran
13,98850,"Kampung Pangi"
13,98850,"Long Semadoh"
13,98850,Lawas
13,98850,"Kampung Temanggis"
13,98850,"Kampung Merapok"
13,98850,"Kampung Nor Islam"
13,98850,"Kampung Pemukat"
13,98850,"Kampung Punang"
13,98850,"Kampung Sebangan Lawas"
13,98850,"Kampung Sesco"
13,98850,"Kampung Tanjong Batu"
13,98857,"Lawas - Peti Surat"
13,98859,"Lawas - Beg Berkunci"
