11,20000,"Hotel Tanjung Vista"
11,20000,"Jalan Istana Kolam"
11,20000,"Jalan Kota"
11,20000,"Jalan Ladang Sekolah"
11,20000,"Jalan Nesan Empat"
11,20000,"Jalan Petani"
11,20000,"Jalan Sultan Sulaiman"
11,20000,"Jalan Sultan Zainal Abidin"
11,20000,"Kampung Aur"
11,20000,"Kampung Bangsal"
11,20000,"Kampung Daik"
11,20000,"Kampung Dalam Bata"
11,20000,"Kampung Dato Penglima Perang"
11,20000,"Kampung Kolam"
11,20000,"Kampung Ladang Cicar"
11,20000,"Kampung Ladang Mengabang"
11,20000,"Kampung Ladang Pasar"
11,20000,"Kampung Ladang Sekolah"
11,20000,"Kampung Ladang Titian"
11,20000,"Kampung Pantai Haji Kasim"
11,20000,"Kampung Petani"
11,20000,"Kampung Rakyat"
11,20000,"Kampung Surau Haji Mat Tokey"
11,20000,"Kampung Surau Telok"
11,20000,"Kampung Surau Tok She"
11,20000,"Kampung Tanjong (Km 1.5)"
11,20000,"Kampung Tanjong Paya"
11,20000,"Kampung Tanjong Surau Besar"
11,20000,"Kampung Tanjong Surau Pasir"
11,20000,"Kampung Tanjung Batu Satu"
11,20000,"Kampung Tanjung Mengabang"
11,20000,"Lorong Bemban"
11,20000,"Perbadanan Pembangunan Bandar"
11,20000,"Taman Petani"
11,20050,"Jalan Kelantan (Hingga Km 6)"
11,20050,"Jalan Pulau Musang"
11,20050,"Kampung Banggol Chempedak"
11,20050,"Kampung Banggol Katong"
11,20050,"Kampung Banggol Lalang"
11,20050,"Kampung Banggol Tok Ku"
11,20050,"Kampung Baru Serada"
11,20050,"Kampung Beladau Selat"
11,20050,"Kampung Belukar Sukai"
11,20050,"Kampung Bukit Kubang Jambu"
11,20050,"Kampung Durian Burong"
11,20050,"Kampung Dusun Melintang"
11,20050,"Kampung Gelugor Haji Tahir"
11,20050,"Kampung Gelugor Kedai"
11,20050,"Kampung Gelugor Raja"
11,20050,"Kampung Gong Pauh"
11,20050,"Kampung Gong Pipit"
11,20050,"Kampung Kedai Kepong"
11,20050,"Kampung Kepong"
11,20050,"Kampung Kuala Bekah"
11,20050,"Kampung Kuala Bekah Pasar"
11,20050,"Kampung Kubang Bakong"
11,20050,"Kampung Kubang Bujok"
11,20050,"Kampung Kubang Kura"
11,20050,"Kampung Kubang Parit"
11,20050,"Kampung Kubang Tangga"
11,20050,"Kampung Kubang Terap"
11,20050,"Kampung Melintang"
11,20050,"Kampung Merbau Patah"
11,20050,"Kampung Padang Sena"
11,20050,"Kampung Pak Pa"
11,20050,"Kampung Paloh Masjid"
11,20050,"Kampung Paloh Sekolah"
11,20050,"Kampung Paloh Sungai Kiat"
11,20050,"Kampung Paloh Tok Ku"
11,20050,"Kampung Paloh Tuan Sulong"
11,20050,"Kampung Panji"
11,20050,"Kampung Pengadang Baru"
11,20050,"Kampung Pengkalan Setar"
11,20050,"Kampung Pulau Musang"
11,20050,"Kampung Pulau Rusa"
11,20050,"Kampung Pulau Rusa Masjid"
11,20050,"Kampung Pulau Rusa Rang"
11,20050,"Kampung Pulau Rusa Sekolah"
11,20050,"Kampung Pulau Rusa Wan Nik"
11,20050,"Kampung Serada"
11,20050,"Kampung Sungai Pinang"
11,20050,"Kampung Sungai Rengas"
11,20050,"Kampung Telok Paku"
11,20050,"Kampung Tirok"
11,20050,"Kampung Titian Hangus"
11,20050,"Kampung Tok Badir"
11,20050,"Kampung Tok Jamal"
11,20050,"Kampung Tok Kaya"
11,20050,"Kampung Tuan Nong"
11,20050,"Kampung Wakaf  Beruas"
11,20050,"Kampung Wakaf Che Kapor"
11,20050,"Kampung Wakaf Mempelam"
11,20050,"Taman Seri Paloh"
11,20050,"Taman Setia Durian Burong"
11,20100,"Jalan Bandar"
11,20100,"Jalan Banggol"
11,20100,"Jalan Belakang Kampung China"
11,20100,"Jalan Jail"
11,20100,"Jalan Kampung Dalam"
11,20100,"Jalan Kampung Tiong"
11,20100,"Jalan Kubor"
11,20100,"Jalan Masjid Abidin"
11,20100,"Jalan Pantai"
11,20100,"Jalan Syed Hussein"
11,20100,"Jalan Tok Lam"
11,20100,"Kampung Banggol"
11,20100,"Kampung Jail"
11,20100,"Kampung Masjid"
11,20100,"Kampung Paya Keladi"
11,20100,"Kampung Surau Puteh"
11,20100,"Kampung Surau Wan Su"
11,20100,"Kampung Telaga Panchor"
11,20100,"Kampung Tiong"
11,20100,"Kedai Payang"
11,20100,"Komplek Niaga Paya Bunga"
11,20100,"Lorong Haji Jamil"
11,20100,"Penguatkuasa Akta Penanaman Padi"
11,20100,"Pusat Perniagaan Paya Keladi"
11,20200,"Jabatan Bekalan Air"
11,20200,"Jabatan Hal Ehwal Kesatuan Sekerja"
11,20200,"Jabatan Hutan Daerah Terengganu Utara"
11,20200,"Jalan Pejabat"
11,20200,"Jalan Sultan Ismail"
11,20200,"Jawatankuasa Keselamatan Negeri"
11,20200,"Kampung Paya Bunga"
11,20200,"Lembaga Kemajuan Perindustrian (MIDA)"
11,20200,"Lembaga Pasaran & Perusahaan Getah"
11,20200,"Lembaga Pelesenan Kenderaan (LPKP)"
11,20200,"Lembaga Pelesenan Minyak Sawit"
11,20200,"Lembaga Pemasaran Pertanian"
11,20200,"Lembaga Tabung Haji"
11,20200,"Majlis Perbandaran Kuala Terengganu"
11,20200,"Muasasah Gadaian Islam"
11,20200,"Pejabat Pelancungan Malaysia  (TDC)"
11,20200,"Perbadanan Kemajuan Iktisad Negeri Terengganu"
11,20200,"Pusat Khidmat Kontraktor"
11,20200,"Unit Kontrak Penyelenggaraan & Bumiputera"
11,20200,"Unit Perpaduan Ummah"
11,20200,"Wisma Persekutuan"
11,20300,"Jabatan Pertanian Daerah"
11,20300,"Jalan Air Jernih"
11,20300,"Jalan Batas Baru"
11,20300,"Jalan Cherong Lanjut"
11,20300,"Jalan Hilir"
11,20300,"Jalan Kota Lama"
11,20300,"Jalan Mengadang Akar"
11,20300,"Jalan Sultan Omar"
11,20300,"Jalan Syed Zain"
11,20300,"Jalan Tekukor"
11,20300,"Kampung Balik Bukit"
11,20300,"Kampung Batas Baru"
11,20300,"Kampung Bukit Jambol"
11,20300,"Kampung Paya Tok Ber"
11,20300,"Kampung Pengadang Akar"
11,20300,"Kampung Pulau Kambing"
11,20300,"Kampung Titian Lembut"
11,20300,"Pejabat Felda"
11,20300,"Pejabat Shah Bandar Pantai Timur"
11,20300,"Taman Dalya"
11,20300,"Taman Hajjah Kelsom"
11,20300,"Taman Terkukur"
11,20300,"Yayasan Terengganu"
11,20400,"Jalan Dato Amar"
11,20400,"Jalan Haji Busu"
11,20400,"Jalan Hospital"
11,20400,"Jalan Kamaruddin"
11,20400,"Jalan Kenanga"
11,20400,"Jalan Peranginan"
11,20400,"Jalan Pusara"
11,20400,"Jalan Sultan Mahmud"
11,20400,"Kampung Banggol Tok Mudin"
11,20400,"Kampung Batu Burok"
11,20400,"Kampung Gong Kemunting"
11,20400,"Kampung Kolam Kuala Ibai"
11,20400,"Kampung Kuala Ibai"
11,20400,"Kampung Ladang Hospital"
11,20400,"Kampung Ladang Sheikh Ibrahim"
11,20400,"Kampung Ladang Sihat"
11,20400,"Kampung Masjid Batu Burok"
11,20400,"Kampung Mengabang Tengah"
11,20400,"Kampung Mengabang Tengah Masjid"
11,20400,"Kampung Pantai Kuala Ibai"
11,20400,"Kampung Telok Tok Adis"
11,20400,"Lembaga Tembakau Negara"
11,20400,"Lorong Budiman"
11,20400,"Lorong Haji Da"
11,20400,"Lorong Pandan"
11,20400,"Lorong Temasya Pantai"
11,20400,"Taman Jaya"
11,20400,"Taman Purnama"
11,20400,"Taman Salimor 2"
11,20400,"Taman Seri Pantai"
11,20500,"DYMM Sultan Terengganu"
11,20502,"Biro Tata Negara Terengganu"
11,20502,"YAB Menteri Besar Terengganu"
11,20503,"Majlis Sukan Negeri"
11,20503,"Setiausaha Kerajaan Negeri"
11,20503,"Unit Perancang Ekonomi"
11,20504,"Biro Bantuan Guaman"
11,20505,"Biro Pengaduan Awam"
11,20506,"Mahkamah Tinggi"
11,20508,"Amanah Raya Berhad"
11,20512,"Penasihat Undang-Undang Negeri"
11,20514,"Jabatan Perangkaan"
11,20516,"Jabatan Pemegang Harta"
11,20517,"Jabatan Perpaduan Negara"
11,20518,"Ketua Audit Negeri"
11,20519,"Majlis Agama Islam Terengganu"
11,20520,"SuruhanJaya Perkhidmatan Awam"
11,20532,"Jabatan Sumber Manusia"
11,20534,"Jabatan Kilang & Jentera"
11,20536,"Jabatan Perhubungan Perusahaan"
11,20538,"Jabatan Keselamatan Sosial (Perkeso)"
11,20540,"Jabatan Tenaga Rakyat"
11,20542,"Pendaftar Kesatuan Sekerja"
11,20546,"Pejabat Rela Negeri"
11,20548,"Jabatan Hal Ehwal Orang Asli"
11,20550,"Jabatan Imigresen"
11,20551,"Jabatan Pendaftaran Negara"
11,20552,"Jabatan Pendaftar Pertubuhan"
11,20554,"Percetakan Nasional Berhad"
11,20556,"Jabatan Pertahanan Awam"
11,20560,"Ketua Polis Negeri"
11,20564,"Jabatan Kebajikan Masyarakat"
11,20566,"Jabatan Muzium"
11,20568,"Jabatan Arkib Negara"
11,20570,"Jabatan Belia Dan Sukan"
11,20570,"Pusat Latihan Belia Negeri"
11,20572,"Perpustakaan Awam Negeri"
11,20576,"Jabatan Tanah Dan Galian"
11,20578,"Jabatan Ukur & Pemetaan"
11,20582,"Jabatan Kerja Raya"
11,20586,"Hospital Kuala Terengganu"
11,20590,"Jabatan Kesihatan"
11,20592,"Jabatan Penilaian Harta"
11,20592,"Pegawai Kewangan Negeri"
11,20596,"Akauntan Negeri"
11,20596,"Jabatan Kastam & Eksais Di Raja"
11,20600,"Lembaga Hasil Dalam Negeri"
11,20604,"Jabatan Pendidikan"
11,20604,"Ketua Nazir Sekolah Persekutuan"
11,20606,"Jabatan Kemajuan Masyarakat (Kemas)"
11,20608,"Jabatan Pembangunan Koperasi"
11,20609,"Pejabat Mara Negeri"
11,20610,"Bahagian Pelesenan - Kementerian Penerangan"
11,20612,"Jabatan Penerangan"
11,20614,"Jabatan Penyiaran"
11,20618,"Jabatan Penerbangan Awam"
11,20620,"Jabatan Pengangkutan Jalan"
11,20622,"Penguatkuasa Kementerian Perdagangan Dalam Negeri"
11,20626,"Jabatan Pengairan Dan Saliran"
11,20628,"Jabatan Perikanan"
11,20630,"Jabatan Haiwan"
11,20632,"Jabatan Pertanian"
11,20646,"Jabatan Perancang Bandar Dan Desa"
11,20648,"Jabatan Bomba & Penyelamat"
11,20656,"Jabatan Galian"
11,20658,"Jabatan Kajibumi"
11,20660,"Jabatan Perhutanan"
11,20661,"Padi & Beras Nasional (Bernas)"
11,20662,"Jabatan Alam Sekitar Negeri"
11,20662,"Jabatan Kajicuaca"
11,20662,"Jabatan Kimia"
11,20664,"Jabatan Perhilitan"
11,20668,"Jabatan Telekom Timur"
11,20670,"Pos Malaysia Berhad"
11,20672,"Telekom Malaysia Berhad"
11,20673,"Tenaga Nasional Berhad"
11,20674,"Pegawai Kemajuan Negeri"
11,20676,"Jabatan Agama Islam Terengganu"
11,20680,"Dewan Undangan Negeri"
11,20690,"Suruhanjaya Pilihan Raya Negeri"
11,20698,"Kumpulan Wang Simpanan Pekerja"
11,20700,"Kuala Terengganu - Peti surat   1 - 3"
11,20700,"Kuala Terengganu - Peti surat 19 - 42"
11,20700,"Kuala Terengganu - Peti surat 44 - 49"
11,20700,"Kuala Terengganu - Peti surat 5 - 17"
11,20700,"Kuala Terengganu - Peti surat 52 - 55"
11,20700,"Kuala Terengganu - Peti surat 58 - 62"
11,20700,"Kuala Terengganu - Peti surat 64"
11,20700,"Kuala Terengganu - Peti surat 69 - 80"
11,20710,"Kuala Terengganu - Peti surat 123 - 125"
11,20710,"Kuala Terengganu - Peti surat 128 - 160"
11,20710,"Kuala Terengganu - Peti surat 81 - 89"
11,20710,"Kuala Terengganu - Peti surat 91- 121"
11,20720,"Kuala Terengganu - Peti surat 161  & ke atas"
11,20900,"Kuala Terengganu - Peti surat  4"
11,20902,"Kuala Terengganu - Peti surat 18"
11,20904,"Kuala Terengganu - Peti surat 43"
11,20906,"Kuala Terengganu - Peti surat 50"
11,20908,"Kuala Terengganu - Peti surat 51"
11,20910,"Kuala Terengganu - Peti surat 56"
11,20912,"Kuala Terengganu - Peti surat 57"
11,20914,"Kuala Terengganu - Peti surat 63"
11,20916,"Kuala Terengganu - Peti surat 65"
11,20918,"Kuala Terengganu - Peti surat 66"
11,20920,"Kuala Terengganu - Peti surat 67"
11,20922,"Kuala Terengganu - Peti surat 68"
11,20924,"Kuala Terengganu - Peti surat 90"
11,20926,"Kuala Terengganu - Peti surat 122"
11,20928,"Kuala Terengganu - Peti surat 126"
11,20930,"Kuala Terengganu - Peti surat 127"
11,20990,"Kuala Terengganu - Beg berkunci"
11,21000,"Chabang Tiga"
11,21000,"Jalan Hiliran Masjid"
11,21000,"Jalan Kosong Ferry"
11,21000,"Jalan Kuala Hiliran"
11,21000,"Jalan Losong Masjid"
11,21000,"Jalan Seb Baroh Kanan"
11,21000,"Jalan Siakap"
11,21000,"Kampung Bukit Losong"
11,21000,"Kampung Bukit Tangki Ayer"
11,21000,"Kampung Hiliran Binjai Besar"
11,21000,"Kampung Hiliran Masjid"
11,21000,"Kampung Hiliran Parit Gali"
11,21000,"Kampung Hiliran Surau Baru"
11,21000,"Kampung Kubang Buyong"
11,21000,"Kampung Lorong Salak"
11,21000,"Kampung Losong Atap Zing"
11,21000,"Kampung Losong Bata"
11,21000,"Kampung Losong Dato Amar"
11,21000,"Kampung Losong Ebeng"
11,21000,"Kampung Losong Haji Awang"
11,21000,"Kampung Losong Haji Long Hakim"
11,21000,"Kampung Losong Haji Mohd"
11,21000,"Kampung Losong Haji Su"
11,21000,"Kampung Losong Haji Wan Nawang"
11,21000,"Kampung Losong Masjid"
11,21000,"Kampung Losong Megat Husain"
11,21000,"Kampung Losong Pak Bas"
11,21000,"Kampung Losong Panglima Perang"
11,21000,"Kampung Losong Pasir"
11,21000,"Kampung Losong Tangkol Hijau"
11,21000,"Kampung Makam Lama"
11,21000,"Kampung Masjid Tok Ku"
11,21000,"Kampung Padang Hiliran"
11,21000,"Kampung Pulau Sekati"
11,21000,"Kampung Seberang Baroh"
11,21000,"Kampung Seberang Baroh Belukar"
11,21000,"Kampung Seberang Baroh Taliair"
11,21000,"Kampung Tok Ku"
11,21000,"Kuala Hiliran"
11,21000,"Kubang Buyong"
11,21000,"Lorong Ciku"
11,21000,"Lorong Limau"
11,21000,"Lorong Makam Lama"
11,21000,"Lorong Radio Malaysia"
11,21000,"Lorong Stesen Pemancar RTM"
11,21000,"Losong Feri Kiri"
11,21000,"Losong Haji Long"
11,21000,"Losong Haji Mat Shafie"
11,21000,"Losong Lebai Salleh"
11,21000,"Losong Sekolah"
11,21000,"Losong Tepas Mahmud"
11,21000,"Pulau Pak Mat"
11,21000,"Pulau Wan Man"
11,21000,"Simpang Tok Ku"
11,21009,"Chabang Tiga - Beg berkunci"
11,21010,"Kampung Bari Besar"
11,21010,"Kampung Gong Arang"
11,21010,"Kampung Mengabang"
11,21010,"Kampung Rhu Tapai"
11,21010,"Kampung Telaga Papan"
11,21020,"Jalan Batu Rakit"
11,21020,"Jalan Merang"
11,21020,"Kampung Bari Besar"
11,21020,"Kampung Darat Tok Wail"
11,21020,"Kampung Dusun Durian"
11,21020,"Kampung Gelong Gajah"
11,21020,"Kampung Kubor Timah"
11,21020,"Kampung Maras"
11,21020,"Kampung Medan Cengal"
11,21020,"Kampung Mengabang Bakong"
11,21020,"Kampung Mengabang Lekar"
11,21020,"Kampung Mengabang Panjang"
11,21020,"Kampung Mengabang Telong"
11,21020,"Kampung Padang Kemunting"
11,21020,"Kampung Pagar Besi"
11,21020,"Kampung Pancur Kuin"
11,21020,"Kampung Pengkalan Atap"
11,21020,"Kampung Sungai Pimpin"
11,21020,"Kampung Taman Hijrah"
11,21020,"Kampung Tanjung Kedepan"
11,21020,"Kampung Telaga Putat"
11,21020,"PPRT Ru Tapai"
11,21020,"Taman Perumahan Lembah Bidong"
11,21020,Tapah
11,21030,"Jalan Bakti Simpang Tiga Kubang Badak"
11,21030,"Jalan Sekolah Rendah Gong Badak"
11,21030,"Kampung Gong Benjok"
11,21030,"Kampung Gong Datok"
11,21030,"Kampung Kubang Badak (Jalan Pantai)"
11,21030,"Kampung Pak Tuyu"
11,21030,"Kampung Tanjong Gelang"
11,21030,"Kampung Wakaf Cagak"
11,21030,"Kampung Wakaf Tengah"
11,21030,"Maktab Perguruan Kuala Terengganu"
11,21030,"Maktab Rendah Sains Mara"
11,21030,"Mengabang Telipot"
11,21030,"Simpang Tiga Kubang Badak"
11,21030,"Taman Baiduri"
11,21030,"Taman Indah Wangsa"
11,21030,"Taman Seri Nenas"
11,21040,"Kampung Bukit Chempedak"
11,21040,"Kampung Bukit Kolam"
11,21040,"Kampung Cherang Gajah"
11,21040,"Kampung Durian Guling"
11,21040,"Kampung Jerong Surau"
11,21040,"Kampung Jerong Tuan"
11,21040,"Kampung Kayu Arang"
11,21040,"Kampung Kuala Bekah (Pengkalan Berangan)"
11,21040,"Kampung Lubok Batu (Wakaf Tapai)"
11,21040,"Kampung Pengkalan Berangan"
11,21040,"Kampung Tanggol"
11,21040,"Kampung Tapu"
11,21040,"Kampung Temala"
11,21040,"Kampung Wakaf Tapai"
11,21040,"Pusat  Perikanan & Sains"
11,21060,"Kampung Alor Gemia"
11,21060,"Kampung Banggol Nyour"
11,21060,"Kampung Bukit ChemPaka"
11,21060,"Kampung Bukit Guntong"
11,21060,"Kampung Bukit Kubor"
11,21060,"Kampung Bukit Nangka"
11,21060,"Kampung Bukit Nenas"
11,21060,"Kampung Gemuroh"
11,21060,"Kampung Jeram Hilir"
11,21060,"Kampung Jeram Hulu"
11,21060,"Kampung Padang Baloh"
11,21060,"Kampung Padang Hangus"
11,21060,"Kampung Pagar Ubi"
11,21060,"Kampung Pondok Lalang"
11,21060,"Kampung Raja Tepoh"
11,21060,"Kampung Sungai Ikan"
11,21060,"Kampung Tepoh"
11,21060,"Kampung Tok Ban"
11,21060,"Kampung Wakaf Gomok"
11,21060,Tepoh
11,21070,"Atas Tol"
11,21070,"Kampung Alor"
11,21070,"Kampung Alor Tempoyak"
11,21070,"Kampung Atas Tol"
11,21070,"Kampung Bawah Atas Tol"
11,21070,"Kampung Kedai Buloh"
11,21070,"Kampung Titian Baharu"
11,21080,Chendering
11,21080,"Institut Latihan Perikanan"
11,21080,"Institut Piawaian Malaysia (SIRIM)"
11,21080,"Kampung Belukar Jambu"
11,21080,"Kampung Bukit Batu Puteh"
11,21080,"Kampung Bukit Chendering"
11,21080,"Kampung Chendering"
11,21080,"Kampung Ketapang"
11,21080,"Kampung Kubang Ikan"
11,21080,"Kampung Laut"
11,21080,"Kampung Pengkalan Raja Wali"
11,21080,"Kampung Raja Chendering"
11,21080,"Kampung Rusila"
11,21080,"Kampung Sendong"
11,21080,"Kampung Wakaf Tok Keh"
11,21080,"Kubang Ikan"
11,21080,"Lembaga Kemajuan Ikan (LKIM)"
11,21080,"Pusat Penyelidikan Ikan"
11,21080,Rusila
11,21080,"Taman Aquarius"
11,21080,"Taman Desa Jaya"
11,21080,"Taman Medan Jaya"
11,21080,"Taman Permin Jaya"
11,21090,"Pulau Redang"
11,21100,"Bukit Besar"
11,21100,"Gong Kapas"
11,21100,"Jalan Bukit Kechil"
11,21100,"Jalan Dato Bentara Setia"
11,21100,"Jalan Gong Penaga"
11,21100,"Jalan Ibrahim"
11,21100,"Jalan Panji Alam"
11,21100,"Jalan Pintasan"
11,21100,"Jalan Sultan Mohamad"
11,21100,"Kampung Bukit Bayas"
11,21100,"Kampung Bukit Besar"
11,21100,"Kampung Bukit Depu"
11,21100,"Kampung Bukit Kechil"
11,21100,"Kampung Bukit Tanah"
11,21100,"Kampung Cik Damat"
11,21100,"Kampung Gelong Bilal"
11,21100,"Kampung Gong Baru"
11,21100,"Kampung Gong Kapas"
11,21100,"Kampung Gong Nangka"
11,21100,"Kampung Gong Pak Maseh"
11,21100,"Kampung Gong Parit"
11,21100,"Kampung Gong Penaga"
11,21100,"Kampung Gong Tok Nasek"
11,21100,"Kampung Kubor Kechil"
11,21100,"Kampung Nibong"
11,21100,"Kampung Padang"
11,21100,"Kampung Pasir Panjang"
11,21100,"Kampung Paya Jambol"
11,21100,"Kampung Seberang Bukit Bayas"
11,21100,"Kampung Sungai Durhaka"
11,21100,"Lorong Beringin"
11,21100,"Lorong Gemia Rendang"
11,21100,"Lorong Jambu"
11,21100,"Lorong Kemunting"
11,21100,"Lorong Masjid Haji Kadir"
11,21100,"Lorong Masjid Raja"
11,21100,"Lorong Paya Jambol"
11,21100,"Lorong Sagu"
11,21100,"Lorong Surau Baharu"
11,21100,"Lorong Tembesu"
11,21100,"Lorong Tunku Ahmad"
11,21100,"Pusat Membeli Belah Giant"
11,21100,"Sekolah Menengah Sains Kuala Terengganu"
11,21100,"Taman Budaya"
11,21100,"Taman Had"
11,21100,"Taman Salimor 1"
11,21100,"Taman Telok Adis Indah"
11,21109,"Gong Kapas - Beg berkunci"
11,21200,"Batu Enam"
11,21200,Belara
11,21200,"Binjai Manis"
11,21200,"Jalan Kelantan (Km 7 - 13)"
11,21200,"Kampung Banggol Ayer Lilih"
11,21200,"Kampung Banggol Dama"
11,21200,"Kampung Banggol Limau"
11,21200,"Kampung Banggol Manir"
11,21200,"Kampung Banggol Tuan Muda"
11,21200,"Kampung Baru Tetambah"
11,21200,"Kampung Batu Hampar"
11,21200,"Kampung Batu Lapan"
11,21200,"Kampung Beladau Kolam"
11,21200,"Kampung Bukit Datu"
11,21200,"Kampung Bukit Kandis"
11,21200,"Kampung Bukit Petiti Belara"
11,21200,"Kampung Bukit Seraman"
11,21200,"Kampung Bukit Tok Ris"
11,21200,"Kampung Bukit Tumboh"
11,21200,"Kampung Bukit Tunggal"
11,21200,"Kampung Buloh Gading"
11,21200,"Kampung Durian Mas"
11,21200,"Kampung Dusun"
11,21200,"Kampung Dusun Pinang"
11,21200,"Kampung Dusun Tembakan"
11,21200,"Kampung Gong Kijang"
11,21200,"Kampung Gong Pak Damak"
11,21200,"Kampung Gong Sentol"
11,21200,"Kampung Jeram"
11,21200,"Kampung Kebor Ayer"
11,21200,"Kampung Kebor Besar"
11,21200,"Kampung Kedai Manir"
11,21200,"Kampung Kesom"
11,21200,"Kampung Kesom Che Nordin"
11,21200,"Kampung Kesom Padang Tambak"
11,21200,"Kampung Kota"
11,21200,"Kampung Kuala Belara"
11,21200,"Kampung Kubang Bujok"
11,21200,"Kampung Kubang Ikan"
11,21200,"Kampung Kubang Jela"
11,21200,"Kampung Kubang Tepak"
11,21200,"Kampung Masjid Haji Hussin"
11,21200,"Kampung Padang Machang"
11,21200,"Kampung Padang Tenger"
11,21200,"Kampung Padang Ujib"
11,21200,"Kampung Pak Katak"
11,21200,"Kampung Parit Dicap"
11,21200,"Kampung Pasir Tebakang"
11,21200,"Kampung Paya Datu"
11,21200,"Kampung Paya Limau Amas"
11,21200,"Kampung Pelam"
11,21200,"Kampung Pengkalan Arang"
11,21200,"Kampung Pengkalan Batu"
11,21200,"Kampung Peradong"
11,21200,"Kampung Petai Bubus"
11,21200,"Kampung Pujuk"
11,21200,"Kampung Pulau Bahagia"
11,21200,"Kampung Seberang Bukit Tumboh"
11,21200,"Kampung Seberang Tuan Chik Haji"
11,21200,"Kampung Sekati"
11,21200,"Kampung Serdang Baru"
11,21200,"Kampung Tanah Lot (Batu 8)"
11,21200,"Kampung Tanjong Bunut"
11,21200,"Kampung Tanjong Sabtu"
11,21200,"Kampung Tanjung Serdang"
11,21200,"Kampung Tebauk"
11,21200,"Kampung Telari"
11,21200,"Kampung Telok Menara"
11,21200,"Kampung Telok Pasu"
11,21200,"Kampung Tengah"
11,21200,"Kampung Tetambah"
11,21200,"Kampung Tok Harun"
11,21200,"Kampung Tualang"
11,21200,"Kampung Wakaf Tembesu"
11,21200,Manir
11,21209,"Manir - Beg berkunci"
11,21210,"Kampung Bukit Aman"
11,21210,"Kampung Bukit Lawan"
11,21210,"Kampung Bukit Tadok"
11,21210,"Kampung Chepoh"
11,21210,"Kampung Getang"
11,21210,"Kampung Kubang Palas"
11,21210,"Kampung Lubok Batu (Kuala Telemong)"
11,21210,"Kampung Naga Mengulor"
11,21210,"Kampung Pulau Manis (Kuala Telemong)"
11,21210,"Kampung Tanjong Mesah"
11,21210,"Kampung Tok Iman Lapar"
11,21220,"Kuala Telemong"
11,21300,"Batalion 104 Infanteri"
11,21300,"Batalion 18 RAMD"
11,21300,"Batu 12 (Jalan Gong Badak)"
11,21300,"IBN PGA 9 Kubang Badak"
11,21300,"Jalan Maskayu"
11,21300,"Jalan Pak Yusof"
11,21300,"Jalan Tanah Lot Wakaf Tembusu"
11,21300,"Jalan Tok Jembal"
11,21300,"Kampung Alor Kuda Bukit Tok Beng"
11,21300,"Kampung Banggol Buloh"
11,21300,"Kampung Banggol Pauh"
11,21300,"Kampung Banggol Putat"
11,21300,"Kampung Baru Pusu Tiga"
11,21300,"Kampung Baru Seberang Takir"
11,21300,"Kampung Baru Tok Mer"
11,21300,"Kampung Batu 13 (Jalan Lapangan Terbang)"
11,21300,"Kampung Bukit Tok Beng"
11,21300,"Kampung Duyong"
11,21300,"Kampung Duyong Haji Muda"
11,21300,"Kampung Duyong Kecil"
11,21300,"Kampung Duyun Haji Umar"
11,21300,"Kampung Duyung Besar"
11,21300,"Kampung Gong Badak"
11,21300,"Kampung Gong Katut"
11,21300,"Kampung Gong Kuin"
11,21300,"Kampung Guchil"
11,21300,"Kampung Hujung Tanjung Luang"
11,21300,"Kampung Hulur Takur"
11,21300,"Kampung Kayu Kelat"
11,21300,"Kampung Kebun Melaka"
11,21300,"Kampung Kelantan"
11,21300,"Kampung Kubang Badak"
11,21300,"Kampung Padang Ulu Takir"
11,21300,"Kampung Pak Tijah"
11,21300,"Kampung Paya Putat"
11,21300,"Kampung Pengkalan Belat"
11,21300,"Kampung Pengkalan Titian"
11,21300,"Kampung Pulau Duyung"
11,21300,"Kampung Pulau Ketam"
11,21300,"Kampung Seberang Tok Abu"
11,21300,"Kampung Sepetir"
11,21300,"Kampung Tanah Lot Telok Ketapang"
11,21300,"Kampung Tanjong Jaafar"
11,21300,"Kampung Telaga Batin"
11,21300,"Kampung Telaga Daing"
11,21300,"Kampung Telok Ketapang"
11,21300,"Kampung Tok Jembal"
11,21300,"Kampung Tok Mer"
11,21300,"Kampung Ujung Pasir Puteh"
11,21300,"Kubang Badak"
11,21300,"Lapangan Terbang Sultan Mahmud"
11,21300,"Percetakan Yayasan Islam"
11,21300,"Rumah Murah 100"
11,21300,"Rumah Murah 62"
11,21300,"Rumah Murah Gong Badak"
11,21300,"Rumah Murah Telaga Daing"
11,21300,"Seberang Takir"
11,21300,"Taman Desa Permai"
11,21300,"Taman Gong Badak"
11,21300,"Taman Jaya (Seberang Takir)"
11,21300,"Taman Salwa"
11,21300,"Taman Setia Damai"
11,21300,"Tanah Lot Batu 10"
11,21300,"Zon Perindustrian Gong Badak"
11,21309,"Seberang Takir - Beg berkunci"
11,21400,"Bukit Payong"
11,21400,"Kampung Alor Limbat"
11,21400,"Kampung Banggol Kapas"
11,21400,"Kampung Banggol Tasek"
11,21400,"Kampung Binjai Bongkok"
11,21400,"Kampung Kubang Belukar"
11,21400,"Kampung Kubang Panjang"
11,21400,"Kampung Mak Kemas"
11,21400,"Kampung Nyut-Nyut"
11,21400,"Kampung Padang Ayer Deras"
11,21400,"Kampung Padang Kabar"
11,21400,"Kampung Padang Mengkuang"
11,21400,"Kampung Padang Midin"
11,21400,"Kampung Pak Madah"
11,21400,"Kampung Pantai Ali"
11,21400,"Kampung Pasir Tinggi"
11,21400,"Kampung Rawai"
11,21400,"Kampung Tasek"
11,21400,"Kampung Tebakang"
11,21400,"Kampung Telaga Mengkudu"
11,21400,"Kampung Undang"
11,21400,"Kampung Wakaf Dua"
11,21400,"Rejimen 512 - Askar Wataniah"
11,21400,"Taman Koperasi"
11,21400,"Taman Mewah"
11,21400,"Taman Padang Midin"
11,21450,Chalok
11,21450,"Felda Chalok"
11,21450,"Felda Chalok Barat"
11,21450,"Kampung Batu Hampar (Chalok)"
11,21450,"Kampung Bukit Kecil"
11,21450,"Kampung Bukit Layak"
11,21450,"Kampung Bukit Mak Jintan"
11,21450,"Kampung Bukit Merah"
11,21450,"Kampung Bukit Mok Som"
11,21450,"Kampung Bukit Pinang"
11,21450,"Kampung Bukit Putera"
11,21450,"Kampung Bukit Tok Hat"
11,21450,"Kampung Chabang Bari"
11,21450,"Kampung Chalok Barat"
11,21450,"Kampung Gong Terap Chalok"
11,21450,"Kampung Jelapang"
11,21450,"Kampung Kubang Puyu"
11,21450,"Kampung Lubuk Panjang"
11,21450,"Kampung Rahmat"
11,21450,"Kampung Sungai Lerek"
11,21450,"Kampung Sungai Pinang"
11,21450,"Kampung Sungai Rakit"
11,21450,"Kampung Tapah"
11,21450,"Kampung Ulu Chalok"
11,21450,"Kubang Puyu"
11,21450,"Taman Tasek"
11,21500,"Alor Lik"
11,21500,"Kampung Banggol Setor"
11,21500,"Kampung Batu 28"
11,21500,"Kampung Batu 30"
11,21500,"Kampung Bukit Mundok"
11,21500,"Kampung Bukit Nenas"
11,21500,"Kampung Bukit Sungai Tong"
11,21500,"Kampung Jaya Sungai Tong"
11,21500,"Kampung Jelapang"
11,21500,"Kampung Kuala Tayor"
11,21500,"Kampung Langkap"
11,21500,"Kampung Nibong"
11,21500,"Kampung Nibong Sungai Tong"
11,21500,"Kampung Pak Ba"
11,21500,"Kampung Payong"
11,21500,"Kampung Pelong"
11,21500,"Kampung Pengkalan Merbau"
11,21500,"Kampung Simpang Langkap"
11,21500,"Kampung Sungai Bari"
11,21500,"Kampung Tayor Tengah"
11,21500,"Ladang Bari"
11,21500,"LKTP Belara"
11,21500,"Pakoh Jaya"
11,21500,"Seri Langkap"
11,21500,"Sungai Lerak"
11,21500,"Sungai Tong"
11,21600,"Alor Gali"
11,21600,"Alor Tuman"
11,21600,Asing
11,21600,Barat
11,21600,"Bukit Baharu"
11,21600,"Bukit Gegading"
11,21600,"Bukit Jejulong"
11,21600,"Bukit Kulim"
11,21600,"Bukit Parit"
11,21600,"Durian Penjara"
11,21600,"Gong Beris"
11,21600,"Jabatan Penjara"
11,21600,"Kampung Batangan"
11,21600,"Kampung Bukit Gasing"
11,21600,"Kampung Gong Nangka"
11,21600,"Kampung Jenang"
11,21600,"Kampung Kayu Kelat"
11,21600,"Kampung Kelulut"
11,21600,"Kampung Kijing"
11,21600,"Kampung Masjid Haji Said"
11,21600,"Kampung Pantai Seberang Marang"
11,21600,"Kampung Paya"
11,21600,"Kampung Ru Dua"
11,21600,"Kampung Ru Muda"
11,21600,"Kampung Ru Rendang"
11,21600,"Kampung Sentul Patah"
11,21600,"Kampung Star Kiri"
11,21600,"Kampung Sungai Kerak"
11,21600,"Kampung Surau Haji Ibrahim"
11,21600,"Kampung Surau Haji Mat"
11,21600,"Kampung Tuman"
11,21600,"Ladang Fikri"
11,21600,Marang
11,21600,"Pengkalan Kuin"
11,21600,"Pulau Kerengga"
11,21600,"Rambai Jantan"
11,21600,"Setar Kanan"
11,21600,"Taman Hidayah"
11,21600,"Taman Kalongan Melor"
11,21600,"Taman Kernia Jaya"
11,21600,"Taman Laila"
11,21600,"Taman Mas Murni (Fasa 1 & 2)"
11,21600,"Taman Perpindahan Sungai Kerak"
11,21600,"Taman Perumahan Kelulut"
11,21600,"Taman Perumahan Perkaya"
11,21600,"Temiang Ulu"
11,21600,"Teratak Batu"
11,21610,"Jambu Bongkok"
11,21610,"Kampung Durian Pulut Merchang"
11,21610,"Kampung Gong Balai"
11,21610,"Kampung Gong Kassim"
11,21610,"Kampung Jambu Bongkok"
11,21610,"Kampung Padang Pauh"
11,21610,"Kampung Pasir Puteh"
11,21610,"Kampung Tok Fakir Merchang"
11,21610,Merchang
11,21700,"Binjai Kertas"
11,21700,"Kampung Alor Kiambang"
11,21700,"Kampung Basung"
11,21700,"Kampung Batu 23"
11,21700,"Kampung Batu 23 (Jalan Kuala Berang)"
11,21700,"Kampung Batu 24"
11,21700,"Kampung Baung"
11,21700,"Kampung Binjai Kertas"
11,21700,"Kampung Bukit Acheh"
11,21700,"Kampung Bukit Beruang"
11,21700,"Kampung Bukit Biah"
11,21700,"Kampung Bukit Gemuruh"
11,21700,"Kampung Bukit Martiya"
11,21700,"Kampung Bukit Tok Bat"
11,21700,"Kampung Buloh"
11,21700,"Kampung Butut"
11,21700,"Kampung Capu"
11,21700,"Kampung Cekering"
11,21700,"Kampung Ceting"
11,21700,"Kampung Dura"
11,21700,"Kampung Durian Bador"
11,21700,"Kampung Dusun"
11,21700,"Kampung Gaong"
11,21700,"Kampung Gerdong"
11,21700,"Kampung Hulu Sat"
11,21700,"Kampung Jenagor"
11,21700,"Kampung Kemat"
11,21700,"Kampung Kepah"
11,21700,"Kampung Kuala Akub"
11,21700,"Kampung Kuala Jeneris"
11,21700,"Kampung Kuala Menjing"
11,21700,"Kampung Kuala Ping"
11,21700,"Kampung Kuala Por"
11,21700,"Kampung Kuala Pueh"
11,21700,"Kampung Langgar"
11,21700,"Kampung Langgar Hilir"
11,21700,"Kampung Langgar Hulu"
11,21700,"Kampung Lubuk Pait"
11,21700,"Kampung Matang"
11,21700,"Kampung Nasi Dingin"
11,21700,"Kampung Nibong"
11,21700,"Kampung Padang Ipoh"
11,21700,"Kampung Padang Lebak"
11,21700,"Kampung Padang Setebu"
11,21700,"Kampung Padang Star"
11,21700,"Kampung Pasir Dula"
11,21700,"Kampung Pasir Nering"
11,21700,"Kampung Pasir Nyior"
11,21700,"Kampung Pasir Pelata"
11,21700,"Kampung Pasir Sipor"
11,21700,"Kampung Pauh"
11,21700,"Kampung Payang Kayu"
11,21700,"Kampung Pelandan"
11,21700,"Kampung Pengkalan Star"
11,21700,"Kampung Pulau Kudat"
11,21700,"Kampung Rahmat"
11,21700,"Kampung Sekayu"
11,21700,"Kampung Sungai Berua"
11,21700,"Kampung Sungai Ular"
11,21700,"Kampung Tajin"
11,21700,"Kampung Tanjong Baru"
11,21700,"Kampung Tapah"
11,21700,"Kampung Telaga"
11,21700,"Kampung Temir"
11,21700,"Kampung Tengkawang"
11,21700,"Kampung Teris"
11,21700,"Kampung Tok Bintang"
11,21700,"Kampung Tok Lawik"
11,21700,Kenyir
11,21700,"Kuala Berang"
11,21700,"Kuala Jeneris"
11,21700,"Kuala Menjing"
11,21700,"Kuala Ping"
11,21700,"Kuala Pueh"
11,21700,Matang
11,21700,"Sungai Gawi"
11,21700,"Ulu Sat"
11,21800,Ajil
11,21800,"Bukit Jabar"
11,21800,"Bukit Pachat"
11,21800,"Cherang Nibong"
11,21800,"Durian Kassim"
11,21800,"Felda Bukit Bading"
11,21800,"Felda Mengkawang"
11,21800,"Felda Tersat"
11,21800,"Kampung Ajal"
11,21800,"Kampung Baru Ajil"
11,21800,"Kampung Batu 18"
11,21800,"Kampung Batu 21"
11,21800,"Kampung Belukar Bukit"
11,21800,"Kampung Betong"
11,21800,"Kampung Bukit Apit"
11,21800,"Kampung Bukit Ara"
11,21800,"Kampung Bukit Biman"
11,21800,"Kampung Bukit Perah"
11,21800,"Kampung Bukit Perpat"
11,21800,"Kampung Chenderong Balai"
11,21800,"Kampung Chenderong Lebam"
11,21800,"Kampung Datuk Amar"
11,21800,"Kampung Durian Rendang"
11,21800,"Kampung Gunong"
11,21800,"Kampung Jabar"
11,21800,"Kampung Jak"
11,21800,"Kampung Jerlang"
11,21800,"Kampung Kolam Ajil"
11,21800,"Kampung Kua"
11,21800,"Kampung Lerek"
11,21800,"Kampung Lubok Periok"
11,21800,"Kampung Machang"
11,21800,"Kampung Matang"
11,21800,"Kampung Menerong"
11,21800,"Kampung Panggong"
11,21800,"Kampung Penek"
11,21800,"Kampung Pengkalan Ajal"
11,21800,"Kampung Peris"
11,21800,"Kampung Pulai Api"
11,21800,"Kampung Setia Jaya"
11,21800,"Kampung Sungai Siput"
11,21800,"Kampung Tok Gebok"
11,21800,"Kampung Tok Rendok"
11,21800,"Kampung Tulang Daing"
11,21800,Menerung
11,21810,"Kampung Baru Sungai Binjai"
11,21810,"Kampung Jaya Baru Nasri"
11,21810,"Kampung Landas"
11,21810,"Kampung Pelar"
11,21810,"Kampung Peroh"
11,21810,"Kampung Tok Dor"
11,21820,"Felda Jerangau Barat"
11,21820,"Kampung Baru Mardi"
11,21820,"Kampung Batu 32"
11,21820,"Kampung Landas Estate"
11,21820,"LKTP Bukit Bading"
11,22000,"Alor Lintah"
11,22000,"Balik Bukit"
11,22000,"Bukit Kenak"
11,22000,"Bukit Puteri"
11,22000,"Felda Selaseh"
11,22000,"Gong Nering"
11,22000,Jerteh
11,22000,"Kampung Alor Belanga"
11,22000,"Kampung Alor Keladi"
11,22000,"Kampung Alor Selising"
11,22000,"Kampung Awek Darau"
11,22000,"Kampung Ayer Terjun"
11,22000,"Kampung Baru"
11,22000,"Kampung Baruh Mesin"
11,22000,"Kampung Berhala Tambun"
11,22000,"Kampung Beris Pak Abu"
11,22000,"Kampung Bukit China"
11,22000,"Kampung Bukit Tempurong"
11,22000,"Kampung Cerang Melintang"
11,22000,"Kampung Dalam Huma"
11,22000,"Kampung Darau"
11,22000,"Kampung Denger"
11,22000,"Kampung Durian Merkah"
11,22000,"Kampung Durian Telor"
11,22000,"Kampung Gegar Batang"
11,22000,"Kampung Gerai Muda"
11,22000,"Kampung Gerai Tua"
11,22000,"Kampung Gong Badang"
11,22000,"Kampung Gong Bukit Kenak"
11,22000,"Kampung Gong Chenerai"
11,22000,"Kampung Gong Duek"
11,22000,"Kampung Gong Guchil"
11,22000,"Kampung Gong Jaga"
11,22000,"Kampung Gong Mat Som"
11,22000,"Kampung Gong Nangka"
11,22000,"Kampung Gong Pak Cheng"
11,22000,"Kampung Gong Pasir"
11,22000,"Kampung Gong Penaga"
11,22000,"Kampung Gong Rengas"
11,22000,"Kampung Gong Tanah Merah"
11,22000,"Kampung Gong Terap"
11,22000,"Kampung Hutan Nangka"
11,22000,"Kampung Kolam Jerteh"
11,22000,"Kampung Kubang Bemban"
11,22000,"Kampung Lao Lok"
11,22000,"Kampung Lapan Kejor"
11,22000,"Kampung Lapan Kotak"
11,22000,"Kampung Lubok Kawah"
11,22000,"Kampung Nyior Tujuh"
11,22000,"Kampung Padang Landak"
11,22000,"Kampung Padang Luas"
11,22000,"Kampung Pak Da Malik"
11,22000,"Kampung Pak Wong"
11,22000,"Kampung Paroh"
11,22000,"Kampung Pasir Akar"
11,22000,"Kampung Pekakok"
11,22000,"Kampung Pelagat"
11,22000,"Kampung Pengkalan Setol"
11,22000,"Kampung Pondok Paku"
11,22000,"Kampung Pulai Rimau"
11,22000,"Kampung Pulau Panjang"
11,22000,"Kampung Pulau Ribu"
11,22000,"Kampung Pusu Tinggi"
11,22000,"Kampung Seberang Panggong"
11,22000,"Kampung Tanah Merah"
11,22000,"Kampung Tanjong Alir"
11,22000,"Kampung Tasek"
11,22000,"Kampung Tasek Mengkuang"
11,22000,"Kampung Telaga Nibong"
11,22000,"Kampung Telok"
11,22000,"Kampung Tok Dat"
11,22000,"Kampung Tok Motong"
11,22000,Kerandang
11,22000,"LKTP Jerangau"
11,22000,"Pasir Akar"
11,22000,"Pulau Berangan"
11,22000,"Taman Bakti"
11,22000,"Taman Desa Aman"
11,22000,"Taman Desa Saujana"
11,22000,"Taman Desa Sepakat"
11,22000,"Taman Desa Tani"
11,22000,"Taman Desa Tanjung"
11,22000,"Taman Jaya"
11,22000,"Taman Pelagat"
11,22000,"Taman Saujana"
11,22000,"Taman Seri Nering"
11,22000,"Taman Seri Sepakat"
11,22000,"Taman Teratur"
11,22000,"Taman Tuah"
11,22000,"Tok Kundur"
11,22000,"TUDM Bukit Putri"
11,22010,"Bukit Payong (Jerteh)"
11,22010,"Felcra Keruak"
11,22010,"Kampung Bekok"
11,22010,"Kampung Belaoh"
11,22010,"Kampung Bukit Mali"
11,22010,"Kampung Bukit Payong"
11,22010,"Kampung Cawangan"
11,22010,"Kampung Dengir Tenang"
11,22010,"Kampung Keruak"
11,22010,"Kampung Kuala Sayak"
11,22010,"Kampung La"
11,22010,"Kampung Mata Ayer"
11,22010,"Kampung Padang Bual"
11,22010,"Kampung Panchor"
11,22010,"Kampung Seberang Lalang"
11,22020,Apal
11,22020,"Bukit Jerok"
11,22020,Jabi
11,22020,"Kampung Anak Ikan"
11,22020,"Kampung Anak Musang"
11,22020,"Kampung Bakat"
11,22020,"Kampung Baru Tok Dor"
11,22020,"Kampung Gong Lilit"
11,22020,"Kampung Gong Pasir Jabi"
11,22020,"Kampung Gong Pasir Oh"
11,22020,"Kampung Gong Penaga Jabi"
11,22020,"Kampung Kepala Gajah"
11,22020,"Kampung Kuala Lubang"
11,22020,"Kampung Lay Out (Jabi)"
11,22020,"Kampung Oh"
11,22020,"Kampung Padang Lengkuas"
11,22020,"Kampung Pasir Tawar"
11,22020,"Kampung Pohon Tar"
11,22020,"Kampung Pulau Kala"
11,22020,"Kampung Renek"
11,22020,"Kampung Tempinis"
11,22020,"Kampung Tok Dor"
11,22020,"LKTP Tenang"
11,22100,"Balik Bukit"
11,22100,"Bukit Kemudu"
11,22100,"Bukit Pari"
11,22100,"Bukit Pelong"
11,22100,"Jalan Penarek"
11,22100,"Jalan Ulu Serdang"
11,22100,"Kampung Alor Pasir"
11,22100,"Kampung Alor Serdang"
11,22100,"Kampung Apek"
11,22100,"Kampung Bahagia"
11,22100,"Kampung Banggol"
11,22100,"Kampung Bari Kecil"
11,22100,"Kampung Besut"
11,22100,"Kampung Bintang"
11,22100,"Kampung Bukit Pelong"
11,22100,"Kampung Bukit Swee"
11,22100,"Kampung Buloh"
11,22100,"Kampung Buruk"
11,22100,"Kampung Che Long"
11,22100,"Kampung Che Mohd"
11,22100,"Kampung Guntong"
11,22100,"Kampung Guntong Dalam"
11,22100,"Kampung Guntong Luar"
11,22100,"Kampung Kederang"
11,22100,"Kampung Kuari Batu"
11,22100,"Kampung Nyatok"
11,22100,"Kampung Padang"
11,22100,"Kampung Padang Serai"
11,22100,"Kampung Pak Kancil"
11,22100,"Kampung Panchor Merah"
11,22100,"Kampung Pancur Merah"
11,22100,"Kampung Permaisuri"
11,22100,"Kampung Seri Bayas"
11,22100,"Kampung Tasek"
11,22100,"Kampung Ulu Kekabu"
11,22100,"Kampung Ulu Seladang"
11,22100,"Perumahan Binjai Manis"
11,22107,"Permaisuri - Peti surat"
11,22109,"Permaisuri - Beg berkunci"
11,22110,"Kampung Beris Tokku"
11,22110,"Kampung Fikri"
11,22110,"Kampung Gong Batu"
11,22110,"Kampung Saujana"
11,22110,"Kuala Setiu Baru"
11,22110,"Kuala Setiu Lama"
11,22110,"Lorong Saga"
11,22110,"Lorong Saga Saujana"
11,22110,"Lorong Seliat Saujana"
11,22110,"Lorong Senandong"
11,22110,"Lorong Senandong Saujana"
11,22110,"Lorong Senayong"
11,22110,"Lorong Senayong Saujana"
11,22110,"Lorong Siakap"
11,22110,"Lorong Siakap Saujana"
11,22110,"Lorong Silat"
11,22120,"Jalan Aman"
11,22120,"Jalan Aman Rhu Sepuluh Penarek"
11,22120,"Jalan Bahagia"
11,22120,"Jalan Bahagia Rhu Sepuluh Penarek"
11,22120,"Jalan Makmur"
11,22120,"Jalan Makmur Rhu Sepuluh Penarek"
11,22120,"Kampung Bari Kecil"
11,22120,"Kampung Baru Penarek"
11,22120,"Kampung Bukit Chalok Penarek"
11,22120,"Kampung Mangkok"
11,22120,"Kampung Penarek"
11,22120,"Kampung Penarik"
11,22120,Setiu
11,22200,"Alor Lintang"
11,22200,Besut
11,22200,"Bukit Tanah"
11,22200,"Gong Bayor"
11,22200,"Gong Jelutong"
11,22200,"Gong Medang"
11,22200,"Kampung Alor Simpol"
11,22200,"Kampung Amir"
11,22200,"Kampung Ayer Tawar"
11,22200,"Kampung Baru Ayer Tawar"
11,22200,"Kampung Baru Batu Tumboh"
11,22200,"Kampung Baru Gong Bayor"
11,22200,"Kampung Beting Lintang"
11,22200,"Kampung Gelang Mas"
11,22200,"Kampung Gong Kepas"
11,22200,"Kampung Gong Machang"
11,22200,"Kampung Gong Tiang Layar"
11,22200,"Kampung Gong Tiong"
11,22200,"Kampung Keluang"
11,22200,"Kampung Laha"
11,22200,"Kampung Laman"
11,22200,"Kampung Lohor"
11,22200,"Kampung Padang Baloh"
11,22200,"Kampung Pak Kiang"
11,22200,"Kampung Parit"
11,22200,"Kampung Paya Rawa"
11,22200,"Kampung Pengkalan Nyireh"
11,22200,"Kampung Pinang"
11,22200,"Kampung Raja Besut"
11,22200,"Kampung Rhu Sepuluh"
11,22200,"Kampung Sentosa"
11,22200,"Kampung Tok Fakir Besut"
11,22200,"Kampung Tok Pek"
11,22200,"Kampung Wakaf Kubor"
11,22200,Kedeper
11,22200,"Kubang Ikan"
11,22200,"Pak Mentosa"
11,22200,"Pekan Sehari Tembila"
11,22200,"Pengkalan Kubor"
11,22200,"Pengkalan Teras"
11,22200,"Seberang Kastam"
11,22200,"Seberang Limbongan"
11,22200,"Teluk Kubor"
11,22200,Tembila
11,22300,"Alor Pak Ndok"
11,22300,"Alor Peroi"
11,22300,"Alor Pisang"
11,22300,"Alor Teratai"
11,22300,"Beris Alor Peroi"
11,22300,"Beris Alor Pisang"
11,22300,"Beris Cawat"
11,22300,"Gong Manok"
11,22300,"Gong Nering"
11,22300,"Gong Surau"
11,22300,"Kampung Baru"
11,22300,"Kampung Beris Panggong"
11,22300,"Kampung Gertak Seratus"
11,22300,"Kampung Kayu Kelat"
11,22300,"Kampung Lampu"
11,22300,"Kampung Nail"
11,22300,"Kampung Nangka"
11,22300,"Kampung Paya"
11,22300,"Kampung Sungai"
11,22300,"Kampung Tengah (Kuala Besut)"
11,22300,"Kampung Timur"
11,22300,"Kuala Bedah"
11,22300,"Kuala Besut"
11,22300,Pacakan
11,22300,"Pulau Perhentian"
11,22300,"Pulau Salim"
11,22300,"Teluk Budu"
11,22300,"Tok Saboh"
11,22307,"Kuala Besut - Peti surat"
11,22309,"Kuala Besut - Beg berkunci"
11,23000,"Alor Rekan Bemban"
11,23000,"Bangunan Abdullah Osman"
11,23000,"Bangunan Haji Wahab"
11,23000,"Bangunan Maidam"
11,23000,"Bangunan Yayasan Islam"
11,23000,"Bukit Tok Bilal"
11,23000,Dungun
11,23000,"Dungun (Batu 48)"
11,23000,"Dungun Beach Resort"
11,23000,"Jongok Batu"
11,23000,"Kalongan Intan"
11,23000,"Kampung Alor Jejawi"
11,23000,"Kampung Alor Tembusu"
11,23000,"Kampung Bahagia Tok Kah"
11,23000,"Kampung Balai Besar"
11,23000,"Kampung Batu Enam"
11,23000,"Kampung Batu Lima"
11,23000,"Kampung Batu Puteh"
11,23000,"Kampung Batu Tiong"
11,23000,"Kampung Batu Tujuh"
11,23000,"Kampung Binjai"
11,23000,"Kampung Bukit Belah"
11,23000,"Kampung Bukit Merah Padang Pulut"
11,23000,"Kampung Bukit Murai"
11,23000,"Kampung Bukit Pauh"
11,23000,"Kampung Bukit Tok Bilal"
11,23000,"Kampung Che Lijah"
11,23000,"Kampung Delong"
11,23000,"Kampung Gong Pasir"
11,23000,"Kampung Jongkok Batu"
11,23000,"Kampung Kemudi"
11,23000,"Kampung Padang Jambu"
11,23000,"Kampung Padang Pulut"
11,23000,"Kampung Pak Sabah"
11,23000,"Kampung Peladang"
11,23000,"Kampung Pulau Serai"
11,23000,"Kampung Raja Wali"
11,23000,"Kampung Rantau Abang"
11,23000,"Kampung Rhu Batil"
11,23000,"Kampung Serdang"
11,23000,"Kampung Sukur"
11,23000,"Kampung Sungai Pimpin"
11,23000,"Kampung Talong"
11,23000,"Kampung Tanjong Batu"
11,23000,"Kampung Tanjong Pagar"
11,23000,"Kampung Tanjong Pati"
11,23000,"Kampung Tok Kah"
11,23000,"Kompleks Perniagaan Sura Gate"
11,23000,"Kuala Dungun"
11,23000,"Kuala Jengal"
11,23000,Kumpal
11,23000,"Padang Pulut"
11,23000,"Pasir Raja"
11,23000,"Rantau Abang"
11,23000,"Seberang Pintasan"
11,23000,Sukur
11,23000,"Sura Gate"
11,23000,"Sura Hujong"
11,23000,Talong
11,23000,"Taman Alina"
11,23000,"Taman Anggerik"
11,23000,"Taman Anjaria"
11,23000,"Taman Bersekutu"
11,23000,"Taman Bijaya Sura"
11,23000,"Taman Bukit Bauk 1,2"
11,23000,"Taman Bukit Catak"
11,23000,"Taman Bunga Raya"
11,23000,"Taman Cempaka"
11,23000,"Taman Cenderawasih"
11,23000,"Taman Delima"
11,23000,"Taman Gemilang"
11,23000,"Taman Gong Pasir"
11,23000,"Taman Haji Idris"
11,23000,"Taman Harmoni"
11,23000,"Taman Himiran"
11,23000,"Taman Intan"
11,23000,"Taman Jaya"
11,23000,"Taman Jejawi"
11,23000,"Taman Kurnia Jaya"
11,23000,"Taman Mas Intan"
11,23000,"Taman Mawar"
11,23000,"Taman Melati"
11,23000,"Taman Melor"
11,23000,"Taman Melor 4 Fasa 2"
11,23000,"Taman Mesra"
11,23000,"Taman Murni"
11,23000,"Taman Mutiara"
11,23000,"Taman Norlida"
11,23000,"Taman Omar Al Khatab"
11,23000,"Taman Pantai Sura"
11,23000,"Taman Pelangi 1 & 2"
11,23000,"Taman Perdana Bukit Catak"
11,23000,"Taman Permint Indah"
11,23000,"Taman Rakyat"
11,23000,"Taman Raya"
11,23000,"Taman Ros"
11,23000,"Taman Rumbia"
11,23000,"Taman Saeda"
11,23000,"Taman Selasih Perdana"
11,23000,"Taman Seri Dungun"
11,23000,"Taman Setia"
11,23000,"Taman Sri Bayu"
11,23000,"Taman Sri Intan"
11,23000,"Taman Sri Tanjung"
11,23000,"Taman Sri Warisan"
11,23000,"Taman Sura"
11,23000,"Taman Sura Jaya"
11,23000,"Taman Sura Jetty"
11,23000,"Taman Sura Perdana"
11,23000,"Taman Sura Permai"
11,23000,"Taman Sura Tengah 1"
11,23000,"Taman Sutera"
11,23000,"Taman Telok Lipat"
11,23000,"Taman Wahyu"
11,23000,"Taman Zaharah"
11,23000,"Tanjung Jara Beach Resort"
11,23007,"Dungun - Peti surat"
11,23009,"Dungun - Beg berkunci"
11,23050,"Kampung Baru Kuala Abang"
11,23050,"Kampung Kertas Pulas"
11,23050,"Kampung Kuala Abang"
11,23050,"Kampung Kubang Putat"
11,23050,"Kampung Kubang Temiang"
11,23100,"Jalan Besar Paka"
11,23100,"Jalan Klinik"
11,23100,"Jalan Santong"
11,23100,"Kampung Air Hitam"
11,23100,"Kampung Baru Paka"
11,23100,"Kampung Baru Tebing Tembah"
11,23100,"Kampung Bukit Merah"
11,23100,"Kampung Cacar"
11,23100,"Kampung Cacar Baru"
11,23100,"Kampung Durian Mentangau"
11,23100,"Kampung Gemia"
11,23100,"Kampung Layout Cacar"
11,23100,"Kampung Limbong"
11,23100,"Kampung Masjid"
11,23100,"Kampung Nyior"
11,23100,"Kampung Pantai Laut"
11,23100,"Kampung Pinang Merah"
11,23100,"Kampung Santong"
11,23100,"Kampung Seberang Alor"
11,23100,"Kampung Tebing Tembah"
11,23100,"Kampung Tok Harun"
11,23100,"Kampung Wakaf Hijau"
11,23100,Paka
11,23200,"Bukit Besi"
11,23200,Dendang
11,23200,Jerangau
11,23200,"Kampung Baru"
11,23200,"Kampung Besol"
11,23200,"Kampung Jerangau"
11,23200,"Kampung Kubur"
11,23200,Pinang
11,23200,Rasau
11,23300,"Bandar Ketengah Jaya"
11,23300,"Felda Kerteh (1 - 6)"
11,23300,"Kampung Padang Lalang"
11,23400,"Al Muktafi Billah Shah"
11,24000,"Bakau Tinggi"
11,24000,Binjai
11,24000,"Bukit Kuang"
11,24000,Cukai
11,24000,"Desa Darul Iman"
11,24000,"Dusun Nyior"
11,24000,"Geliga Permai"
11,24000,"Jalan Abdul Rahman"
11,24000,"Jalan Air Puteh"
11,24000,"Jalan Che Teng"
11,24000,"Jalan Da Omar"
11,24000,"Jalan Datok"
11,24000,"Jalan Feri Lama"
11,24000,"Jalan Hospital"
11,24000,"Jalan Injin Gergaji"
11,24000,"Jalan Jakar"
11,24000,"Jalan Kenanga"
11,24000,"Jalan Kubang Kurus"
11,24000,"Jalan Mak Dayang"
11,24000,"Jalan Masjid Lama"
11,24000,"Jalan Pasar"
11,24000,"Jalan Penghiburan"
11,24000,"Jalan Sulaiman"
11,24000,"Jalan Taha"
11,24000,"Jalan Teratai"
11,24000,"Kampung Air"
11,24000,"Kampung Bakau Tinggi"
11,24000,"Kampung Banggol Kanan"
11,24000,"Kampung Banggol Kiri"
11,24000,"Kampung Batu 4 (Binjai)"
11,24000,"Kampung Belakang Esso"
11,24000,"Kampung Belakang Hospital"
11,24000,"Kampung Besut"
11,24000,"Kampung Bukit Kuang"
11,24000,"Kampung Bukit Mentok"
11,24000,"Kampung Cina"
11,24000,"Kampung Darat Olong"
11,24000,"Kampung Dusun Nyior"
11,24000,"Kampung Fikri"
11,24000,"Kampung Geliga"
11,24000,"Kampung Geliga Baru"
11,24000,"Kampung Geliga Besar"
11,24000,"Kampung Geliga Haji Ali"
11,24000,"Kampung Geliga Jambatan"
11,24000,"Kampung Geliga Mengambang"
11,24000,"Kampung Gong Limau"
11,24000,"Kampung Gong Pauh"
11,24000,"Kampung Jabur Kubur"
11,24000,"Kampung Jaya"
11,24000,"Kampung Kuala Kemaman"
11,24000,"Kampung Lot Seri Jaya"
11,24000,"Kampung Mak Chili"
11,24000,"Kampung Mak Cili Paya"
11,24000,"Kampung Mak Dayang"
11,24000,"Kampung Padang Lalang"
11,24000,"Kampung Paman"
11,24000,"Kampung Pancor"
11,24000,"Kampung Pandan"
11,24000,"Kampung Pasir Minal"
11,24000,"Kampung Paya Berenjut"
11,24000,"Kampung Pengkalan Binjai"
11,24000,"Kampung Pengkalan Cicar"
11,24000,"Kampung Pengkalan Pandan"
11,24000,"Kampung Pulau Tempurong"
11,24000,"Kampung Sungai Pinang"
11,24000,"Kampung Tanah Lot Geliga"
11,24000,"Kampung Tempurong"
11,24000,"Kampung Tengah"
11,24000,"Kampung Tuan"
11,24000,"Kampung Wakaf Jambu"
11,24000,"Kuala Kemaman"
11,24000,"Padang Lalang"
11,24000,"Pasir Minar"
11,24000,"Pengkalan Binjai"
11,24000,"Pengkalan Cicar"
11,24000,"Pengkalan Sir"
11,24000,"Pulau Tempurong"
11,24000,"Taman Air Puteh"
11,24000,"Taman Anggerik"
11,24000,"Taman Bahagia"
11,24000,"Taman Baiduri"
11,24000,"Taman Bakar Daud"
11,24000,"Taman Berjaya"
11,24000,"Taman Bersekutu"
11,24000,"Taman Bukit Mentok"
11,24000,"Taman Bunga Tanjung"
11,24000,"Taman Cempaka"
11,24000,"Taman Cendana"
11,24000,"Taman Chua Ah Kee"
11,24000,"Taman Cukai"
11,24000,"Taman Cukai Utama"
11,24000,"Taman Dahlia"
11,24000,"Taman Darul Iman"
11,24000,"Taman Darul Iman 1"
11,24000,"Taman Darul Iman 2"
11,24000,"Taman Darul Iman 3"
11,24000,"Taman Dataran Geliga"
11,24000,"Taman Delima"
11,24000,"Taman Desa Awana"
11,24000,"Taman Desa Cukai"
11,24000,"Taman Desa Impian"
11,24000,"Taman Desa Permai 1"
11,24000,"Taman Desa Permai 2"
11,24000,"Taman Desa Sentosa"
11,24000,"Taman Desa Seri Geliga"
11,24000,"Taman Geliga"
11,24000,"Taman Geliga Besar"
11,24000,"Taman Geliga Maju"
11,24000,"Taman Geliga Sakti"
11,24000,"Taman Ghulam"
11,24000,"Taman Gong Pauh"
11,24000,"Taman Haji Hamzah"
11,24000,"Taman Haji Wan Ngah"
11,24000,"Taman Haji Yaacob"
11,24000,"Taman Idaman"
11,24000,"Taman Indah"
11,24000,"Taman Intan"
11,24000,"Taman Isora"
11,24000,"Taman Itafah"
11,24000,"Taman Jakar Jaya"
11,24000,"Taman Kediaman Indah"
11,24000,"Taman Kekwa"
11,24000,"Taman Kemaman"
11,24000,"Taman Kenari"
11,24000,"Taman Lembah Geliga"
11,24000,"Taman LGL"
11,24000,"Taman Lim Guan Lim"
11,24000,"Taman Maheran"
11,24000,"Taman Mak Cili"
11,24000,"Taman Mat Nor"
11,24000,"Taman Mawar"
11,24000,"Taman Melor"
11,24000,"Taman Melor 2"
11,24000,"Taman Merpati"
11,24000,"Taman Mohd Nor"
11,24000,"Taman Muda"
11,24000,"Taman Muhibbah"
11,24000,"Taman Pantai"
11,24000,"Taman Peladang"
11,24000,"Taman Pelangi"
11,24000,"Taman Permai Jaya"
11,24000,"Taman Perumahan Haji Ismail"
11,24000,"Taman Perumahan Perwaja"
11,24000,"Taman Rahmat"
11,24000,"Taman Samudra"
11,24000,"Taman Sangsura"
11,24000,"Taman Selera"
11,24000,"Taman Seri Cukai"
11,24000,"Taman Seri Geliga"
11,24000,"Taman Seri Indah"
11,24000,"Taman Seri Jakar"
11,24000,"Taman Seri Jaya"
11,24000,"Taman Seri Kalongan"
11,24000,"Taman Seri Kalongan 2"
11,24000,"Taman Seri Kemaman"
11,24000,"Taman Seri Pandan"
11,24000,"Taman Seri Pandan 2"
11,24000,"Taman Seri Pauh"
11,24000,"Taman Si Buyung"
11,24000,"Taman Taja"
11,24000,"Tanjung Berhala"
11,24000,"Teluk Kalong"
11,24000,"Teluk Puchong"
11,24000,"Tok Kapor"
11,24000,"Zon Perindustrian Jakar (1 & 2)"
11,24007,"Cukai - Peti surat"
11,24009,"Cukai - Beg berkunci"
11,24050,"Arkid Mara"
11,24050,"Ayer Puteh"
11,24050,Dadong
11,24050,"Kampung Baran"
11,24050,"Kampung Batu 14"
11,24050,"Kampung Batu 16"
11,24050,"Kampung Habib Mohsin"
11,24050,"Kampung Hilir Pasir Gajah"
11,24050,"Kampung Hulu"
11,24050,"Kampung Hulu Pasir Gajah"
11,24050,"Kampung Hulu Seberang Tayor"
11,24050,"Kampung Kubang Kurus"
11,24050,"Kampung Laut Pasir Gajah"
11,24050,"Kampung Sungai Mas"
11,24050,"Kampung Tanah Lot Ayer Puteh"
11,24050,"Kampung Tanah Lot Pasir Gajah"
11,24050,"Kampung Tengah Pasir Gajah"
11,24050,"Ladang Tebak"
11,24050,"Padang Kubu"
11,24050,"Pasir Gajah"
11,24050,"RKT Seberang Tayor"
11,24050,"Seberang Tayor"
11,24050,Ceneh
11,24050,"Ceneh Baru"
11,24050,"Cerul Baru"
11,24060,"Kampung Yak Yah"
11,24060,"Lot 144"
11,24060,Neram
11,24060,"Neram I"
11,24100,"Kampung Atas Tebing"
11,24100,"Kampung Baru Bukit Anak Dara"
11,24100,"Kampung Baru Kanan"
11,24100,"Kampung Baru Titian Berayong"
11,24100,"Kampung Beris Nenas"
11,24100,"Kampung Bukit Anak Dara"
11,24100,"Kampung Bukit Sembilan"
11,24100,"Kampung Che Wan"
11,24100,"Kampung Darat Air Puteh"
11,24100,"Kampung Darat Haji Awang"
11,24100,"Kampung Darat Kijal"
11,24100,"Kampung Darat Penunjuk"
11,24100,"Kampung Darat Stesyen Bawah"
11,24100,"Kampung Ibai"
11,24100,"Kampung Ibok"
11,24100,"Kampung Jong Berlaboh"
11,24100,"Kampung Lasir Darat Kijal"
11,24100,"Kampung Masjid (Kijal)"
11,24100,"Kampung Mentauh"
11,24100,"Kampung Meraga Beris"
11,24100,"Kampung Padang Kemunting"
11,24100,"Kampung Pantai Penunjuk"
11,24100,"Kampung Penunjuk"
11,24100,"Kampung Pondok Limau"
11,24100,"Kampung Pondok Paska"
11,24100,"Kampung Simpang Bukit Kemuning"
11,24100,"Kampung Simpang Empat"
11,24100,"Kampung Tengah"
11,24100,"Kampung Tengah Bawah Tebing"
11,24100,"Kampung Tengah Ibok"
11,24100,"Kampung Tengah Pantai"
11,24100,"Kampung Titian Berayong"
11,24100,Kijal
11,24100,"Kijal Beach Resort"
11,24100,"Simpang Pelatoh"
11,24100,Teladas
11,24107,"Kijal - Peti surat"
11,24109,"Kijal - Beg berkunci"
11,24200,"Ayer Jerneh"
11,24200,"Bandar D"
11,24200,"Kampung Baru Semanyor"
11,24200,"Kampung Batu 6 1/2 (Ayer Jerneh)"
11,24200,"Kampung Bukit Kijang"
11,24200,"Kampung Bukit Pak Long"
11,24200,"Kampung Bukit Teruna Payoh"
11,24200,"Kampung Gong Chengal"
11,24200,"Kampung Loke Kod Ayer Jernih"
11,24200,"Kampung Melayu Ayer Jerneh"
11,24200,"Kampung Padang"
11,24200,"Kampung Payoh"
11,24200,"Kampung Seberang Payoh"
11,24200,"Kampung Semanyor"
11,24200,Kemasek
11,24200,"Seri Bandi"
11,24200,"Taman Wan Adnan"
11,24207,"Kemasek - Peti surat"
11,24209,"Kemasek - Beg berkunci"
11,24300,"Bandar Baru"
11,24300,"EstateTengah / Petronas"
11,24300,"Jalan Besar"
11,24300,"Jalan Chabang"
11,24300,"Jalan Federal"
11,24300,"Kampung Api Rokok"
11,24300,"Kampung Bangsal Arang"
11,24300,"Kampung Baru"
11,24300,"Kampung Baru Chabang"
11,24300,"Kampung Batu Puteh"
11,24300,"Kampung Bukit Pahang Estate"
11,24300,"Kampung Cabang"
11,24300,"Kampung Gelugor"
11,24300,"Kampung Kolam Austasia"
11,24300,"Kampung Labohan"
11,24300,"Kampung Padang Bola"
11,24300,"Kampung Pengkalan Ranggon"
11,24300,"Kampung Ranggon Estate"
11,24300,"Kampung Seberang Lalang"
11,24300,"Kampung Telaga Papan"
11,24300,"Kampung Tengah"
11,24300,Kerteh
11,24300,"Kompleks Rantau Petronas"
11,24300,"Nyor Matel"
11,24300,"Rantau Petronas"
