14,50000,"Bangunan Bangkok Bank"
14,50000,"Jalan Balai Polis"
14,50000,"Jalan Bandar"
14,50000,"Jalan Cheng Lock"
14,50000,"Jalan Hang Lekir"
14,50000,"Jalan Hang Naadim"
14,50000,"Jalan Panggung"
14,50000,"Jalan Petaling"
14,50000,"Jalan Sang Guna"
14,50000,"Jalan Skola"
14,50000,"Jalan Sultan"
14,50000,"Jalan Sultan Sulaiman"
14,50000,"Jalan Tun H.S. Lee"
14,50000,"Kompleks Kota Raya"
14,50000,"Lorong Bandar 16"
14,50000,"Lorong Hang Lekir"
14,50000,"Lorong Madras"
14,50000,"Lorong Panggung"
14,50000,"Lorong Sang Guna"
14,50000,"Lorong Sultan"
14,50050,"Balai Seni Lukis Negara"
14,50050,"Bangunan Bank Pertanian"
14,50050,"Bangunan Cahaya Suria"
14,50050,"Bangunan Lee Yan Lian"
14,50050,"Bangunan Strait Trading"
14,50050,"Central Square"
14,50050,"Jalan Benteng"
14,50050,"Jalan Hang Kasturi"
14,50050,"Jalan Mahkamah Persekutuan"
14,50050,"Jalan Mahkamah Tinggi"
14,50050,"Jalan Medan Pasar"
14,50050,"Jalan Raja"
14,50050,"Jalan Silang"
14,50050,"Jalan Sultan Hishamuddin"
14,50050,"Jalan Sultan Mohammed"
14,50050,"Jalan Tugu"
14,50050,"Jalan Tun Perak"
14,50050,"Jalan Yap Ah Loy"
14,50050,"Kompleks Dayabumi"
14,50050,"Lebuh Pasar Besar"
14,50050,"Lebuh Pudu"
14,50050,"Lorong Pudu"
14,50050,"Lorong Silang"
14,50050,"Lorong Yap Ah Loy"
14,50050,"Medan Pasar"
14,50050,"Menara Maybank"
14,50050,"Muzium Sejarah Nasional Kuala Lumpur"
14,50050,"Pasar Budaya"
14,50050,"Stesen Keretapi Kuala Lumpur"
14,50050,"Yayasan Pencegahan Jenayah Malaysia"
14,50088,"Kuala Lumpur City Centre (KLCC)"
14,50088,"Menara Berkembar PETRONAS"
14,50100,"Bangunan Bank Of Tokyo"
14,50100,"Bangunan Dato Zainal"
14,50100,"Bangunan Mara"
14,50100,"Capital Square"
14,50100,"Jalan Bunus"
14,50100,"Jalan Bunus 1"
14,50100,"Jalan Dang Wangi"
14,50100,"Jalan Gereja"
14,50100,"Jalan Hang Lekiu"
14,50100,"Jalan Masjid India"
14,50100,"Jalan Medan Bonus"
14,50100,"Jalan Melaka"
14,50100,"Jalan Melayu"
14,50100,"Jalan Munshi Abdullah"
14,50100,"Jalan Tuanku Abdul Rahman"
14,50100,"Jalan Tun Fatimah"
14,50100,"Lebuh Ampang"
14,50100,"Lorong Ampang"
14,50100,"Lorong Ampang (1 - 2)"
14,50100,"Lorong Bunus (1 - 6)"
14,50100,"Lorong Gombak"
14,50100,"Lorong Hang Lekiu"
14,50100,"Lorong Masjid India (2 & 4)"
14,50100,"Lorong Medan Bunus"
14,50100,"Lorong Tunku Abdul Rahman"
14,50100,"Lorong Tunku Abdul Rahman (1-8,10 & 15)"
14,50100,"Medan Bunus"
14,50100,"Menara Bumiputra - Commerce Bank"
14,50100,"Menara Multi Purpose"
14,50100,"Persiaran Capsquare"
14,50100,"Wisma Yakin"
14,50100,"6 CAP Square"
14,50150,"Jalan Changkat Stadium"
14,50150,"Jalan Galloway"
14,50150,"Jalan Hang Isap"
14,50150,"Jalan Hang Jebat"
14,50150,"Jalan Maharajalela"
14,50150,"Jalan Robertson"
14,50150,"Jalan Sin Chee Kee"
14,50150,"Jalan Stadium"
14,50150,"Jalan Wesley"
14,50150,"Lorong Hang Jebat"
14,50150,"Stadium Chin Woo"
14,50150,"Stadium Merdeka"
14,50150,"Stadium Negara"
14,50150,"Wisma Pahlawan"
14,50200,"Blue Boy Mansion"
14,50200,"Cangkat Bukit Bintang"
14,50200,"Cangkat Raja Chulan"
14,50200,"Istana Pahang"
14,50200,"Jalan Alor"
14,50200,"Jalan Angsoka"
14,50200,"Jalan Bedara"
14,50200,"Jalan Berangan"
14,50200,"Jalan Beremi"
14,50200,"Jalan Bukit Ceylon"
14,50200,"Jalan Bukit Kewangan"
14,50200,"Jalan Ceylon"
14,50200,"Jalan Hicks"
14,50200,"Jalan Mahkamah"
14,50200,"Jalan Mesui"
14,50200,"Jalan Nagasari"
14,50200,"Jalan Pudu Lama"
14,50200,"Jalan Raja Chulan"
14,50200,"Jalan Rembia"
14,50200,"Jalan Sahabat"
14,50200,"Jalan Tingkat Tong Shin"
14,50200,"Jalan Tong Shin"
14,50200,"Kompleks Kewangan"
14,50200,"Lorong Ceylon"
14,50200,"Lorong Sahabat"
14,50200,"Menara Antara"
14,50200,"Menara Boustead"
14,50200,"Menara Bukit Ceylon"
14,50200,"Menara City"
14,50200,"Menara ING"
14,50200,"Menara Regency"
14,50200,"Persiaran Raja Chulan"
14,50200,"Satu Residensi"
14,50200,"Tingkat Tong Shin"
14,50250,"Bangunan Bank Industri"
14,50250,"Bangunan Bank Pembangunan"
14,50250,"Bangunan Kenanga International"
14,50250,"Bangunan Mas"
14,50250,"Cangkat Perak"
14,50250,"Jalan Bukit Nenas"
14,50250,"Jalan Chendana"
14,50250,"Jalan Law Yew Swee"
14,50250,"Jalan P. Ramlee"
14,50250,"Jalan Puncak"
14,50250,"Jalan Sultan Ismail"
14,50250,"Jalan Tengah"
14,50250,"Kampung Chendana"
14,50250,"Kompleks Antarabangsa"
14,50250,"Lorong P. Ramlee"
14,50250,"Lorong Perak"
14,50250,"Lorong Raja Chulan"
14,50250,"Menara Haw Par"
14,50250,"Menara KL"
14,50250,"Menara Pan Global"
14,50250,"Menara Promet"
14,50250,"Menara Shahzan Prudential"
14,50250,"Menara Sheraton"
14,50250,"Menara SMI"
14,50250,"Menara UBN"
14,50250,"Permodalan Nasional Berhad"
14,50250,"President House"
14,50250,"Suruhanjaya Tenaga"
14,50250,"Syarikat Perumahan Negara"
14,50250,"Kompleks Beli-Belah Quill"
14,50300,"SKY Residences"
14,50300,"Jalan Abdul Manan Nordin"
14,50300,"Jalan Abdul Rahman Idris"
14,50300,"Jalan Abdullah Yasin"
14,50300,"Jalan Dato Abd Manan Nordin"
14,50300,"Jalan Datuk Abdul Malek"
14,50300,"Jalan Datuk Abdul Razak"
14,50300,"Jalan Datuk Abdullah Yassin"
14,50300,"Jalan Daud"
14,50300,"Jalan Dewan Sultan Sulaiman"
14,50300,"Jalan Doraisamy"
14,50300,"Jalan Haji Hashim"
14,50300,"Jalan Haji Hussein"
14,50300,"Jalan Haji Hussein Kiri (1 - 2)"
14,50300,"Jalan Haji Sirat"
14,50300,"Jalan Haji Yaakob"
14,50300,"Jalan Haji Yahya Sheikh Ahmad"
14,50300,"Jalan Haji Zainuddin"
14,50300,"Jalan Hamzah"
14,50300,"Jalan Kemunting"
14,50300,"Jalan Khatib Koyan"
14,50300,"Jalan Mahmud"
14,50300,"Jalan Medan Tuanku"
14,50300,"Jalan Medan Tuanku Satu"
14,50300,"Jalan Puan"
14,50300,"Jalan Raja Abdullah"
14,50300,"Jalan Raja Alang"
14,50300,"Jalan Raja Ali"
14,50300,"Jalan Raja Bot"
14,50300,"Jalan Raja Mahadi"
14,50300,"Jalan Raja Mahmud"
14,50300,"Jalan Raja Muda"
14,50300,"Jalan Raja Muda Abdul Aziz"
14,50300,"Jalan Raja Muda Musa"
14,50300,"Jalan Raja Uda"
14,50300,"Jalan Rakan"
14,50300,"Jalan Salleh"
14,50300,"Jalan Sungai Baru"
14,50300,"Jalan Sungai Baru (1 - 5)"
14,50300,"Jalan Syed Mahadi"
14,50300,"Jalan Yap Ah Shak"
14,50300,"Kampung Doraisamy"
14,50300,"Kampung Limau"
14,50300,"Kampung Periuk"
14,50300,"Lorong Daud"
14,50300,"Lorong Haji Hussein (1 - 2)"
14,50300,"Lorong Kampung Periuk"
14,50300,"Lorong Khatib Koyan"
14,50300,"Lorong Mahmood"
14,50300,"Lorong Masjid Pakistan"
14,50300,"Lorong Medan Tuanku (1 - 2)"
14,50300,"Lorong Pasar"
14,50300,"Lorong Raja Alang"
14,50300,"Lorong Raja Bot"
14,50300,"Lorong Raja Mahadi"
14,50300,"Lorong Raja Mahmud"
14,50300,"Lorong Raja Muda Musa (1 - 6)"
14,50300,"Lorong Raja Uda 1"
14,50300,"Lorong Raja Uda 2"
14,50300,"Lorong Tunku Abdul Rahman (9,11 & 13)"
14,50300,"Lorong Tunku Abdul Rahman Kanan"
14,50300,"Lorong Tunku Abdul Rahman Kanan(1 - 5)"
14,50300,"Lorong Yap Ah Shak"
14,50300,"Lorong Zainuddin"
14,50300,"Menara Kota"
14,50300,"Wisma RKT II (Jln Raja Abdullah)"
14,50350,"Bangunan DBKL"
14,50350,"Bangunan Kuwasa"
14,50350,"Bangunan LPPKN"
14,50350,"Jalan 1/64A"
14,50350,"Jalan 2/64"
14,50350,"Jalan 2/64A"
14,50350,"Jalan 3/64A"
14,50350,"Jalan Belia"
14,50350,"Jalan Berkek"
14,50350,"Jalan Brodrick"
14,50350,"Jalan Chegar"
14,50350,"Jalan Chow Kit"
14,50350,"Jalan Chow Kit Kiri"
14,50350,"Jalan Haji Taib"
14,50350,"Jalan Ipoh Kecil"
14,50350,"Jalan Laman Raja Laut"
14,50350,"Jalan Merbok"
14,50350,"Jalan Merpati"
14,50350,"Jalan Putra"
14,50350,"Jalan Rahmat"
14,50350,"Jalan Raja Laut"
14,50350,"Jalan Semarang"
14,50350,"Jalan Seri Amar"
14,50350,"Jalan Thamboosamay"
14,50350,"Jalan Tiong Nam"
14,50350,"Kampung Semarang"
14,50350,"Laman Raja Laut"
14,50350,"Lengkok Raja Laut"
14,50350,"Lorong Chow Kit"
14,50350,"Lorong Haji Taib (1 - 18)"
14,50350,"Lorong Rahmat"
14,50350,"Lorong Raja Laut"
14,50350,"Lorong Raja Laut Kechil"
14,50350,"Lorong Tiong Nam (1 - 8)"
14,50350,"Lorong Tunku Abdul Rahman (12,14,16,18)"
14,50350,"Lorong Tunku Abdul Rahman Kiri (1 - 4)"
14,50350,"Menara Tun Razak"
14,50350,"Resource House"
14,50350,"The Mall"
14,50350,"Wisma PKNS"
14,50400,"Balai Islam"
14,50400,"Bangunan City Square"
14,50400,"Bangunan MIDF"
14,50400,"Bangunan PNB"
14,50400,"Bangunan Tabung Haji"
14,50400,"Hospital Sentosa"
14,50400,"Institut Jantung Negara"
14,50400,"Jabatan Lanskap Negara"
14,50400,"Jalan Batu Bata"
14,50400,"Jalan Bidor"
14,50400,"Jalan Chemor"
14,50400,"Jalan Chermai"
14,50400,"Jalan Dato Haji Eusoff"
14,50400,"Jalan Doktor Latiff"
14,50400,"Jalan Kampar"
14,50400,"Jalan Kinta"
14,50400,"Jalan Lahat"
14,50400,"Jalan Lumut"
14,50400,"Jalan Pangkor"
14,50400,"Jalan Pekeliling Lama"
14,50400,"Jalan Saga"
14,50400,"Jalan Sitiawan"
14,50400,"Jalan Taiping"
14,50400,"Jalan Tun Razak"
14,50400,"Kampung Dato Haji Yusof"
14,50400,"Kompleks Damai"
14,50400,"Lorong Raja Muda"
14,50400,"Menara Empire"
14,50400,"Menara PJD (Jln Tun Razak)"
14,50400,"Menara Tan & Tan"
14,50400,"Menara Tower G, Jalan Tun Razak"
14,50400,"Pangsapuri The Orion"
14,50400,"Pusat Darah Negara"
14,50400,"Wisma Bernama"
14,50450,"Bangunan Angkasa Raya"
14,50450,"Bangunan Getah Asli"
14,50450,"Bangunan Risda"
14,50450,"Cangkat Kia Peng"
14,50450,"Desa Kuda Lari"
14,50450,"Hospital Gleneagles"
14,50450,"Jalan 1/67B"
14,50450,"Jalan Ampang (Hingga Km 6.5)"
14,50450,"Jalan Binjai"
14,50450,"Jalan Changkat Kia Peng"
14,50450,"Jalan Conlay"
14,50450,"Jalan Eaton"
14,50450,"Jalan Kia Peng"
14,50450,"Jalan Liew Weng Chee"
14,50450,"Jalan Lumba Kuda"
14,50450,"Jalan Mayang"
14,50450,"Jalan Mayang Sari"
14,50450,"Jalan Perak"
14,50450,"Jalan Pinang"
14,50450,"Jalan Stonor"
14,50450,"Jalan Yap Kwan Seng"
14,50450,"Kampung Baru Seberang"
14,50450,"Kompleks Budaya Kraf"
14,50450,"Kondominium Troika 19"
14,50450,"Lorong Binjai"
14,50450,"Lorong Kuda"
14,50450,"Lorong Mayang"
14,50450,"Lorong Nibong"
14,50450,"Lorong Stonor"
14,50450,"Lorong Yap Kwan Seng"
14,50450,Matic
14,50450,"Menara Bena"
14,50450,"Menara Citibank"
14,50450,"Menara MCIS"
14,50450,"Menara MNI"
14,50450,"Menara Perkeso"
14,50450,"Menara Pinang"
14,50450,"Menara TR"
14,50450,"Menara UOA"
14,50450,"Pangsapuri 157 Hampshire 1"
14,50450,"Pangsapuri Vista Permai"
14,50450,"Persiaran Hampshire"
14,50450,"Persiaran Lidcol"
14,50450,"Persiaran Stonor"
14,50450,"Rumah Sabah"
14,50450,"Wisma MCA"
14,50450,"Persiaran KLCC"
14,50450,"Wisma 20 Perak"
14,50450,"Kia Peng 6 Square"
14,50460,"Bangunan Perangsang Segemal"
14,50460,"Bukit Petaling"
14,50460,"Desa Angkasaraya PUKL"
14,50460,"Jalan Akar"
14,50460,"Jalan Belfield"
14,50460,"Jalan Bellamy"
14,50460,"Jalan Bukit Petaling"
14,50460,"Jalan Choo Cheng Khay"
14,50460,"Jalan Gajus"
14,50460,"Jalan Hose"
14,50460,"Jalan Istana"
14,50460,"Jalan Kampung Attap"
14,50460,"Jalan Kerayong"
14,50460,"Jalan Kerayong Kecil"
14,50460,"Jalan Lapangan Terbang Lama"
14,50460,"Jalan Manau"
14,50460,"Jalan Paoh"
14,50460,"Jalan Permai"
14,50460,"Jalan Robson"
14,50460,"Jalan Rotan"
14,50460,"Jalan Socony"
14,50460,"Jalan Syed Putra"
14,50460,"Jalan Tallala"
14,50460,"Jalan Tuba"
14,50460,"Jalan Wisma Putra"
14,50460,"Kampung Attap"
14,50460,"Kampung Bellamy"
14,50460,"Kampung Delima"
14,50460,"Kampung Kerayong"
14,50460,"Kampung Loke Yew"
14,50460,"Lengkok Belfield"
14,50460,"Lengkok Bellamy"
14,50460,"Lorong Belfield"
14,50460,"Lorong Gajus"
14,50460,"Lorong Kerayong"
14,50460,"Lorong Permai"
14,50460,"Lorong Syed Putra"
14,50460,"Lorong Syed Putra Kiri"
14,50460,"Persiaran Endau"
14,50460,"Persiaran Indah"
14,50460,"Persiaran Syed Putra"
14,50460,"Taman Park Avenue"
14,50460,"Taman Persiaran Desa"
14,50460,"Wisma Putra"
14,50470,"Hotel Summer View, KL"
14,50470,"Jalan Ang Seng"
14,50470,"Jalan Ang Seng (1 - 6)"
14,50470,"Jalan Anthony"
14,50470,"Jalan Berhala"
14,50470,"Jalan Chan Ah Tong"
14,50470,"Jalan Marsh"
14,50470,"Jalan Padang Belia"
14,50470,"Jalan Rozario"
14,50470,"Jalan Scott"
14,50470,"Jalan Stesen Sentral 5"
14,50470,"Jalan Sultan Abdul Samad"
14,50470,"Jalan Tebing"
14,50470,"Jalan Thambapillai"
14,50470,"Jalan Thambapillay 1"
14,50470,"Jalan Thambipillay"
14,50470,"Jalan Thamby Abdullah"
14,50470,"Jalan Thamby Abdullah (1 - 2)"
14,50470,"Jalan Travers"
14,50470,"Jalan Tun Sambanthan"
14,50470,"Jalan Vivekananda"
14,50470,"Kampung Brickfields"
14,50470,"Kampung Khatijah"
14,50470,"Kampung Ksatam"
14,50470,"Kampung Scott"
14,50470,"Kampung Syed Putra"
14,50470,"Kuala Lumpur Sentral"
14,50470,"Lengkok Tun Sambanthan"
14,50470,"Lorong Abdul Samad"
14,50470,"Lorong Berhala"
14,50470,"Lorong Chan Ah Tong"
14,50470,"Lorong Kerbau"
14,50470,"Lorong Padang Belia"
14,50470,"Lorong Scott"
14,50470,"Lorong Sultan Abdul Samad"
14,50470,"Lorong Vivekananda"
14,50480,"Bangunan Bank Negara"
14,50480,"Bangunan Bank Rakyat"
14,50480,"Bangunan British Council"
14,50480,"Bukit Ledang"
14,50480,"Bukit Persekutuan (Kenny Hill)"
14,50480,"Cangkat Damansara"
14,50480,"Cangkat Duta"
14,50480,"Cangkat Duta Kiara"
14,50480,"Cangkat Persekutuan"
14,50480,"Cangkat Tunku"
14,50480,"Carcosa Seri Negara"
14,50480,"Cerunan Tunku"
14,50480,"DaLaman Tunku"
14,50480,"Dataran Tunku"
14,50480,"Desa Sri Hartamas"
14,50480,"Duta Kensington"
14,50480,"Duta Tropika"
14,50480,"Institut Kefahaman Islam (IKIM)"
14,50480,"Jalan Bukit Aman"
14,50480,"Jalan Bukit Kota"
14,50480,"Jalan Bukit Ledang"
14,50480,"Jalan Bukit Travers"
14,50480,"Jalan Bukit Tunku"
14,50480,"Jalan Cangkat Damansara"
14,50480,"Jalan Cangkat Persekutuan"
14,50480,"Jalan Carruthers"
14,50480,"Jalan Cemerlang"
14,50480,"Jalan Cenderasari"
14,50480,"Jalan Cenderawasih"
14,50480,"Jalan Damansara (Hingga Km 9.5)"
14,50480,"Jalan Dato Onn"
14,50480,"Jalan Desa Kiara 1"
14,50480,"Jalan Duta"
14,50480,"Jalan Duta Hartamas"
14,50480,"Jalan Duta Kiara"
14,50480,"Jalan Dutamas"
14,50480,"Jalan Dutamas 1"
14,50480,"Jalan Gallagher"
14,50480,"Jalan Gegambir"
14,50480,"Jalan Gemilang"
14,50480,"Jalan Girdle"
14,50480,"Jalan Johor Selatan"
14,50480,"Jalan Kebun Bunga"
14,50480,"Jalan Kedah"
14,50480,"Jalan Kelantan"
14,50480,"Jalan Kerja Ayer"
14,50480,"Jalan Kiara"
14,50480,"Jalan Kiara 2"
14,50480,"Jalan Kiara 3"
14,50480,"Jalan Kiara 5"
14,50480,"Jalan Kiara 7"
14,50480,"Jalan Kinabalu"
14,50480,"Jalan Kota"
14,50480,"Jalan Langgak Duta"
14,50480,"Jalan Langgak Tasek"
14,50480,"Jalan Ledang"
14,50480,"Jalan Lembah"
14,50480,"Jalan Lembah Duta"
14,50480,"Jalan Lembah Ledang"
14,50480,"Jalan Lembah Tunku"
14,50480,"Jalan Mahameru"
14,50480,"Jalan Merchu"
14,50480,"Jalan Negeri Sembilan"
14,50480,"Jalan Nusa"
14,50480,"Jalan Parlimen"
14,50480,"Jalan Perdana"
14,50480,"Jalan Perlis"
14,50480,"Jalan Persekutuan"
14,50480,"Jalan Petalawati"
14,50480,"Jalan Puncak Kiara (4 - 5)"
14,50480,"Jalan Selangor"
14,50480,"Jalan Sri Hartamas 1"
14,50480,"Jalan Sultan Salahuddin"
14,50480,"Jalan Syers"
14,50480,"Jalan Taman Duta"
14,50480,"Jalan Taming Sari"
14,50480,"Jalan Tanglin"
14,50480,"Jalan Tangsi"
14,50480,"Jalan Tembusu"
14,50480,"Jalan Tembusu Selatan"
14,50480,"Jalan Tembusu Utara"
14,50480,"Jalan Tengku Ampuan"
14,50480,"Jalan Terengganu"
14,50480,"Jalan Tun Ismail"
14,50480,"Jalan Tunku"
14,50480,"Jalan Tunku Dalam"
14,50480,"Jalan Tunku Genting"
14,50480,"Jalan Tunku Kanan"
14,50480,"Jalan Tunku Kiri"
14,50480,"Jalan Tunku Pertama"
14,50480,"Jalan Tunku Putera"
14,50480,"Jalan Tunku Putra"
14,50480,"Jalan Tunku Rendah"
14,50480,"Jalan Tunku Selatan"
14,50480,"Jalan Tunku Selekoh"
14,50480,"Jalan Tunku Tengah"
14,50480,"Jalan Tunku Tepi"
14,50480,"Jalan Tunku Timur"
14,50480,"Jalan Tunku Tinggi"
14,50480,"Jalan Tunku Utara"
14,50480,"Kampung Maxwell"
14,50480,"Kampung Pertanian"
14,50480,"Kelok Tunku"
14,50480,"Kiara Verve Suites"
14,50480,"Kiara View Sri Hartamas"
14,50480,"Kompleks Duta"
14,50480,"Kondominium Ceriaan Kiara"
14,50480,"Laman Tunku"
14,50480,"Langgak Tunku"
14,50480,"Lembah Duta"
14,50480,"Lengkongan Negeri Sembilan"
14,50480,"Liku Tunku"
14,50480,"Lingkungan DutaMas"
14,50480,"Lingkungan Negeri Sembilan"
14,50480,"Lorong Bukit Kota"
14,50480,"Lorong Duta (1 - 5)"
14,50480,"Lorong Kota"
14,50480,"Lorong Kota (1 - 4)"
14,50480,"Lorong Lembah Tunku"
14,50480,"Lorong Nusa (1 - 2)"
14,50480,"Lorong Semantan"
14,50480,"Lorong Tembusu Selatan"
14,50480,"Lorong Tembusu Utara"
14,50480,"Lorong Tinggian Tunku"
14,50480,"Lorong Travers"
14,50480,"Lorong Tun Ismail"
14,50480,"Lorong Tunku Bahagia"
14,50480,"Lorong Tunku Sentosa"
14,50480,"Lurah Tunku"
14,50480,"Memorial Tunku Abd Rahman"
14,50480,"Menara Majestic"
14,50480,"Mont Kiara"
14,50480,"Pangsapuri Casa Kiara 2"
14,50480,"Pangsapuri Gateway Kiaramas"
14,50480,"Pangsapuri Tiffani Kiara"
14,50480,"Pejabat Masjid Negara"
14,50480,"Pekarangan Tun Ismail"
14,50480,"Persiaran Bukit Tunku"
14,50480,"Persiaran Carruthers"
14,50480,"Persiaran Duta"
14,50480,"Persiaran Ledang"
14,50480,"Persiaran Mahameru"
14,50480,"Persiaran Negeri Sembilan"
14,50480,"Persiaran Sultan Salahuddin"
14,50480,"Persiaran Taman Tunku"
14,50480,"Persiaran Tun Ismail"
14,50480,"Pinggiran Tunku"
14,50480,"Putra World Trade Centre (PWTC)"
14,50480,"Selekoh Tunku"
14,50480,"Simpang Natesa"
14,50480,"Simpang Nusa"
14,50480,"Simpang Tunku Putra"
14,50480,"Solaris Dutamas"
14,50480,"Solaris Mont Kiara"
14,50480,"Sri Hartamas"
14,50480,"Taman Seri Hartamas"
14,50480,"Taman Tunku"
14,50480,"Tepian Tunku"
14,50480,"Tijani 2 Bukit Tunku"
14,50480,"Wisma Tani"
14,50480,"Yayasan Dakwah Islamiah Malaysia"
14,50480,"Kiara Verve Suites"
14,50480,"Jalan Sultan Haji Ahmad Shah (Jalan Khidmat Usaha)"
14,50480,"Jalan Tunku Abdul Halim (Jalan Duta)"
14,50480,"Persiaran Tuanku Jaafar (Persiaran Mahameru)"
14,50480,"Persiaran Tuanku Syed Sirajuddin (Persiaran Duta)"
14,50480,"Persiaran Dutamas"
14,50480,"Jalan Sultan Mizan Zainal Abidin (Jalan Ibadah))"
14,50480,"Jalan Sultan Mizan Zainal Abidin (Jalan Khidmat Setia)"
14,50480,"Bukit Tunku"
14,50480,"Lebuhraya Sultan Iskandar (Lebuhraya Mahameru)"
14,50490,"Bukit Damansara"
14,50490,"Bangunan Exchange Square"
14,50490,"Bukit Damansara"
14,50490,"Commerce Square"
14,50490,"Damansara Indah Heights"
14,50490,"Jabatan Perkhidmatan Pembentungan"
14,50490,"Jalan Balau"
14,50490,"Jalan Batai"
14,50490,"Jalan Batai Barat"
14,50490,"Jalan Batai Tepi"
14,50490,"Jalan Batai Utara"
14,50490,"Jalan Beka"
14,50490,"Jalan Belimbing"
14,50490,"Jalan Beluntas"
14,50490,"Jalan Beringin"
14,50490,"Jalan Beruas"
14,50490,"Jalan Birah"
14,50490,"Jalan Camperai"
14,50490,"Jalan Cempanai"
14,50490,"Jalan Changkat Semantan"
14,50490,"Jalan Chelagi"
14,50490,"Jalan Damanlela"
14,50490,"Jalan Damansara"
14,50490,"Jalan Damansara Indah"
14,50490,"Jalan Damansara Permai"
14,50490,"Jalan Derumum"
14,50490,"Jalan Dungun"
14,50490,"Jalan Gapis"
14,50490,"Jalan Gelenggang"
14,50490,"Jalan Jarak"
14,50490,"Jalan Jelutong"
14,50490,"Jalan Johar"
14,50490,"Jalan Kasah"
14,50490,"Jalan Kasah Dalam"
14,50490,"Jalan Kasah Tepi"
14,50490,"Jalan Kekabu"
14,50490,"Jalan Medan Setia"
14,50490,"Jalan Semantan"
14,50490,"Jalan Semantan (1 - 2)"
14,50490,"Jalan Setiabakti"
14,50490,"Jalan Setiabakti (1 - 10)"
14,50490,"Jalan Setiabistari"
14,50490,"Jalan Setiabistari (1 - 8)"
14,50490,"Jalan Setiabudi"
14,50490,"Jalan Setiajasa"
14,50490,"Jalan Setiajaya"
14,50490,"Jalan Setiakasih"
14,50490,"Jalan Setiakasih (1 - 9)"
14,50490,"Jalan Setiamurni"
14,50490,"Jalan Setiamurni (1 - 12)"
14,50490,"Jalan Setiapuspa"
14,50490,"Jalan Setiarasa"
14,50490,"Jalan Setiaraya"
14,50490,"Jalan Teruntong"
14,50490,"Ketua Pengarah Jabatan Perkhidmatan Pembentungan"
14,50490,"Lengkok Setiabistari"
14,50490,"Lengkok Setiabudi"
14,50490,"Liku Bruas"
14,50490,"Lorong Basong"
14,50490,"Lorong Batai"
14,50490,"Lorong Batai Barat"
14,50490,"Lorong Batai Dalam"
14,50490,"Lorong Batai Tepi"
14,50490,"Lorong Beluntas"
14,50490,"Lorong Beluntas (1 - 3)"
14,50490,"Lorong Beruas"
14,50490,"Lorong Beruas Kiri"
14,50490,"Lorong Chelagi"
14,50490,"Lorong Damansara Endah"
14,50490,"Lorong Derumun"
14,50490,"Lorong Dungun"
14,50490,"Lorong Dungun Kiri"
14,50490,"Lorong Gelenggang"
14,50490,"Lorong Jarak"
14,50490,"Lorong Jarak Kanan"
14,50490,"Lorong Jelutong"
14,50490,"Lorong Jelutong Kanan"
14,50490,"Lorong Jelutong Kiri"
14,50490,"Lorong Kasah Dalam"
14,50490,"Lorong Kasah Tepi"
14,50490,"Lorong Kekabu"
14,50490,"Lorong Mempoyan"
14,50490,"Lorong Setiabistari"
14,50490,"Lorong Setiabistari (1 - 8)"
14,50490,"Lorong Setiabudi"
14,50490,"Lorong Setiajasa (1 - 5)"
14,50490,"Lorong Setiajasa (1 - 6)"
14,50490,"Lorong Setiapuspa (1 - 4)"
14,50490,"Lorong Setiarasa"
14,50490,"Medan Setia"
14,50490,"Menara SBP"
14,50490,"Persiaran Basong"
14,50490,"Persiaran Batai"
14,50490,"Persiaran Batai Barat"
14,50490,"Persiaran Batai Dalam"
14,50490,"Persiaran Batai Tepi"
14,50490,"Persiaran Batai Utara"
14,50490,"Persiaran Beringin"
14,50490,"Persiaran Beruas"
14,50490,"Persiaran Damansara Endah"
14,50490,"Persiaran Derumun"
14,50490,"Persiaran Gapis"
14,50490,"Persiaran Jelutong"
14,50490,"Pusat Bandar Damansara"
14,50490,"Seri Beringin"
14,50490,"Wisma Damansara"
14,50490,"Wisma Semantan"
14,50500,"Istana Negara"
14,50502,"Bahagian Kawal Selia Penyelenggaraan Pejabat Pengurus Bangunan"
14,50502,"Majlis Keselamatan Negara Wilayah Persekutuan"
14,50502,"Pejabat Pembangunan Wilayah Persekutuan"
14,50504,"Biro Bantuan Guaman Wilayah Persekutuan"
14,50505,"Biro Pengaduan Awam Wilayah Persekutuan"
14,50506,"Mahkamah Majistret Kuala Lumpur"
14,50506,"Mahkamah Seksyen Kuala Lumpur"
14,50506,"Mahkamah Tinggi Kuala Lumpur"
14,50507,"Institut Tadbiran Awam Negara (INTAN)"
14,50508,"Amanah Raya Berhad"
14,50508,"Pertubuhan Keselamatan Sosial (Perkeso)"
14,50512,"Jabatan Peguam Negara"
14,50514,"Jabatan Perangkaan Malaysia Wilayah Persekutuan"
14,50515,"Jabatan Pembangunan Wanita (HAWA)"
14,50519,"Jabatan Mufti Wilayah Persekutuan"
14,50528,"Tribunal Perkhidmatan Awam"
14,50529,"Unit Penyelidikan Sosio Ekonomi"
14,50530,"Perbadanan Tabung Pembangunan Kemahiran"
14,50532,"Jabatan Tenaga Kerja"
14,50534,"Jabatan Keselamatan dan Kesihatan Pekerja (OSHA)"
14,50536,"Jabatan Perhubungan Perusahaan"
14,50540,"Jabatan Tenaga Rakyat"
14,50544,"Mahkamah Perusahaan"
14,50546,"Agensi Anti Dadah Kebangsaan Wilayah Persekutuan"
14,50548,"Jabatan Hal Ehwal Orang Asli"
14,50550,"Jabatan Imigresen"
14,50551,"Jabatan Pendaftaran Negara"
14,50552,"Jabatan Pendaftar Pertubuhan"
14,50554,"Percetakan Nasional Berhad"
14,50556,"Jabatan Pertahanan Awam"
14,50560,"Ibu Pejabat Polis Dang Wangi Kuala Lumpur"
14,50560,"Ketua Cawangan Trafik Kuala Lumpur"
14,50560,"Ketua Polis Kuala Lumpur"
14,50560,"Ketua Polis Negara"
14,50560,"Pengarah Jabatan Siasatan Jenayah Komersil Bukit Aman"
14,50560,"Pengurusan Pentadbiran Pusat Pendaftaran Polis Diraja Malaysia"
14,50562,"Kementerian Pembangunan Wanita Keluarga & Masyarakat"
14,50564,"Jabatan KebajIkan Masyarakat"
14,50566,"Jabatan Muzium dan Antikuiti"
14,50568,"Arkib Negara Malaysia"
14,50572,"Perpustakaan Negara Malaysia"
14,50576,"Jabatan Tanah Dan Galian"
14,50578,"Jabatan Ukur & Pemetaan"
14,50580,"Kementerian Kerja Raya"
14,50582,"Cawangan Kejuruteraan Jalan & Geoteknik"
14,50582,"Jabatan Kerja Raya"
14,50582,"Ketua Jurutera Mekanikal JKR Workshop Persekutuan Kuala Lumpur"
14,50582,"Pejabat Ketua Pengarah Kerja Raya Malaysia"
14,50582,"Pengarah JKR Wilayah Persekutuan Kuala Lumpur"
14,50586,"Hospital Kuala Lumpur"
14,50588,"Institut Penyelidikan Perubatan (IMR)"
14,50590,"Bahagian Pembangunan Kompetensi, Kementerian Kesihatan"
14,50590,"Bahagian Pengurusan Latihan Kementerian Kesihatan Malaysia"
14,50590,"Bahagian Perubatan Tradisional & Komplementari"
14,50590,"Bahagian Promosi Kesihatan Kementerian Kesihatan Malaysia"
14,50590,"Institut Kesihatan Umum"
14,50590,"Institut Perubatan Respiratori Hospital Kuala Lumpur"
14,50590,"Malaysia Medical Council (Unit Etika)"
14,50590,"Poliklinik Komuniti Tanglin Kuala Lumpur"
14,50592,"Bahagian Pinjaman Perumahan Perbendaharaan Malaysia"
14,50592,"Jabatan Penilaian dan Perkhidmatan Harta Wilayah Persekutuan"
14,50594,"Bahagian Pengurusan Amanah dan Sekuriti Jabatan Akauntan Negara"
14,50594,"Pendaftar Wang Tak di Tuntut"
14,50596,"Jabatan Kastam & Eksais Di Raja"
14,50598,"Kumpulan Wang Simpanan Pekerja"
14,50599,"Pesurahjaya Khas Cukai Pendapatan"
14,50600,"Lembaga Hasil Dalam Negeri"
14,50600,"Lembaga Hasil Dalam Negeri Cawangan Cheras"
14,50600,"Lembaga Hasil Dalam Negeri Cawangan Wangsa Maju"
14,50603,"Universiti Malaya"
14,50604,"Bahagian Audit Sekolah, Kementerian Pelajaran Malaysia"
14,50604,"Bahagian Teknologi Pendidikan"
14,50604,"Jabatan Pelajaran Wilayah Persekutuan"
14,50605,"Lembaga Peperiksaan Malaysia, Kementerian Pelajaran Malaysia"
14,50608,"Jabatan Pembangunan Koperasi"
14,50609,"Majlis Amanah Rakyat"
14,50610,"Kementerian Penerangan, Komunikasi Dan Kebudayaan (KPKK)"
14,50612,"Jabatan Penerangan"
14,50614,"Jabatan Penyiaran"
14,50620,"Bahagian Teknologi Maklumat, Ibu Pejabat Jabatan Pengangkutan Jalan"
14,50620,"Jabatan Keretapi Malaysia"
14,50620,"Jabatan Pengangkutan Jalan Wilayah Persekutuan"
14,50621,"Pentadbiran Keretapi Tanah Melayu"
14,50622,"Kementerian Perdagangan Antarabangsa dan Industri"
14,50623,"Jabatan Perdagangan Dalam Negeri dan Hal Ehwal Pengguna"
14,50623,"Perbadanan Harta Intelek Malaysia"
14,50623,"Tribunal Tuntutan Pengguna Malaysia Kuala Lumpur"
14,50626,"Jabatan Pengairan Dan Saliran"
14,50632,"Bahagian Pengurusan dan Pemuliharaan Sumber Tanah Jabatan Pertanian"
14,50632,"Lembaga Perlindungan dan Kuarantin Tumbuhan Jabatan Pertanian"
14,50634,"Jabatan Khidmat Negara"
14,50634,"Kementerian Pertahanan"
14,50634,"Panglima Angkatan Tentera"
14,50636,"Jabatan Ketua Hakim"
14,50638,"Kementerian Pertahanan - Bahagian Audit"
14,50640,"Kementerian Pertahanan - Bahagian Audit Dalam"
14,50642,"Pusat PenyelidIkan Pertahanan"
14,50644,"Kementerian Perumahan dan Kerajaan Tempatan"
14,50644,"Ketua Pengarah Kerajaan Tempatan"
14,50646,"Jabatan Perancangan Bandar & Desa"
14,50648,"Jabatan Bomba & Penyelamat"
14,50650,"Jabatan Perumahan Negara"
14,50652,"Yayasan Tekun Nasional Cawangan Ampang"
14,50653,"Lembaga Pelesenan Pengangkutan Jalan"
14,50656,"Jabatan Galian"
14,50658,"Jabatan Mineral dan Geosains Malaysia"
14,50660,"Jabatan Perhutanan Malaysia"
14,50661,"Padi & Beras Nasional (Bernas)"
14,50662,"Pegawai Khidmat Pelanggan Pusat Sains Negara"
14,50664,"Jabatan Perlindungan Hidupan Liar & Taman Negara"
14,50666,"Majlis PenyelidIkan  & Kemajuan Sains Negara"
14,50668,"Jabatan Perkhidmatan Pembentungan"
14,50670,"Pos Malaysia Berhad"
14,50672,"Telekom Malaysia Berhad"
14,50673,"Tenaga Nasional Berhad"
14,50676,"Majlis Agama Islam Wilayah Persekutuan"
14,50676,"Pusat Pungutan Zakat"
14,50677,"Mahkamah Syariah Wilayah Persekutuan"
14,50678,"Jabatan Tanah dan Galian Wilayah Persekutuan"
14,50680,"Parlimen Malaysia"
14,50682,"Penyimpan Mohor Besar Raja-Raja"
14,50684,"Suruhanjaya Perkhidmatan Polis"
14,50688,"Suruhanjaya Keretapi Tanah Melayu"
14,50694,"Istana Budaya"
14,50694,"Kementerian Kebudayaan Kesenian dan Warisan"
14,50694,"Kementerian Pelancongan"
14,50700,"Kuala Lumpur - Peti surat  10001 - 10026"
14,50700,"Kuala Lumpur - Peti surat  10028 - 10045"
14,50702,"Kuala Lumpur - Peti surat  10046 - 10048"
14,50704,"Kuala Lumpur - Peti surat  10050 - 10107"
14,50704,"Kuala Lumpur - Peti surat  10109 - 10111"
14,50704,"Kuala Lumpur - Peti surat  10113 - 10134"
14,50704,"Kuala Lumpur - Peti surat  10135"
14,50704,"Kuala Lumpur - Peti surat  10136 - 10143"
14,50704,"Kuala Lumpur - Peti surat  10146 - 10149"
14,50704,"Kuala Lumpur - Peti surat  10151 - 10156"
14,50704,"Kuala Lumpur - Peti surat  10158 - 10165"
14,50706,"Kuala Lumpur - Peti surat  10166 - 10186"
14,50706,"Kuala Lumpur - Peti surat  10188 - 10196"
14,50706,"Kuala Lumpur - Peti surat  10198 - 10225"
14,50708,"Kuala Lumpur - Peti surat  10226 - 10243"
14,50708,"Kuala Lumpur - Peti surat  10245 - 10285"
14,50710,"Kuala Lumpur - Peti surat  10286 - 10345"
14,50712,"Kuala Lumpur - Peti surat  10346 - 10406"
14,50712,"Kuala Lumpur - Peti surat  10408 - 10413"
14,50712,"Kuala Lumpur - Peti surat  10415 - 10435"
14,50714,"Kuala Lumpur - Peti surat  10436 - 10458"
14,50714,"Kuala Lumpur - Peti surat  10460 - 10495"
14,50716,"Kuala Lumpur - Peti surat  10496 - 10538"
14,50716,"Kuala Lumpur - Peti surat  10540 - 10555"
14,50718,"Kuala Lumpur - Peti surat  10577 - 10615"
14,50720,"Kuala Lumpur - Peti surat  10616 - 10628"
14,50720,"Kuala Lumpur - Peti surat  10630 - 10666"
14,50720,"Kuala Lumpur - Peti surat  10668 - 10670"
14,50720,"Kuala Lumpur - Peti surat  10672 - 10675"
14,50722,"Kuala Lumpur - Peti surat  10676 - 10683"
14,50722,"Kuala Lumpur - Peti surat  10686 - 10733"
14,50722,"Kuala Lumpur - Peti surat  10735"
14,50724,"Kuala Lumpur - Peti surat  10736 - 10767"
14,50724,"Kuala Lumpur - Peti surat  10769 - 10795"
14,50726,"Kuala Lumpur - Peti surat  10796 - 10798"
14,50726,"Kuala Lumpur - Peti surat  10800 - 10802"
14,50726,"Kuala Lumpur - Peti surat  10804 - 10845"
14,50726,"Kuala Lumpur - Peti surat  10847 - 10855"
14,50728,"Kuala Lumpur - Peti surat  10856 - 10889"
14,50728,"Kuala Lumpur - Peti surat  10891 - 10915"
14,50730,"Kuala Lumpur - Peti surat  10916 - 10921"
14,50730,"Kuala Lumpur - Peti surat  10923 - 10936"
14,50730,"Kuala Lumpur - Peti surat  10938 - 10958"
14,50730,"Kuala Lumpur - Peti surat  10960 - 10975"
14,50732,"Kuala Lumpur - Peti surat  10976 - 10978"
14,50732,"Kuala Lumpur - Peti surat  10980 - 10996"
14,50732,"Kuala Lumpur - Peti surat  10998 - 11035"
14,50734,"Kuala Lumpur - Peti surat  11036 - 11095"
14,50736,"Kuala Lumpur - Peti surat  11096 - 11155"
14,50738,"Kuala Lumpur - Peti surat  11156 - 11215"
14,50740,"Kuala Lumpur - Peti surat  11216 - 11305"
14,50742,"Kuala Lumpur - Peti surat  11306 - 11365"
14,50744,"Kuala Lumpur - Peti surat  11366 - 11425"
14,50746,"Kuala Lumpur - Peti surat  11426 - 11485"
14,50748,"Kuala Lumpur - Peti surat  11486 - 11545"
14,50750,"Kuala Lumpur - Peti surat  11546 - 11605"
14,50752,"Kuala Lumpur - Peti surat  11606 - 11665"
14,50754,"Kuala Lumpur - Peti surat  11666 - 11725"
14,50758,"Kuala Lumpur - Peti surat  11726 - 11785"
14,50758,"Kuala Lumpur - Peti surat  11786 - 11845"
14,50760,"Kuala Lumpur - Peti surat  11846 - 11905"
14,50762,"Kuala Lumpur - Peti surat  11906 - 11965"
14,50764,"Kuala Lumpur - Peti surat  11966 - 12004"
14,50764,"Kuala Lumpur - Peti surat  12007 - 12009"
14,50764,"Kuala Lumpur - Peti surat  12011 - 12025"
14,50766,"Kuala Lumpur - Peti surat  12026 - 12034"
14,50766,"Kuala Lumpur - Peti surat  12036 - 12081"
14,50766,"Kuala Lumpur - Peti surat  12083 - 12085"
14,50768,"Kuala Lumpur - Peti surat  12086 - 12109"
14,50768,"Kuala Lumpur - Peti surat  12111 - 12175"
14,50770,"Kuala Lumpur - Peti surat  12176 - 12214"
14,50770,"Kuala Lumpur - Peti surat  12216 - 12224"
14,50770,"Kuala Lumpur - Peti surat  12226"
14,50770,"Kuala Lumpur - Peti surat  12228 - 12230"
14,50770,"Kuala Lumpur - Peti surat  12232 - 12235"
14,50772,"Kuala Lumpur - Peti surat  12236 - 12295"
14,50774,"Kuala Lumpur - Peti surat  12296 - 12355"
14,50776,"Kuala Lumpur - Peti surat  12356 - 12404"
14,50776,"Kuala Lumpur - Peti surat  12406 - 12415"
14,50778,"Kuala Lumpur - Peti surat  12416 - 12442"
14,50778,"Kuala Lumpur - Peti surat  12444 - 12475"
14,50780,"Kuala Lumpur - Peti surat  12476 - 12491"
14,50780,"Kuala Lumpur - Peti surat  12493 - 12535"
14,50782,"Jabatan Perumahan dan Kerajaan Tempatan"
14,50782,"Kuala Lumpur - Peti surat  12536 - 12541"
14,50784,"Kuala Lumpur - Peti surat  12596 - 12647"
14,50786,"Kuala Lumpur - Peti surat  12649 - 12658"
14,50786,"Kuala Lumpur - Peti surat  12660 - 12689"
14,50786,"Kuala Lumpur - Peti surat  12691 - 12715"
14,50788,"Kuala Lumpur - Peti surat  12716 - 12775"
14,50790,"Kuala Lumpur - Peti surat  12776 - 12835"
14,50792,"Kuala Lumpur - Peti surat  12543 - 12595"
14,50792,"Kuala Lumpur - Peti surat  12836 - 12925"
14,50794,"Kuala Lumpur - Peti surat  12926 - 12985"
14,50796,"Kuala Lumpur - Peti surat  12986 - 13045"
14,50798,"Kuala Lumpur - Peti surat  13046 - 13105"
14,50800,"Kuala Lumpur - Peti surat  13106 - 13165"
14,50802,"Kuala Lumpur - Peti surat  13166 - 13225"
14,50804,"Kuala Lumpur - Peti surat  13226 - 13285"
14,50806,"Kuala Lumpur - Peti surat  13286 - 13345"
14,50808,"Kuala Lumpur - Peti surat  13346 - 13405"
14,50810,"Kuala Lumpur - Peti surat  13406 - 13465"
14,50812,"Kuala Lumpur - Peti surat  13466 - 13525"
14,50814,"Kuala Lumpur - Peti surat  13526 - 13585"
14,50816,"Kuala Lumpur - Peti surat  13586 - 13645"
14,50818,"Kuala Lumpur - Peti surat  13646"
14,50901,"Kuala Lumpur - Peti surat  10027"
14,50902,"Kuala Lumpur - Peti surat  10049"
14,50903,"Kuala Lumpur - Peti surat  10108"
14,50904,"Kuala Lumpur - Peti surat  10112"
14,50906,"Kuala Lumpur - Peti surat  10144"
14,50907,"Kuala Lumpur - Peti surat  10145"
14,50908,"Kuala Lumpur - Peti surat  10150"
14,50909,"Kuala Lumpur - Peti surat  10157"
14,50910,"Kuala Lumpur - Peti surat  10187"
14,50911,"Kuala Lumpur - Peti surat  10197"
14,50912,"Kuala Lumpur - Peti surat  10244"
14,50913,"Kuala Lumpur - Peti surat  10407"
14,50914,"Kuala Lumpur - Peti surat  10414"
14,50915,"Kuala Lumpur - Peti surat  10459"
14,50916,"Kuala Lumpur - Peti surat  10539"
14,50917,"Kuala Lumpur - Peti surat  10594"
14,50918,"Kuala Lumpur - Peti surat  10629"
14,50919,"Kuala Lumpur - Peti surat  10667"
14,50920,"Kuala Lumpur - Peti surat  10671"
14,50921,"Kuala Lumpur - Peti surat  10684"
14,50922,"Kuala Lumpur - Peti surat  10685"
14,50923,"Kuala Lumpur - Peti surat  10734"
14,50924,"Kuala Lumpur - Peti surat  10768"
14,50925,"Kuala Lumpur - Peti surat  10799"
14,50926,"Kuala Lumpur - Peti surat  10803"
14,50927,"Kuala Lumpur - Peti surat  10846"
14,50928,"Kuala Lumpur - Peti surat  10890"
14,50929,"Kuala Lumpur - Peti surat  10922"
14,50930,"Kuala Lumpur - Peti surat  10937"
14,50931,"Kuala Lumpur - Peti surat  10959"
14,50932,"Kuala Lumpur - Peti surat  10979"
14,50933,"Kuala Lumpur - Peti surat  10997"
14,50934,"Kuala Lumpur - Peti surat  12005"
14,50935,"Kuala Lumpur - Peti surat  12006"
14,50936,"Kuala Lumpur - Peti surat  12010"
14,50937,"Kuala Lumpur - Peti surat  12035"
14,50938,"Kuala Lumpur - Peti surat  12082"
14,50939,"Kuala Lumpur - Peti surat  12110"
14,50940,"Kuala Lumpur - Peti surat  12215"
14,50941,"Kuala Lumpur - Peti surat  12225"
14,50942,"Kuala Lumpur - Peti surat  12227"
14,50943,"Kuala Lumpur - Peti surat  12231"
14,50944,"Kuala Lumpur - Peti surat  12405"
14,50945,"Kuala Lumpur - Peti surat  12443"
14,50946,"Kuala Lumpur - Peti surat  12492"
14,50947,"Kuala Lumpur - Peti surat  12542"
14,50948,"Kuala Lumpur - Peti surat  12648"
14,50949,"Kuala Lumpur - Peti surat  12659"
14,50950,"Kuala Lumpur - Peti surat  12690"
14,50988,"Badan Pencegah Rasuah"
14,50988,"Kuala Lumpur - Peti surat    6000"
14,50989,"Kuala Lumpur - Peti surat    8000"
14,50990,"Kuala Lumpur - Beg berkunci"
14,51000,"Bandar Baru Sentul"
14,51000,"Bandar Sentul Utama"
14,51000,"Jalan 1/48A"
14,51000,"Jalan 11 (Sentul)"
14,51000,"Jalan 13 (Sentul)"
14,51000,"Jalan 14 (Sentul)"
14,51000,"Jalan 15 (Sentul)"
14,51000,"Jalan 16 (Sentul)"
14,51000,"Jalan 3/48A"
14,51000,"Jalan 5 (Sentul)"
14,51000,"Jalan 6 (Sentul)"
14,51000,"Jalan 7 (Sentul)"
14,51000,"Jalan Dato Senu 26"
14,51000,"Jalan Kampung Bandar Dalam"
14,51000,"Jalan Pusing"
14,51000,"Jalan Sentul"
14,51000,"Jalan Sentul Indah"
14,51000,"Jalan Sentul Jaya"
14,51000,"Jalan Sentul Manis"
14,51000,"Jalan Sentul Murni"
14,51000,"Jalan Sentul Pasar"
14,51000,"Jalan Sentul Permai"
14,51000,"Jalan Tanah Lapang"
14,51000,"Kampung Bandar Dalam"
14,51000,"Kampung Chempedak"
14,51000,"Kampung Chubadak"
14,51000,"Kampung Padang Balang"
14,51000,"Kampung Puah Seberang"
14,51000,"Kampung Selasih"
14,51000,"Lorong 5 (Sentul)"
14,51000,"Lorong 6 (Sentul)"
14,51000,"Lorong Sentul Indah"
14,51000,"Menara Orkid"
14,51000,"Persiaran Sentul Indah"
14,51000,"Rumah Pangsa Sri Perak"
14,51000,"Taman Dato Senu"
14,51000,"Taman Datuk Senu"
14,51000,"Taman Pelangi"
14,51000,"Taman Pelangi Jaya"
14,51000,"Taman Sentul Jaya"
14,51100,"Ampat Tin"
14,51100,"Batu Settlement"
14,51100,"Jalan Balam"
14,51100,"Jalan Bayan"
14,51100,"Jalan Berkok"
14,51100,"Jalan Chempedak"
14,51100,"Jalan Cumarasami"
14,51100,"Jalan Delapan"
14,51100,"Jalan Gerik"
14,51100,"Jalan Gopeng"
14,51100,"Jalan Gunong Semanggul"
14,51100,"Jalan Haji Salleh"
14,51100,"Jalan Kangsar"
14,51100,"Jalan Kedidi"
14,51100,"Jalan Khalsa"
14,51100,"Jalan Kovil Hilir"
14,51100,"Jalan Kovil Ulu"
14,51100,"Jalan Krian"
14,51100,"Jalan Krian (1 & 2)"
14,51100,"Jalan Kuini"
14,51100,"Jalan Lapan"
14,51100,"Jalan Latihan"
14,51100,"Jalan Lenggong"
14,51100,"Jalan Lenggong (1 & 2)"
14,51100,"Jalan Merak"
14,51100,"Jalan Nangka"
14,51100,"Jalan Nuri"
14,51100,"Jalan Pelangi 15"
14,51100,"Jalan Perhentian"
14,51100,"Jalan Pipit"
14,51100,"Jalan Punggok"
14,51100,"Jalan Puyoh"
14,51100,"Jalan Selama"
14,51100,"Jalan Selama (1 - 3)"
14,51100,"Jalan Sembilan"
14,51100,"Jalan Sentul Bahagia"
14,51100,"Jalan Sentul Indah"
14,51100,"Jalan Sentul Jaya (1 - 2)"
14,51100,"Jalan Sentul Maju"
14,51100,"Jalan Sentul Sehaluan"
14,51100,"Jalan Sentul Sempadan"
14,51100,"Jalan Sepuloh (Sentul)"
14,51100,"Jalan Serindit"
14,51100,"Jalan St Thomas"
14,51100,"Jalan Strachan"
14,51100,"Jalan Sukun"
14,51100,"Jalan Sungkai"
14,51100,"Jalan Tapah"
14,51100,"Jalan Terap"
14,51100,"Jalan Terkukor"
14,51100,"Jalan Tiong"
14,51100,"Jalan Union"
14,51100,"Jalan Union (1 - 5)"
14,51100,"Jalan Vethavanam"
14,51100,"Kampung Batu Muda"
14,51100,"Kampung Batu Muda Tambahan"
14,51100,"Kampung Lower Kovil"
14,51100,"Kampung Medan Batu Muda"
14,51100,"Kampung Medan Batu Utama"
14,51100,"Kampung Ratnam Pillay"
14,51100,"Kampung Seri Batu"
14,51100,"Lengkok Cumarasami"
14,51100,"Lengkok Vethavanam"
14,51100,"Lorong Balam"
14,51100,"Lorong Grik"
14,51100,"Lorong Lenggong (1 - 2)"
14,51100,"Lorong Sentul Bahagia (1 - 9)"
14,51100,"Lorong Sentul Kechil"
14,51100,"Lorong Sentul Maju 1"
14,51100,"Lorong Sentul Pasar"
14,51100,"Lorong Sentul Sahaluan"
14,51100,"Lorong Tapah"
14,51100,"Million Settlement"
14,51100,"Perumahan Million"
14,51100,"Taman Eastern"
14,51100,"Taman Kosmo Jaya"
14,51100,"Taman Million"
14,51100,"Taman Pelangi"
14,51100,"Taman Rainbow"
14,51100,"Taman Sentul"
14,51200,"Anjung Tiara Segambut"
14,51200,"Bangunan Perkim"
14,51200,"Batu Housing (Jalan Ipoh)"
14,51200,"Bukit Segambut"
14,51200,"Bukit Sentul"
14,51200,"Flora Impian"
14,51200,"Jalan 1/57A"
14,51200,"Jalan 1/57B"
14,51200,"Jalan 2/57B"
14,51200,"Jalan 3/57B"
14,51200,"Jalan 4/57B"
14,51200,"Jalan Arfah (1 - 4)"
14,51200,"Jalan Bachang"
14,51200,"Jalan Batu Ambar"
14,51200,"Jalan Batu Batan"
14,51200,"Jalan Batu Berani"
14,51200,"Jalan Batu Kapor"
14,51200,"Jalan Batu Kapor (1 & 2)"
14,51200,"Jalan Bernam (Kampung Batu)"
14,51200,"Jalan Bukit Impian"
14,51200,"Jalan Chenderuh"
14,51200,"Jalan Chenderuh (1 - 8)"
14,51200,"Jalan Duku"
14,51200,"Jalan Durian"
14,51200,"Jalan Dutamas Melati"
14,51200,"Jalan Dutamas Raya"
14,51200,"Jalan Dutamas Raya 1/38B Segambut"
14,51200,"Jalan Ipoh (Hingga Km 8)"
14,51200,"Jalan Ipoh (Km 8.5 - 16)"
14,51200,"Jalan Ipoh (Pekan Batu 5)"
14,51200,"Jalan Ipoh Baharu (Kampung Batu)"
14,51200,"Jalan Ipoh Kanan"
14,51200,"Jalan Ipoh Kiri"
14,51200,"Jalan Ismail Ghani"
14,51200,"Jalan Kasipillay"
14,51200,"Jalan Kelapa"
14,51200,"Jalan Kolam Ayer"
14,51200,"Jalan Kolam Ayer (1 - 4)"
14,51200,"Jalan Kuching"
14,51200,"Jalan Langsat"
14,51200,"Jalan Mangga"
14,51200,"Jalan Manjoi"
14,51200,"Jalan Manjoi (1 - 9)"
14,51200,"Jalan Matang"
14,51200,"Jalan Matang (1 - 6)"
14,51200,"Jalan Murai (1 - 2)"
14,51200,"Jalan Padang Rengas"
14,51200,"Jalan Pakis"
14,51200,"Jalan Pinggir"
14,51200,"Jalan Pinggir 1/64"
14,51200,"Jalan Prima Pelangi"
14,51200,"Jalan Putramas off Jalan Kuching"
14,51200,"Jalan Rambai"
14,51200,"Jalan Santan"
14,51200,"Jalan Segambut"
14,51200,"Jalan Segambut Atas"
14,51200,"Jalan Segambut Bawah"
14,51200,"Jalan Segambut Dalam"
14,51200,"Jalan Segambut Hilir"
14,51200,"Jalan Segambut Lintang"
14,51200,"Jalan Segambut Pusat"
14,51200,"Jalan Segambut Rendah"
14,51200,"Jalan Segambut Selatan"
14,51200,"Jalan Segambut Tengah"
14,51200,"Jalan Segambut Tepi"
14,51200,"Jalan Segambut Utara"
14,51200,"Jalan Selingsing"
14,51200,"Jalan Selingsing (1 - 7)"
14,51200,"Jalan Seludang"
14,51200,"Jalan Selvadurai"
14,51200,"Jalan Suppiah Pillay"
14,51200,"Jalan Taman Kok Lian"
14,51200,"Jalan Tampoi"
14,51200,"Jalan Trolak"
14,51200,"Jalan Trolak (1 - 9)"
14,51200,"Jalan Udang Harimau 1"
14,51200,"Jalan Umbut"
14,51200,"Kampung Batu (Jalan Ipoh)"
14,51200,"Kampung Benteng"
14,51200,"Kampung Padang Pasir Segambut"
14,51200,"Kampung Pasir Segambut"
14,51200,"Kampung Railway Station"
14,51200,"Kampung Segambut"
14,51200,"Kampung Segambut Bahagia"
14,51200,"Kampung Segambut Dalam"
14,51200,"Kampung Segambut Luar"
14,51200,"Kampung Segambut Masjid"
14,51200,"Kampung Segambut Tengah"
14,51200,"Kampung Simpang Batu"
14,51200,"Kampung Sungai Jernih"
14,51200,"Kampung Sungai Udang"
14,51200,"Kampung Taman City"
14,51200,"Kondominium Alam Puri (Kampung Batu)"
14,51200,"Ladang Batu"
14,51200,"Lingkungan Umbut"
14,51200,"Lorong Ismail Ghani"
14,51200,"Lorong Kelapa Muda"
14,51200,"Lorong Mangga"
14,51200,"Lorong Pulasan"
14,51200,"Lorong Segambut Pusat  (1 - 2)"
14,51200,"Menara Duta"
14,51200,"Menara Megah"
14,51200,"Mukim Batu"
14,51200,"Pangsapuri Rosvilla, Jln Prima Pelangi"
14,51200,"Persiaran Segambut Dalam"
14,51200,"Persiaran Segambut Tengah"
14,51200,"Persiaran Segambut Utara"
14,51200,"Prima Pelangi"
14,51200,"Segambut Bahagia"
14,51200,"Segambut Dalam"
14,51200,"Taman Bamboo"
14,51200,"Taman Batu Permai"
14,51200,"Taman City"
14,51200,"Taman Desa Segambut"
14,51200,"Taman Kok Doh"
14,51200,"Taman Kok Lian"
14,51200,"Taman Lawa"
14,51200,"Taman Mastiara"
14,51200,"Taman Niaga Waris"
14,51200,"Taman Segambut"
14,51200,"Taman Segambut Aman"
14,51200,"Taman Segambut Damai"
14,51200,"Taman Segambut Indah"
14,51200,"Taman Segambut Muda"
14,51200,"Taman Sejahtera"
14,51200,"Taman Seri Bukit Segambut"
14,51200,"Taman SPKK (Segambut)"
14,51200,"Taman SPPK"
14,51200,"Taman Sri Kucing"
14,51200,"Taman Sri Sinar"
14,51200,"Viva, Jalan Ipoh"
14,51200,"Jalan Sultan Azlan Shah (Jalan Ipoh)"
14,51700,"Sentul - Peti surat 1 & ke atas"
14,51990,"Sentul - Beg berkunci"
14,52000,"Ampang Road (Jinjang)"
14,52000,"Birch Road (Jinjang)"
14,52000,"Centre Road"
14,52000,"Cheras Road (Jinjang)"
14,52000,"Club Road"
14,52000,"Community Road"
14,52000,"East Fence Road"
14,52000,"East Road"
14,52000,"East Road (1 - 18)"
14,52000,"Garden Street"
14,52000,"High Street"
14,52000,"Jalan 1/32 - 4/32"
14,52000,"Jalan 1/32A - 7/32A"
14,52000,"Jalan 11/32 - 21/32"
14,52000,"Jalan 2/16B - 6/16B"
14,52000,"Jalan 2/16C - 12/16C"
14,52000,"Jalan 31A/31B - 31C/31B"
14,52000,"Jalan Besar Jinjang"
14,52000,"Jalan Jambu"
14,52000,"Jalan Jambu Air"
14,52000,"Jalan Jambu Air Laut"
14,52000,"Jalan Jambu Air Mawar"
14,52000,"Jalan Jambu Arang"
14,52000,"Jalan Jambu Arang (1 - 2)"
14,52000,"Jalan Jambu Batu"
14,52000,"Jalan Jambu Berasa (1 - 4)"
14,52000,"Jalan Jambu Berteh"
14,52000,"Jalan Jambu Berteh (1 - 3)"
14,52000,"Jalan Jambu Gajus"
14,52000,"Jalan Jambu Gajus (1 - 2)"
14,52000,"Jalan Jambu Golok"
14,52000,"Jalan Jambu Jembah"
14,52000,"Jalan Jambu Jembah (1 - 3)"
14,52000,"Jalan Jambu Jerteh"
14,52000,"Jalan Jambu Laut"
14,52000,"Jalan Jambu Mawar"
14,52000,"Jalan Jambu Melaka"
14,52000,"Jalan Jambu Melaka (1 - 5)"
14,52000,"Jalan Jambu Merah"
14,52000,"Jalan Jambu Merah (1 - 3)"
14,52000,"Jalan Jambu Susu"
14,52000,"Jalan Jinjang Utara"
14,52000,"Jalan Kepong (Hingga Km 16)"
14,52000,"Jalan Kepong Lama"
14,52000,"Jalan Vista Mutiara 1"
14,52000,"Jinjang Baru"
14,52000,"Jinjang Selatan"
14,52000,"Jinjang Selatan Tambahan"
14,52000,"Jinjang Utara"
14,52000,"Jinjang Utara Tambahan"
14,52000,"Kampung Batu Delima"
14,52000,"Kampung DeLima (Jinjang)"
14,52000,"Kampung Haji Manap"
14,52000,"Kampung Seri DeLima"
14,52000,"Keow Min Road"
14,52000,"Keow Min Street"
14,52000,"Kompleks Darul Kifayah"
14,52000,"Market Street"
14,52000,"Min Chong Road"
14,52000,"Nanyang Estate"
14,52000,"North Fence Road"
14,52000,"Padang Road"
14,52000,"River Road"
14,52000,"School Lane"
14,52000,"Segambut Jaya"
14,52000,"Segambut Road (Jinjang)"
14,52000,"Selangor Road"
14,52000,"Selayang Road (Jinjang)"
14,52000,"South Fence Road"
14,52000,"South Road (6 - 7)"
14,52000,"South Street"
14,52000,"South Street (2 - 10)"
14,52000,"Taman Batu (Jinjang)"
14,52000,"Taman Beringin"
14,52000,"Taman Cuepacs (Jinjang)"
14,52000,"Taman Fadason"
14,52000,"Taman Nanyang"
14,52000,"Taman Seri Segambut"
14,52000,"Taman TSI Park"
14,52000,"Tanjung Malim Street"
14,52000,"Temple Road"
14,52000,"Theatre Street"
14,52000,"Ulu Klang Road (Jinjang)"
14,52000,"Village Road"
14,52000,"Vista Mutiara"
14,52000,"West Fence Street"
14,52000,"West Road"
14,52000,"West Road (1 - 15)"
14,52100,"Cross Street (Jinjang)"
14,52100,"Desa Aman Puri"
14,52100,"Jalan Ambong (1 - 4)"
14,52100,"Jalan Ambong Kanan (1 & 2)"
14,52100,"Jalan Ambong Kiri  (1 & 2)"
14,52100,"Jalan Antoi"
14,52100,"Jalan Antoi (1 - 6)"
14,52100,"Jalan Antoi Kanan  (1 - 4)"
14,52100,"Jalan Antoi kiri"
14,52100,"Jalan Api-Api"
14,52100,"Jalan Api-Api (1 - 5)"
14,52100,"Jalan Api-Api Kanan"
14,52100,"Jalan Api-Api Kiri (1 - 3)"
14,52100,"Jalan Arang"
14,52100,"Jalan Arang (1 - 3)"
14,52100,"Jalan Asam"
14,52100,"Jalan Asam Kumbang (1 - 2)"
14,52100,"Jalan Bakau"
14,52100,"Jalan Bangau"
14,52100,"Jalan Bayur"
14,52100,"Jalan Bebarau"
14,52100,"Jalan Beberek"
14,52100,"Jalan Begandai"
14,52100,"Jalan Belabas"
14,52100,"Jalan Belatuk"
14,52100,"Jalan Belian"
14,52100,"Jalan Belibis"
14,52100,"Jalan Belinggai"
14,52100,"Jalan Belinjau"
14,52100,"Jalan Bendarung"
14,52100,"Jalan Bengkudu"
14,52100,"Jalan Bengkulang"
14,52100,"Jalan Berembang (Jinjang)"
14,52100,"Jalan Berombong"
14,52100,"Jalan Beserah (Kepong)"
14,52100,"Jalan Bidara"
14,52100,"Jalan Bubut"
14,52100,"Jalan Bungur"
14,52100,"Jalan Cemar"
14,52100,"Jalan FRI"
14,52100,"Jalan Kepong Baru"
14,52100,"Jalan Mergastua"
14,52100,"Jalan Metro 1"
14,52100,"Jalan Metro Prima"
14,52100,"Jalan Rimbunan Matahari 3"
14,52100,"Jalan Seri Bintang 5A"
14,52100,"Kampung Chin Lee"
14,52100,"Kampung Kim Kee"
14,52100,"Kampung Melayu (Kepong)"
14,52100,"Kampung Melayu FRI"
14,52100,"Kampung Ong Lok"
14,52100,"Kampung Suria"
14,52100,"Kawasan PerIndustrian Ehsan Jaya"
14,52100,"Kawasan PerIndustrian Sri Edaran"
14,52100,Kepong
14,52100,"Kepong Baru"
14,52100,"Kepong Baru Tambahan"
14,52100,"Kepong Entrepreneus Park"
14,52100,"Kepong Ulu"
14,52100,"Kompleks Desa"
14,52100,"Ladang Edinburgh"
14,52100,"Laman Rimbunan"
14,52100,"Lorong Bangau (1 - 2)"
14,52100,"Lorong Belibis (1 - 4)"
14,52100,"Lorong Bidara (1 - 3)"
14,52100,"Lorong Helang (1 - 3)"
14,52100,"Lorong Helang Hindik"
14,52100,"Lorong Mergastua"
14,52100,"Old Market Street"
14,52100,"Pusat Perdagangan Desa Jaya"
14,52100,"Taman Bayu Sri Bintang"
14,52100,"Taman Bukit Desa (Kepong)"
14,52100,"Taman Bukit Maluri"
14,52100,"Taman Daya"
14,52100,"Taman Desa Aman Puri"
14,52100,"Taman Desa Jaya"
14,52100,"Taman Ehsan"
14,52100,"Taman Emas"
14,52100,"Taman Indah Perdana"
14,52100,"Taman Intan Baiduri"
14,52100,"Taman Kepong"
14,52100,"Taman Kepong Baru"
14,52100,"Taman Kepong Indah"
14,52100,"Taman Kepong Perdana"
14,52100,"Taman Laman Rimbunan"
14,52100,"Taman Metro Prima"
14,52100,"Taman Perdana (Kepong)"
14,52100,"Taman Petaling (Kepong)"
14,52100,"Taman Puncak Desa Kepong"
14,52100,"Taman Seri Bintang"
14,52100,"Taman Seri Ehsan"
14,52100,"Taman Seri Indah (Kepong)"
14,52100,"Taman Seri Kepong"
14,52100,"Taman Seri Kepong Baru"
14,52100,"Taman Sri Sinar"
14,52100,"Taman Unijaya"
14,52100,"Taman Usaha Jaya"
14,52100,"Taman Usahawan"
14,52100,"Ulu Kepong"
14,52200,"Bandar Baru Seri Damansara"
14,52200,"Bandar Manjalara"
14,52200,"Bandar Seri Damansara"
14,52200,"Desa Parkcity"
14,52200,"Jalan 1/62, Bandar Manjalara"
14,52200,"Jalan Cempaka SD 12/5"
14,52200,"Jalan Desa Anggun 1"
14,52200,"Jalan Desa Residen, Levenue"
14,52200,"Jalan Medan Putra 6"
14,52200,"Kepong Industry Park"
14,52200,"Kondominium Manjalara 18"
14,52200,"Medan Putra Business Centre"
14,52200,"Medan Putra Business Park"
14,52200,"Menara Sri Damansara"
14,52200,"PerIndustrian Tago"
14,52200,"Plaza Medan Putra"
14,52200,"Taman Amelia"
14,52200,"Taman Wangsa Permai"
14,52200,"Wisma Manjalara"
14,52200,"Desa Parkcity"
14,53000,"Jalan Semarak Api"
14,53000,"288 Residensi"
14,53000,"Jalan 1/50 - 4/50"
14,53000,"Jalan 3/21B"
14,53000,"Jalan 5/65C"
14,53000,"Jalan 65C"
14,53000,"Jalan Anggerik"
14,53000,"Jalan Angsana"
14,53000,"Jalan Bakubang (1 - 2)"
14,53000,"Jalan Balau (Gombak)"
14,53000,"Jalan Bunga Kantan"
14,53000,"Jalan Bunga Melati"
14,53000,"Jalan Bunga Rampai"
14,53000,"Jalan Bunga Raya (Gombak)"
14,53000,"Jalan Bunga Tanjung"
14,53000,"Jalan Chempaka (Gombak)"
14,53000,"Jalan Chengal"
14,53000,"Jalan Chengal Selatan"
14,53000,"Jalan Chong Hwa"
14,53000,"Jalan Dedap"
14,53000,"Jalan Endau"
14,53000,"Jalan Gombak"
14,53000,"Jalan Gombak (Batu 3 1/2)"
14,53000,"Jalan Gombak Sejahtera"
14,53000,"Jalan Jerejak"
14,53000,"Jalan Jerejak 1"
14,53000,"Jalan Keruing (Gombak)"
14,53000,"Jalan Ketapang"
14,53000,"Jalan Kudat"
14,53000,"Jalan Kukubah Satu"
14,53000,"Jalan Langgak Bukit"
14,53000,"Jalan Langkawi"
14,53000,"Jalan Malawali"
14,53000,"Jalan Mawar (Gombak)"
14,53000,"Jalan Meranti (Gombak)"
14,53000,"Jalan Merbau"
14,53000,"Jalan Mertang"
14,53000,"Jalan Mutiara"
14,53000,"Jalan Pahang"
14,53000,"Jalan Pahang Barat"
14,53000,"Jalan Puah"
14,53000,"Jalan Puah Jaya"
14,53000,"Jalan Puah Jaya (1 - 4)"
14,53000,"Jalan Rasak"
14,53000,"Jalan Ria"
14,53000,"Jalan Sampadi (1 - 2)"
14,53000,"Jalan Sarikei"
14,53000,"Jalan Satang (1 - 2)"
14,53000,"Jalan Selamat"
14,53000,"Jalan Sempurna"
14,53000,"Jalan Sentosa"
14,53000,"Jalan Seroja (Gombak)"
14,53000,"Jalan Setapak"
14,53000,"Jalan Sungai (Gombak)"
14,53000,"Jalan Tawau"
14,53000,"Jalan Teratai"
14,53000,"Jalan Terkis"
14,53000,"Jalan Tioman (1 - 4)"
14,53000,"Jalan Umbun (1 - 2)"
14,53000,"Kampung Bumi Hijau"
14,53000,"Kampung Chong Hwa"
14,53000,"Kampung Furlong"
14,53000,"Kampung Marali"
14,53000,"Kampung Puah (Gombak)"
14,53000,"Kampung Seri Indah (Gombak)"
14,53000,"Kampung Siam"
14,53000,"Kampung Sungai Mulia"
14,53000,"Kampung Wira Jaya"
14,53000,"Kolej TAR"
14,53000,"Lorong Balai Raya"
14,53000,"Lorong Bunga China"
14,53000,"Lorong Kempas (1 - 2)"
14,53000,"Lorong Pandan"
14,53000,"Lorong Rasak"
14,53000,"Lorong Setapak"
14,53000,"Lorong Siantan"
14,53000,"Persiaran 65C"
14,53000,"Persiaran Balau"
14,53000,"Taman Bunga Raya"
14,53000,"Taman Desa Gombak"
14,53000,"Taman Furlong"
14,53000,"Taman P. Ramlee"
14,53000,"Taman Setapak"
14,53000,"Taman Suria Setapak"
14,53000,"Taman Tai Onn"
14,53000,"Taman Teratai Mewah"
14,53100,"Alang Sedayu Resort"
14,53100,"Gombak (Batu 5 - 13)"
14,53100,"Gombak Setia"
14,53100,"Jabatan Hal Ehwal Orang Asli Gombak"
14,53100,"Jalan 2/21D"
14,53100,"Jalan Desa Melawati"
14,53100,"Jalan Intan (Gombak)"
14,53100,"Jalan Madrasah"
14,53100,"Jalan Melati Indah"
14,53100,"Jalan Sekolah"
14,53100,"Jalan Tumbuhan"
14,53100,"Kampung Bukit Lela"
14,53100,"Kampung Changkat"
14,53100,"Kampung Genting Klang"
14,53100,"Kampung Gombak Setia"
14,53100,"Kampung Kerdas"
14,53100,"Kampung Klang Gate Baru"
14,53100,"Kampung Lee Kong Chan"
14,53100,"Kampung Setia Jaya"
14,53100,"Kampung Simpang Tiga Gombak"
14,53100,"Kampung Sungai Cincin"
14,53100,"Kampung Sungai Pusu"
14,53100,"Kampung Tengah (Gombak)"
14,53100,"Lorong Kedah"
14,53100,"Lorong Perak"
14,53100,"Mount Estate"
14,53100,"Pusat Bandar Melawati"
14,53100,"Taman Bukit Mas"
14,53100,"Taman Bukit Sentosa"
14,53100,"Taman Cemerlang"
14,53100,"Taman Desa Melawati"
14,53100,"Taman Gombak Indah"
14,53100,"Taman Gombak Jaya"
14,53100,"Taman Gombak Setia"
14,53100,"Taman Harmonis"
14,53100,"Taman Ibukota"
14,53100,"Taman Kamariah"
14,53100,"Taman Kenangan"
14,53100,"Taman Mastika"
14,53100,"Taman Melati"
14,53100,"Taman Melati Utama"
14,53100,"Taman Melawati"
14,53100,"Taman Melawati Indah"
14,53100,"Taman Perwira (Gombak)"
14,53100,"Taman Sahabat"
14,53100,"Taman Sepakat (Gombak)"
14,53100,"Taman Seri Setia"
14,53100,"Taman Setia (Gombak)"
14,53100,"Desa Melawati"
14,53200,"Jalan  Ayer Tenang"
14,53200,"Jalan 10/23G"
14,53200,"Jalan 8/23G"
14,53200,"Jalan 9/23G"
14,53200,"Jalan Ayer Bah"
14,53200,"Jalan Ayer Batu"
14,53200,"Jalan Ayer Beku"
14,53200,"Jalan Ayer Berseh"
14,53200,"Jalan Ayer Berseh (1 - 5)"
14,53200,"Jalan Ayer Biru"
14,53200,"Jalan Ayer Chetek"
14,53200,"Jalan Ayer Chintak"
14,53200,"Jalan Ayer Dalam"
14,53200,"Jalan Ayer Deras"
14,53200,"Jalan Ayer Dusun"
14,53200,"Jalan Ayer Embun"
14,53200,"Jalan Ayer Hijau"
14,53200,"Jalan Ayer Hitam"
14,53200,"Jalan Ayer Hujan"
14,53200,"Jalan Ayer Jernih"
14,53200,"Jalan Ayer Kering"
14,53200,"Jalan Ayer Keroh"
14,53200,"Jalan Ayer Kolam"
14,53200,"Jalan Ayer Kuning"
14,53200,"Jalan Ayer Laju"
14,53200,"Jalan Ayer Leleh"
14,53200,"Jalan Ayer Lembah"
14,53200,"Jalan Ayer Lombong"
14,53200,"Jalan Ayer Madu"
14,53200,"Jalan Ayer Mas"
14,53200,"Jalan Ayer Masin"
14,53200,"Jalan Ayer Mata"
14,53200,"Jalan Ayer Mawar"
14,53200,"Jalan Ayer Merah"
14,53200,"Jalan Ayer Molek"
14,53200,"Jalan Ayer Molek (1-2)"
14,53200,"Jalan Ayer Molek Kiri"
14,53200,"Jalan Ayer Pahit"
14,53200,"Jalan Ayer Panas"
14,53200,"Jalan Ayer Panas Baru"
14,53200,"Jalan Ayer Pasang"
14,53200,"Jalan Ayer Penoh"
14,53200,"Jalan Ayer Pusing"
14,53200,"Jalan Ayer Putih"
14,53200,"Jalan Ayer Rimba"
14,53200,"Jalan Ayer Sejok"
14,53200,"Jalan Ayer Sungai"
14,53200,"Jalan Ayer Surut"
14,53200,"Jalan Ayer Tasek"
14,53200,"Jalan Ayer Tawar"
14,53200,"Jalan Ayer Telaga"
14,53200,"Jalan Ayer Terjun"
14,53200,"Jalan Beserah (Gombak)"
14,53200,"Jalan Boon Kim"
14,53200,"Jalan Chan Chin Mooi"
14,53200,"Jalan Chiew Yoke"
14,53200,"Jalan Chow Thye"
14,53200,"Jalan Fletcher"
14,53200,"Jalan Gin Lek"
14,53200,"Jalan Keng Hooi"
14,53200,"Jalan Kilang (1 - 3)"
14,53200,"Jalan Kim Leng"
14,53200,"Jalan Kong Lam"
14,53200,"Jalan Kuantan"
14,53200,"Jalan Loong Hin"
14,53200,"Jalan Maran"
14,53200,"Jalan Mata Air"
14,53200,"Jalan Mata Air (1 - 4)"
14,53200,"Jalan Mentakab"
14,53200,"Jalan Ng Ngee"
14,53200,"Jalan Pahang Kecil"
14,53200,"Jalan Pasir"
14,53200,"Jalan Perusahaan (1 - 8)"
14,53200,"Jalan Perusahaan Kiri"
14,53200,"Jalan Perusahaan Ringan"
14,53200,"Jalan Perusahaan Tengah"
14,53200,"Jalan Seavoy"
14,53200,"Jalan Suasa (Gombak)"
14,53200,"Jalan Swee Guat"
14,53200,"Jalan Tanah Liat"
14,53200,"Jalan Tembaga"
14,53200,"Jalan Tembeling"
14,53200,"Jalan Temerloh"
14,53200,"Jalan Timah"
14,53200,"Jalan Titiwangsa"
14,53200,"Jalan Ushawan"
14,53200,"Jalan Ushawan (1 - 6)"
14,53200,"Kampung Air Lanjut"
14,53200,"Kampung Ayer Bah"
14,53200,"Kampung Temerloh"
14,53200,"Lengkongan Mata Ayer"
14,53200,"Lingkungan Mata Air"
14,53200,"Lorong Ayer Bah"
14,53200,"Lorong Ayer Bah (1 - 3)"
14,53200,"Lorong Ayer Batu (1 - 13)"
14,53200,"Lorong Ayer Berseh (1 - 5)"
14,53200,"Lorong Ayer Jerneh (1 - 2)"
14,53200,"Lorong Ayer Keroh"
14,53200,"Lorong Ayer Kuning (1 - 6)"
14,53200,"Lorong Ayer Leleh (1 - 7)"
14,53200,"Lorong Ayer Lombong"
14,53200,"Lorong Ayer Madu (1 - 5)"
14,53200,"Lorong Ayer Mata"
14,53200,"Lorong Ayer Mawar (1 - 4)"
14,53200,"Lorong Ayer Pahit (1 - 3)"
14,53200,"Lorong Ayer Panas (1 - 3)"
14,53200,"Lorong Ayer Putih"
14,53200,"Lorong Ayer Tawar"
14,53200,"Lorong Ayer Telaga"
14,53200,"Lorong Ayer Tenang"
14,53200,"Lorong Chan Chin Mooi"
14,53200,"Lorong Chan Chin Mooi (1 - 5)"
14,53200,"Lorong Chow Thye"
14,53200,"Lorong Maran"
14,53200,"Lorong Mata Air (1 - 3)"
14,53200,"Lorong Perusahaan Ringan"
14,53200,"Lorong Titiwangsa (1 - 12)"
14,53200,"Medan Makmur"
14,53200,"Persiaran Kuantan"
14,53200,"Persiaran Titiwangsa"
14,53200,"Persiaran Titiwangsa (1 - 3)"
14,53200,"PPR Kampung Baru Air Panas"
14,53200,"Taman Air Panas"
14,53200,"Taman Genting"
14,53200,"Taman Keat Ann"
14,53200,"Taman Tasek Titiwangsa"
14,53300,"Bandar Baru Wangsa Maju"
14,53300,"Danau Kota"
14,53300,"Gonggang Estate"
14,53300,"Hawthornden Estate"
14,53300,"Jalan 2/27A Wangsa Maju"
14,53300,"Jalan 4/27E"
14,53300,"Jalan Danau Saujana 2"
14,53300,"Jalan Genting Klang"
14,53300,"Jalan Langkawi"
14,53300,"Jalan Metro Wangsa"
14,53300,"Jalan Prima Setapak 5"
14,53300,"Jalan Rejang"
14,53300,"Jalan Seri Wangsa 1"
14,53300,"Jalan Taman Ibu Kota"
14,53300,"Jalan wangsa Delima 1A"
14,53300,"Jalan Wangsa Perdana 3"
14,53300,"Jalan Wangsa Perdana 3"
14,53300,"Kem Genting"
14,53300,"Kem Wardieburn"
14,53300,"Rumah Panjang Danau Kota"
14,53300,"Rumah Panjang Kampung Pasir Wardieburn"
14,53300,"Setapak Height"
14,53300,"Taman Bukit Melawati"
14,53300,"Taman Danau Kota"
14,53300,"Taman Desa Setapak"
14,53300,"Taman Permata"
14,53300,"Taman Seri Rampai"
14,53300,"Taman Setapak Indah"
14,53300,"Taman Setapak Jaya"
14,53300,"Taman Wangsa Melawati"
14,53300,"Villa Wangsamas"
14,53300,"Wangsa Maju (Seksyen 1 - 10)"
14,53300,"Zon PerIndustrian PKNS (Setapak)"
14,53300,"Apartment Madu Mas"
14,53300,"Jalan Air Madu"
14,53300,"Pusat Komersial Setapak"
14,53300,"Taman Desiran Bayu"
14,53300,"Pusat Industri Sri Rampai"
14,53300,"Dataran Wangsa Melawati"
14,53300,"Taman Ibu Kota"
14,53700,"Gombak - Peti surat  (161 - 240)"
14,53800,"Gombak - Peti surat  (241 & ke atas)"
14,53990,"Gombak - Beg berkunci"
14,54000,"Cangkat Keramat Hujung"
14,54000,"Jalan Bomoh"
14,54000,"Jalan Bukit Keramat"
14,54000,"Jalan Chenangkas"
14,54000,"Jalan Datuk Keramat"
14,54000,"Jalan Gurney (1 - 4)"
14,54000,"Jalan Kent"
14,54000,"Jalan Kent (1 - 8)"
14,54000,"Jalan Keramat"
14,54000,"Jalan Keramat Dalam"
14,54000,"Jalan Keramat Hujong"
14,54000,"Jalan Keramat Hujung"
14,54000,"Jalan Keramat Jaya"
14,54000,"Jalan Keramat Tepi"
14,54000,"Jalan Ladang Maktab"
14,54000,"Jalan Maktab"
14,54000,"Jalan Maktab (1 - 8)"
14,54000,"Jalan Nujum"
14,54000,"Jalan Pawang"
14,54000,"Jalan Perumahan Gurney"
14,54000,"Kampung Bukit Baru"
14,54000,"Kampung Datok Keramat"
14,54000,"Kampung Jaya"
14,54000,"Kampung Padang Tembak"
14,54000,"Kampung Semarak"
14,54000,"Lorong Bukit Keramat"
14,54000,"Lorong Bukit Keramat (1 - 3)"
14,54000,"Lorong Datuk Keramat"
14,54000,"Lorong Keramat (1 - 22)"
14,54000,"Lorong Keramat Dalam"
14,54000,"Lorong Keramat Dalam (1 - 8)"
14,54000,"Lorong Keramat Hujong (1 - 2)"
14,54000,"Lorong Keramat Kiri"
14,54000,"Lorong Keramat Tepi (1 - 4)"
14,54000,"Lorong Kiri 1 - 20 (Datuk Keramat)"
14,54000,"Lorong Maktab (1 - 8)"
14,54000,"Lorong Pawang"
14,54000,"Lorong Sabit"
14,54000,"Pangsapuri Bukit Baru"
14,54000,"Persiaran Gurney"
14,54000,"Persiaran Keramat (1 & 2)"
14,54000,"Persiaran Keramat 5"
14,54000,"Persiaran Keramat Hujong"
14,54000,"Persiaran Kiri 1"
14,54100,"Graham Rise"
14,54100,"Jalan Alan Loke"
14,54100,"Jalan Badek"
14,54100,"Jalan Bagot"
14,54100,"Jalan Bedok"
14,54100,"Jalan Bukit Lima"
14,54100,"Jalan Bukit Tinggi (1 - 2)"
14,54100,"Jalan Buku Lima"
14,54100,"Jalan Chendrik"
14,54100,"Jalan Douglas"
14,54100,"Jalan Graham"
14,54100,"Jalan Gray"
14,54100,"Jalan Gurney KIRI"
14,54100,"Jalan Hannigan"
14,54100,"Jalan Hulubalang"
14,54100,"Jalan Hussey"
14,54100,"Jalan Iskandar"
14,54100,"Jalan Jembai"
14,54100,"Jalan Jembiah"
14,54100,"Jalan Kerambit"
14,54100,"Jalan Lai Tet Loke"
14,54100,"Jalan Lang Worthy"
14,54100,"Jalan Lembing"
14,54100,"Jalan Mac Namara"
14,54100,"Jalan O`Connel"
14,54100,"Jalan Padang Tembak"
14,54100,"Jalan Pahlawan"
14,54100,"Jalan Ranjau"
14,54100,"Jalan Samson"
14,54100,"Jalan San Ah Wing"
14,54100,"Jalan Semarak"
14,54100,"Jalan Serampang"
14,54100,"Jalan Sundang"
14,54100,"Jalan Talbot"
14,54100,"Jalan Tekpi"
14,54100,"Jalan Tembak"
14,54100,"Jalan Tombak"
14,54100,"Jalan Tumbok Lada"
14,54100,"Jalan Wayne"
14,54100,"Kampung Boyan"
14,54100,"Laman Pendekar"
14,54100,"Lorong Baju Besi"
14,54100,"Lorong Beliong"
14,54100,"Lorong Golok"
14,54100,"Lorong Gurney"
14,54100,"Lorong Kelewang"
14,54100,"Lorong Kris"
14,54100,"Lorong Kubu"
14,54100,"Lorong Lading"
14,54100,"Lorong Lai Tet Loke (1 - 12)"
14,54100,"Lorong Parang"
14,54100,"Lorong Pedang"
14,54100,"Lorong Pendekar"
14,54100,"Lorong Perisai"
14,54100,"Lorong Ranjau"
14,54100,"Lorong Renchong"
14,54100,"Lorong San Ah Wing"
14,54100,"Lorong Seligi"
14,54100,"Lorong Senjata"
14,54100,"Lorong Silat"
14,54100,"Lorong Sumpitan"
14,54100,"Lorong Tombak"
14,54100,"Lorong Tumbok Lada"
14,54100,"Polis Depoh"
14,54100,"Samson Park"
14,54100,"Jalan Sultan Yahya Petra (Jalan Semarak)"
14,54200,"Desa Tun Hussein Onn"
14,54200,"Jalan AU 2"
14,54200,"Jalan AU 2/B"
14,54200,"Jalan AU 2A/1 - AU 2A/23"
14,54200,"Jalan AU 3/1"
14,54200,"Jalan AU 3/28"
14,54200,"Jalan Enggang"
14,54200,"Jalan Enggang Selatan"
14,54200,"Jalan Enggang Timur"
14,54200,"Jalan Enggang Utara"
14,54200,"Jalan Jelatek"
14,54200,"Jalan Jelatek (1 - 5)"
14,54200,"Kampung Seri Lembah Keramat"
14,54200,"Kampung Warisan"
14,54200,"Lorong Enggang (1 - 25)"
14,54200,"Lorong Jelatek"
14,54200,"Lorong Jelatek Kiri (1 - 3)"
14,54200,"Seri Maya"
14,54200,"Taman Desa Keramat"
14,54200,"Taman Keramat"
14,54200,"Taman Keramat Permai"
14,54200,"Taman Keramat Wangsa"
14,54200,"Taman Lembah Keramat (AU 5)"
14,54200,"Taman Sepakat (AU 3)"
14,54200,"Taman Seri Keramat"
14,54200,"Taman Seri Keramat Tengah (AU 4)"
14,54200,"Taman Setiawangsa"
14,54200,"Ulu Klang Free Trade Zone"
14,55000,"Gerbang Ampang Hilir"
14,55000,"Jalan Aman"
14,55000,"Jalan Ampang Hilir"
14,55000,"Jalan Ampang Hilir (1 - 5)"
14,55000,"Jalan Ampang Kiri"
14,55000,"Jalan Ampang Tengah"
14,55000,"Jalan Ampang Ulu"
14,55000,"Jalan Ampang Ulu 3"
14,55000,"Jalan Berembang (Pudu)"
14,55000,"Jalan Damai"
14,55000,"Jalan Dedalu"
14,55000,"Jalan Fajar"
14,55000,"Jalan Kedondong"
14,55000,"Jalan Kedondong (1 - 3)"
14,55000,"Jalan Kelab Golf"
14,55000,"Jalan Keranji (1 - 2)"
14,55000,"Jalan Kundang"
14,55000,"Jalan Kundang (1 - 3)"
14,55000,"Jalan Langgak Golf"
14,55000,"Jalan Madge"
14,55000,"Jalan Mengkuang"
14,55000,"Jalan Mengkudu"
14,55000,"Jalan Mesra"
14,55000,"Jalan Mesra Off Jalan Damai"
14,55000,"Jalan Murni"
14,55000,"Jalan Nipah"
14,55000,"Jalan Pegawai"
14,55000,"Jalan Penggawa"
14,55000,"Jalan Ritchie"
14,55000,"Jalan Ru (Pudu)"
14,55000,"Jalan Sejahtera"
14,55000,"Jalan Taman U Thant"
14,55000,"Jalan Taman U Thant (1 - 4)"
14,55000,"Jalan Taman U-Thant"
14,55000,"Jalan Tun Sri Lanang"
14,55000,"Jalan U Thant"
14,55000,"Jalan Wickham"
14,55000,"Kampung Berembang"
14,55000,"Kampung Desa Pahlawan"
14,55000,"Kampung Mengkudu"
14,55000,"Kampung Perwira Jaya"
14,55000,"Kelab Golf Di Raja Selangor"
14,55000,"Kondominium Iringan Hijau"
14,55000,"Lingkungan U Thant"
14,55000,"Lorong Ampang 2 (Ampang)"
14,55000,"Lorong Damai (1 - 13)"
14,55000,"Lorong Dedalu"
14,55000,"Lorong Enau"
14,55000,"Lorong Kedondong"
14,55000,"Lorong Kundang"
14,55000,"Lorong Mengkuang"
14,55000,"Lorong Mengkudu 1"
14,55000,"Lorong Mengkudu 2"
14,55000,"Lorong Mesra 1"
14,55000,"Lorong Mesra 2"
14,55000,"Lorong Mesra 3"
14,55000,"Lorong Mesra 4"
14,55000,"Lorong Ru Kedua"
14,55000,"Lorong Ru Pertama"
14,55000,"Lorong U Thant (1 - 2)"
14,55000,"Pangsapuri My Habitat, Jalan Aman"
14,55000,"Persiaran Ampang"
14,55000,"Persiaran Ampang Hilir"
14,55000,"Persiaran Anderson"
14,55000,"Persiaran Madge"
14,55000,"Persiaran Ritchie"
14,55000,"Pinggir Ridley"
14,55000,"U-Thant Residence"
14,55000,"Kondominium Seri Ampang Hilir"
14,55100,"Lorong Baba"
14,55100,"Lorong B1 - 8 (Kampung Pandan)"
14,55100,"Lorong 8 (Kampung Pandan)"
14,55100,"Lorong 7 (Kampung Pandan)"
14,55100,"Lorong Cochrane"
14,55100,"Lorong 6 (Kampung Pandan)"
14,55100,"Lorong 5 (Kampung Pandan)"
14,55100,"Lorong Belangkas (1 - 3)"
14,55100,"Lorong Bendahara"
14,55100,"Lorong Brunei (1 - 3)"
14,55100,"Lorong Brunei Selatan"
14,55100,"Lorong Bukit Bintang"
14,55100,"Lorong C1 - 10 (Kampung Pandan)"
14,55100,"Lorong Cheong Yoke Choy"
14,55100,"Lorong CJ 1 - 2 (Kampung Pandan)"
14,55100,"Lorong D1 - 12 (Kampung Pandan)"
14,55100,"Lorong 4 (Kampung Pandan)"
14,55100,"Lorong 3 (Kampung Pandan)"
14,55100,"Lorong 2 (Kampung Pandan)"
14,55100,"Kampung Peel"
14,55100,"Kampung Perwira"
14,55100,"Kampung Sungai Kerayong"
14,55100,"Kampung Thambi Dollah"
14,55100,"Laman Coales"
14,55100,"Laman Mc Conechy"
14,55100,"Laman Peel"
14,55100,"Lebuhraya Peel"
14,55100,"Lengkok Brunei Selatan"
14,55100,"Lengkongan Brunei"
14,55100,"Lorong  G1 (Kampung Pandan)"
14,55100,"Lorong  G2 (Kampung Pandan)"
14,55100,"Lorong  J1 - 5  (Kampung Pandan)"
14,55100,"Lorong  L1 - L5  (Kampung Pandan)"
14,55100,"Lorong 1 (Kampung Pandan)"
14,55100,"Kampung Pandan Luar"
14,55100,"Lorong Davis"
14,55100,"Lorong Walter Grenier"
14,55100,"Lorong Yap Hin"
14,55100,"Lorong Yap Tai Chi"
14,55100,"Majlis Perbandaran Ampang Jaya"
14,55100,"Medan Imbi"
14,55100,"Pandan Indah"
14,55100,"Pandan Indah Commercial Centre"
14,55100,"Pandan Jaya"
14,55100,"Pandan Maju"
14,55100,"Taman Ampang Hilir"
14,55100,"Taman Maluri"
14,55100,"Taman Seri Angsana"
14,55100,"Taman Angsana Hilir"
14,55100,"Jalan Desa Pandan"
14,55100,"Wisma IAV"
14,55100,"Lorong Thambi (1 - 2)"
14,55100,"Lorong Temenggong"
14,55100,"Lorong Shahbandar"
14,55100,"Lorong Delapan (Kampung Pandan)"
14,55100,"Lorong Imbi"
14,55100,"Lorong Jarret (1 - 2)"
14,55100,"Lorong K1 - 5  (Kampung Pandan)"
14,55100,"Lorong Kampung Pandan"
14,55100,"Lorong Kanan 1 (Kampung Pandan)"
14,55100,"Lorong Kiri 1 - 2 (Kampung Pandan)"
14,55100,"Lorong Laksamana"
14,55100,"Lorong Mc Conechy"
14,55100,"Lorong Menteri"
14,55100,"Lorong Nakhoda Yusof"
14,55100,"Lorong Panglima"
14,55100,"Lorong Peel"
14,55100,"Lorong Permaisuri"
14,55100,"Lorong Selatan"
14,55100,"Kondominium Inai 36"
14,55100,"Jalan Labu"
14,55100,"Jalan K (Kampung Pandan)"
14,55100,"Jalan Jejaka"
14,55100,"Jalan Jati"
14,55100,"Jalan Jarret"
14,55100,"Jalan Barat"
14,55100,"Jalan Bayam"
14,55100,"Jalan Belangkas"
14,55100,"Jalan Belangkas (1 - 3)"
14,55100,"Jalan Bendahara"
14,55100,"Jalan Benjamin"
14,55100,"Jalan Kachang"
14,55100,"Jalan Kampung"
14,55100,"Jalan Kundur"
14,55100,"Jalan Kijang"
14,55100,"Jalan Khoo Teik Ee"
14,55100,"Jalan Ketola"
14,55100,"Jalan Kepah"
14,55100,"Jalan Kemuning"
14,55100,"Jalan Keledek"
14,55100,"Jalan Kangkong"
14,55100,"Jalan Kanchil"
14,55100,"Jalan Kampung Pandan"
14,55100,"Jalan Beruang"
14,55100,"Jalan Brunei"
14,55100,"Jalan Brunei Barat"
14,55100,"Jalan Delima"
14,55100,"Jalan E (Kampung Pandan)"
14,55100,"Jalan F (Kampung Pandan)"
14,55100,"Jalan Gading"
14,55100,"Jalan Gajah"
14,55100,"Jalan H (Kampung Pandan)"
14,55100,"Jalan Horley"
14,55100,"Jalan Imbi"
14,55100,"Jalan Inai"
14,55100,"Jalan D (Kampung Pandan)"
14,55100,"Jalan Davies"
14,55100,"Jalan Cochrane"
14,55100,"Jalan Brunei Selatan"
14,55100,"Jalan Brunei Utara"
14,55100,"Jalan Bugis"
14,55100,"Jalan Bukit Bintang"
14,55100,"Jalan Bulan"
14,55100,"Jalan Bulan (1 - 2)"
14,55100,"Jalan C (Kampung Pandan)"
14,55100,"Jalan Chan Ah Wing"
14,55100,"Jalan Cheong Yoke Choy"
14,55100,"Jalan Coales"
14,55100,"Jalan J (Kampung Pandan)"
14,55100,"Kampung Pandan Dalam"
14,55100,"Jalan Shelly"
14,55100,"Jalan Shahbandar"
14,55100,"Jalan Selatan"
14,55100,"Jalan Seladang"
14,55100,"Jalan Sayor"
14,55100,"Jalan Satu"
14,55100,"Jalan Rusa"
14,55100,"Jalan Rawa"
14,55100,"Jalan Punai"
14,55100,"Jalan Pudu"
14,55100,"Jalan Temenggong"
14,55100,"Jalan Terong"
14,55100,"Kampung Loke Yuen"
14,55100,"Kampung Imbi"
14,55100,"Kampung Dollah"
14,55100,"Kampung Dato Harun"
14,55100,"Jalan Yew"
14,55100,"Jalan Yap Thai Chi"
14,55100,"Jalan Walter Grenier"
14,55100,"Jalan Utara"
14,55100,"Jalan Timun"
14,55100,"Jalan Thaver"
14,55100,"Jalan Perwira"
14,55100,"Jalan Pertiwi"
14,55100,"Jalan Permaisuri"
14,55100,"Jalan Metro Pudu"
14,55100,"Jalan Menteri"
14,55100,"Jalan Memberang"
14,55100,"Jalan Melor"
14,55100,"Jalan Melati"
14,55100,"Jalan Mc Conechy"
14,55100,"Jalan Mahkota"
14,55100,"Jalan Landak"
14,55100,"Jalan Laman Peel"
14,55100,"Jalan Laksamana"
14,55100,"Jalan Nakhoda Yusof"
14,55100,"Jalan Nakhoda Yusof (1 - 3)"
14,55100,"Jalan Nicholes"
14,55100,"Jalan Perkasa (Pudu)"
14,55100,"Jalan Pelandok"
14,55100,"Jalan Peel"
14,55100,"Jalan Pasar Baru"
14,55100,"Jalan Pasar"
14,55100,"Jalan Pandan Utama"
14,55100,"Jalan Pandan Jaya"
14,55100,"Jalan Palmer"
14,55100,"Jalan Padang Walter Grenier"
14,55100,"Jalan Nyonya"
14,55100,"Akademi Badminton Malaysia"
14,55100,"Bangunan LTAT"
14,55100,"Bangunan Yayasan Selangor"
14,55100,"Cangkat Thambi Dollah"
14,55100,"Dataran Pandan Prima"
14,55100,"Desa Pandan"
14,55100,"Fraser Business Park"
14,55100,"Hentian Pudu Raya"
14,55100,"Institut Kemahiran Mara"
14,55100,"Jalan  A (Kampung Pandan)"
14,55100,"Jalan 1/76 Off Jalan Kampung Pandan"
14,55100,"Jalan 2 (Kampung Pandan)"
14,55100,"Jalan 6/1 - 6/11"
14,55100,"Jalan Abraham"
14,55100,"Jalan B (Kampung Pandan)"
14,55100,"Jalan Baba"
14,55100,"Jalan Badak"
14,55200,"Lorong Loke Yew"
14,55200,"Lorong Meranti"
14,55200,"Lorong Meranti (1 - 3)"
14,55200,"Lorong Merbau"
14,55200,"Lorong Merlimau"
14,55200,"Lorong Merlimau 1"
14,55200,"Lorong Sarawak"
14,55200,"Persiaran Jubilee"
14,55200,"Taman Miharja"
14,55200,"Kampung SamYoke"
14,55200,"Lorong Kenanga"
14,55200,"Fraser Business Park"
14,55200,"Jalan Gourley"
14,55200,"Jalan Hang Tuah"
14,55200,"Jalan Jublee"
14,55200,"Jalan Kalong"
14,55200,"Jalan Kelian"
14,55200,"Jalan Lengkuas"
14,55200,"Jalan Logam"
14,55200,"Jalan Loke Yew"
14,55200,"Jalan Lombong"
14,55200,"Jalan Mempelam"
14,55200,"Jalan Meranti"
14,55200,"Jalan Merlimau"
14,55200,"Jalan Gelugor"
14,55200,"Jalan Gelang"
14,55200,"Jalan Galian"
14,55200,"Gourlay Crescent"
14,55200,"Jalan 2 (Chan Sow Lin 2)"
14,55200,"Jalan 3 (Chan Sow Lin 3)"
14,55200,"Jalan 4 (Chan Sow Lin 4)"
14,55200,"Jalan 5 (Chan Sow Lin 5)"
14,55200,"Jalan 6 (Chan Sow Lin 6)"
14,55200,"Jalan Baiduri"
14,55200,"Jalan Bijeh"
14,55200,"Jalan Chan Sow Lin"
14,55200,"Jalan Chinchin"
14,55200,"Jalan Foss"
14,55200,"Jalan Gadek"
14,55200,"Jalan Nilam"
14,55200,"Lorong Gelugor"
14,55200,"Lorong Gourlay"
14,55200,"Jalan San Peng"
14,55200,"Jalan Sarawak"
14,55200,"Jalan Satu Enam"
14,55200,"Jalan Sunting"
14,55200,"Kampung Chan Sow Lin"
14,55200,"Kampung Cheras (Batu 2 1/2)"
14,55200,"Jalan Palong"
14,55200,"Lorong Jubilee"
14,55200,"Lingkungan Jauhari"
14,55200,"Kampung Samuel"
14,55200,"Jalan Kenanga"
14,55300,"Pandan Perdana"
14,55700,"Pudu - Peti surat  6001 - 6054"
14,55700,"Pudu - Peti surat  6056 - 6064"
14,55700,"Pudu - Peti surat  6067 - 6077"
14,55700,"Pudu - Peti surat  6070 - 6080"
14,55710,"Pudu - Peti surat  6102"
14,55710,"Pudu - Peti surat  6156 - 6160"
14,55710,"Pudu - Peti surat  6151 - 6154"
14,55710,"Pudu - Peti surat  6147"
14,55710,"Pudu - Peti surat  6141 - 6145"
14,55710,"Pudu - Peti surat  6133 - 6139"
14,55710,"Pudu - Peti surat  6149"
14,55710,"Pudu - Peti surat  6131"
14,55710,"Pudu - Peti surat  6121"
14,55710,"Pudu - Peti surat  6119"
14,55710,"Pudu - Peti surat  6104 - 6117"
14,55710,"Pudu - Peti surat  6081 - 6100"
14,55720,"Pudu - Peti surat  6204 & ke atas"
14,55720,"Pudu - Peti surat  6161 - 6184"
14,55720,"Pudu - Peti surat  6186 - 6202"
14,55900,"Pudu - Peti surat  6055"
14,55902,"Pudu - Peti surat  6065"
14,55904,"Pudu - Peti surat  6066"
14,55906,"Pudu - Peti surat  6078"
14,55908,"Pudu - Peti surat  6079"
14,55910,"Pudu - Peti surat  6101"
14,55912,"Pudu - Peti surat  6103"
14,55914,"Pudu - Peti surat  6118"
14,55916,"Pudu - Peti surat  6120"
14,55918,"Pudu - Peti surat  6122"
14,55920,"Pudu - Peti surat  6132"
14,55922,"Pudu - Peti surat  6140"
14,55924,"Pudu - Peti surat  6146"
14,55926,"Pudu - Peti surat  6148"
14,55928,"Pudu - Peti surat  6150"
14,55930,"Pudu - Peti surat  6155"
14,55932,"Pudu - Peti surat  6185"
14,55934,"Pudu - Peti surat  6203"
14,55990,"Pudu - Beg berkunci"
14,56000,"Taman Seri Bahagia"
14,56000,"Taman Seri Cendekia (Connaught)"
14,56000,"Taman Okid Desa"
14,56000,"Taman Damai Impian 2"
14,56000,"Taman Damai Indah"
14,56000,"Taman Delima"
14,56000,"Taman Desa Baiduri"
14,56000,"Taman Desa Cheras"
14,56000,"Taman Ikan Emas"
14,56000,"Taman Jaya Baru"
14,56000,"Taman Len Seng"
14,56000,"Taman Midah"
14,56000,"Taman Minang"
14,56000,"Taman Mulia"
14,56000,"Taman Mutiara"
14,56000,"Taman Mutiara Barat"
14,56000,"Taman Suet Chow"
14,56000,"Taman Suria Jaya"
14,56000,"Taman Tayton View"
14,56000,"Jalan Budiman"
14,56000,"Jalan Bangsawan"
14,56000,"Jalan 1/90 G - 5/90 G"
14,56000,"Jalan 1/90 E - 4/90 E"
14,56000,"Jabatan Pentadbiran Awam Hospital Universiti Kebangsaan Malaysia"
14,56000,"Bukit Mandarina"
14,56000,"Bandar Tun Razak"
14,56000,"Bandar Tasik Permaisuri"
14,56000,"Bandar Sri Permaisuri"
14,56000,"Bandar Damai Perdana"
14,56000,"Amber Business Plaza 2"
14,56000,"Alam Damai"
14,56000,"Kondominium Bukit Cheras"
14,56000,"Taman Bukit Hijau"
14,56000,"Desa Tun Razak"
14,56000,"Taman Tenaga (Ikhsan)"
14,56000,"Plaza Amber Suria"
14,56000,"Taman Dahlia"
14,56000,"Jalan Chekap"
14,56000,"Jalan Selimang"
14,56000,"Jalan Seluang"
14,56000,"Jalan Sembilang"
14,56000,"Jalan Sempilai"
14,56000,"Jalan Sengaring"
14,56000,"Jalan Siakap"
14,56000,"Jalan Siput"
14,56000,"Jalan Siput (1 - 4)"
14,56000,"Jalan Siput Akek"
14,56000,"Jalan Sri Permaisuri 3"
14,56000,"Jalan Tasik Permaisuri 2"
14,56000,"Jalan Sekilau"
14,56000,"Jalan Sebarau"
14,56000,"Jalan Oasis 3"
14,56000,"Jalan Connaught"
14,56000,"Jalan Damai Niaga"
14,56000,"Jalan Damai Perdana 2/7D"
14,56000,"Jalan Damai Perdana 6/1F"
14,56000,"Jalan Damai Perdana 9/2A"
14,56000,"Jalan Danau Lumayan"
14,56000,"Jalan Dato Haji Harun"
14,56000,"Jalan Ikan Emas"
14,56000,"Jalan Jelawat 1"
14,56000,"Jalan Jelawat 2"
14,56000,"Jalan Nadchatiram"
14,56000,"Jalan Tasik Permaisuri 3"
14,56000,"Taman Cheras Utama (Contoh Nama Jalan CU 2)"
14,56000,"Rumah Pangsa Sri Pulau Pinang"
14,56000,"Rumah Pangsa Sri Sabah"
14,56000,"Stadium Badminton"
14,56000,"Suria Industrial Park"
14,56000,"Taman Alam Damai"
14,56000,"Taman Angsana (Cheras)"
14,56000,"Taman Billion"
14,56000,"Taman Bukit Anggerik"
14,56000,"Taman Bukit Angsana"
14,56000,"Taman Bukit Cheras"
14,56000,"Taman Bukit Prima"
14,56000,"Taman Cheras Mewah"
14,56000,"Rumah Pangsa Sri Melaka"
14,56000,"Rumah Pangsa Sri Johor"
14,56000,"Jalan Tenteram"
14,56000,"Jalan Tenteram 1"
14,56000,"Jalan Tiram"
14,56000,"Jalan Tiram (1 - 3)"
14,56000,"Kompleks Belia Antarabangsa"
14,56000,"Kondominium Cengal"
14,56000,"Laman Oasis Cheras Utama"
14,56000,"Lingkungan Ikan Emas"
14,56000,"Pusat Perniagaan Danau Lumayan"
14,56000,"Lorong Ikan Emas (1 - 6)"
14,56000,"Lorong Ikan Emas"
14,56000,"Lorong Budiman (1 - 4)"
14,56100,"Taman Mestika, Cheras"
14,56100,"Taman Maju Jaya"
14,56100,"Taman Lembah Maju"
14,56100,"Taman Kobena"
14,56100,"Taman Mawar"
14,56100,"Taman Kencana"
14,56100,"Taman Industri Bukit Permai"
14,56100,"Taman Gemilang"
14,56100,"Taman Desa Aman"
14,56100,"Taman Cheras Utama (Contoh Nama Jalan 2/95B)"
14,56100,"Taman Cheras Makmur"
14,56100,"Taman Muda"
14,56100,"Taman Mutiara Timur"
14,56100,"Taman Seraya"
14,56100,"Taman Supreme"
14,56100,"Taman Shamelin Perkasa"
14,56100,"Taman Shamelin"
14,56100,"Taman Seri Semudera (Taman Pertama)"
14,56100,"Taman Seri Bahtera"
14,56100,"Taman Segar"
14,56100,"Taman Saraya"
14,56100,"Taman Rajawali"
14,56100,"Taman Putra"
14,56100,"Taman Pertama"
14,56100,"Taman Cheras Indah"
14,56100,"Apartment Pertama Residensi"
14,56100,"Jalan Jintan"
14,56100,"Jalan Jintan Manis"
14,56100,"Jalan Kuari"
14,56100,"Jalan Lanchang (1 - 4)"
14,56100,"Jalan Mawar 17, Cheras"
14,56100,"Jalan Palaga"
14,56100,"Jalan Payang"
14,56100,"Jalan Pelaga"
14,56100,"Jalan Pudu Impian"
14,56100,"Jalan Pudu Ulu"
14,56100,"Jalan Sekuci"
14,56100,"Jalan Selangat"
14,56100,"Jalan Jalak"
14,56100,"Jalan Cheras (Hingga Km 10.5)"
14,56100,"Jalan Cerapu 1"
14,56100,"Astaka Heights"
14,56100,"Bukit Pandan Bistari"
14,56100,"Cheras Heights"
14,56100,"Dataran Mestika, Cheras"
14,56100,"Hwa Li Housing"
14,56100,"Jalan 3/101C"
14,56100,"Jalan 3/92 B"
14,56100,"Jalan Badam"
14,56100,"Jalan Badam (1 - 9)"
14,56100,"Jalan Bawang"
14,56100,"Jalan Bukit Pandan Bistari 5 Cheras Baru"
14,56100,"Jalan Cerapu"
14,56100,"Jalan Selar"
14,56100,"Jalan Selar (1 - 4)"
14,56100,"Jalan Selasih"
14,56100,"Lorong Jintan Manis"
14,56100,"Lorong Lobak"
14,56100,"Lorong Selangat"
14,56100,"Lorong Selangat 1"
14,56100,"Medan Niaga Mutiara Cheras"
14,56100,"Pangsapuri Bukit Bayu, Taman Cheras Baru"
14,56100,"Pudu Heights"
14,56100,"Pudu Ulu"
14,56100,"Taman Bukit Mewah"
14,56100,"Taman Bukit Permai"
14,56100,"Taman Bukit Ria"
14,56100,"Taman Bukit Teratai"
14,56100,"Taman Cantik"
14,56100,"Taman Cheras"
14,56100,"Lorong Jintan (1 - 4)"
14,56100,"Jalan Senohong (1 - 4)"
14,56100,"Jalan Senjolong"
14,56100,"Jalan Senohong"
14,56100,"Jalan Serai Wangi"
14,56100,"Jalan Serkut"
14,56100,"Jalan Serkut (1 - 2)"
14,56100,"Kampung Cheras Baru"
14,56100,"Kampung Damai"
14,56100,"Kampung RajawalI"
14,56100,"Kampung Semerah Padi (Tangki Air)"
14,56100,"Kampung Seri Damai"
14,56100,"Kampung Supreme"
14,56100,"Lintasan Badam"
14,57000,"Taman Seri Budiman"
14,57000,"Taman LTAT Bukit Jalil"
14,57000,"Taman Bukit Petaling (Sungai Besi)"
14,57000,"Taman Impian Indah"
14,57000,"Taman Seri Indah (Sungai Besi)"
14,57000,"Taman Seri Petaling"
14,57000,"Taman Sri Endah"
14,57000,"Taman Teknologi Malaysia"
14,57000,"KM1 Residensi"
14,57000,"Bandar Bukit Jalil"
14,57000,"Taman Bukit Intan"
14,57000,"Taman Alam Sutera"
14,57000,"Market Street (Sungai Besi)"
14,57000,"Kampung Benggali"
14,57000,"Kampung Balakong"
14,57000,"Jalan Wan Malini"
14,57000,"Jalan Tokong China"
14,57000,"Jalan Toh Kong"
14,57000,"Jalan Silang (Sungai Besi)"
14,57000,"Jalan Radin Bagus"
14,57000,"Jalan Pejabat Pos"
14,57000,"Jalan Pasar (Sungai Besi)"
14,57000,"Kampung Pinang"
14,57000,"Kampung Selamat (Sungai Besi)"
14,57000,"Kuyow Street"
14,57000,Kuyow
14,57000,"Kompleks Sukan Negara"
14,57000,"Kompleks Pasar (Sungai Besi)"
14,57000,"Kem Gerissen Sungai Besi"
14,57000,"Kelab Lumba Kuda Selangor"
14,57000,"Kelab Lumba Kuda Kuala Lumpur"
14,57000,"Kampung Seri Perantau"
14,57000,"Kampung Seri Muhibbah"
14,57000,"Jalan Jalil Perkasa 7"
14,57000,"Jalan Gangsa"
14,57000,"Jalan Besar Sungai Besi"
14,57000,"Aked Esplanad Bukit Jalil"
14,57000,"Medan Niaga Tasik Damai"
14,57000,"Pangsapuri Savanna 2 Bukit Jalil"
14,57000,"Pangsapuri Covillea Bukit Jalil"
14,57000,"Savanna Bukit Jalil"
14,57000,"Serdang Lama"
14,57000,"Serdang Lama (Hingga Km 19)"
14,57000,"Sungai Besi (Pekan)"
14,57000,"Sungai Besi Camp"
14,57000,"Sungai Besi Mines"
14,57000,"Bandar Baru Seri Petaling"
14,57000,"Bandar Tasik Selatan"
14,57000,"Bukit Jalil"
14,57000,"Jalan Belakang Balai Polis"
14,57000,"Jalan Balai Polis (Sungai Besi)"
14,57000,"Jalan Alam Sutera 19"
14,57000,"Jalan 1/155A Bukit Jalil"
14,57000,"Endah Puri"
14,57000,"Desa Tasik"
14,57000,"Cross Street (Sungai Besi)"
14,57000,"Bukit Jalil Intergrated Park"
14,57100,"Taman Perumahan Rakyat Seri Malaysia"
14,57100,"Taman Salak Jaya"
14,57100,"Taman Salak Selatan"
14,57100,"Taman Sungai Besi"
14,57100,"Taman Tasek Selatan"
14,57100,"Terminal Bersepadu Selatan"
14,57100,"Jalan Besar Salak Selatan"
14,57100,"Taman Seri Mutiara"
14,57100,"Dataran Niaga Sungai Besi"
14,57100,"Taman Naga Mas"
14,57100,"Kampung Syed Mohamad"
14,57100,"Kampung Malaysia Baru"
14,57100,"Kampung Malaysia"
14,57100,"Kampung Batu Kong"
14,57100,"Kampung Baru Salak Selatan"
14,57100,"Jalan Terminal Selatan"
14,57100,"Jalan Sungai Besi"
14,57100,"Jalan Permatang Pasir"
14,57100,"Jalan Maya (Salak Selatan)"
14,57100,"Jalan Lapangan Permai Off Jalan Istana"
14,57100,"Jalan Landai Permai"
14,57100,"Kampung Seri Indah"
14,57100,"Kampung Malaysia Raya"
14,57100,"Kampung Sungai Besi"
14,57100,"Kampung Seri Malaysia"
14,57100,"Kampung Satu (Jalan Sungai Besi)"
14,57100,"Kampung Raya Permai"
14,57100,"Kampung Pertama"
14,57100,"Kampung Pasir (Sungai Besi)"
14,57100,"Kampung Pakar"
14,57100,"Kampung Melayu (Sungai Besi)"
14,57100,"Kampung Maya"
14,57100,"Kampung Malaysia Tambahan"
14,57100,"Jalan Intan"
14,57100,"Jalan Emas"
14,57100,"Salak Selatan Baru"
14,57100,"Jalan Besi Waja (1 & 2)"
14,57100,"Jalan 1/108C (Salak Selatan)"
14,57100,"Batu Kong"
14,57100,"Kawasan PerIndustrian Tri Segi"
14,57100,"Petaling Indah"
14,57100,"Taman Desa Petaling"
14,57100,"Pusat Serenti Sungai Besi"
14,57100,"Salak Selatan"
14,57100,"Taman Castlefield"
14,57100,"Jalan 1/125A (Desa Petaling)"
14,57100,"Jalan 12/108C (Salak Selatan)"
14,57100,"Kampung Tai San"
14,57100,"Jalan Besi Waja"
14,57100,"Jalan Belerang"
14,57100,"Jalan 6/108C (Salak Selatan)"
14,57100,"Jalan 3/89B - 6/89B"
14,57100,"Jalan 3/141"
14,57100,"Jalan 14/108C (Salak Selatan)"
14,57100,"Jalan 13/108C (Salak Selatan)"
14,57700,"Sungai Besi - Peti surat  (7001 & ke atas)"
14,57990,"Sungai Besi - Beg berkunci"
14,58000,"Taman Seputeh"
14,58000,"Taman Seri Sentosa"
14,58000,"Jalan Batu Laut"
14,58000,"Lengkongan Jenjarom"
14,58000,"Medan Kelang Lama 28"
14,58000,"Menara K1"
14,58000,"Jalan Taman Seputeh (1 - 7)"
14,58000,"Taman Sentosa"
14,58000,"Bedford Bussiness Park"
14,58000,"Jalan Tanjong 12"
14,58000,"Jalan Tanjong Sepat"
14,58000,"Jalan Tanjong Sepat (1 - 2)"
14,58000,"Jalan Teluk Batu"
14,58000,"Jalan Teluk Pulai"
14,58000,"Jalan Teluk Pulai Kanan"
14,58000,"Jalan Teluk Pulai Kiri"
14,58000,"Kampung Manggis"
14,58000,"Jalan Sungai Manggis"
14,58000,"Jalan Serai"
14,58000,"Jalan Penghulu Mat"
14,58000,"Bukit Raja"
14,58000,"Jalan 10/109C"
14,58000,"Jalan Batu Laut (1 - 2)"
14,58000,"Jalan Chekor"
14,58000,"Jalan Jenjarom"
14,58000,"Jalan Klang Lama (Hingga Km 9.5)"
14,58000,"Jalan Kota Raja"
14,58000,"Jalan Padang Jawa"
14,58000,"Kampung Sentosa"
14,58000,"Kampung Sentosa Sepakat"
14,58000,"Kampung Seri Sentosa"
14,58000,"Lorong Penghulu Mat"
14,58000,"Lorong Seputih"
14,58000,"Lorong Teluk Panglima Garang"
14,58000,"Menara Seputeh"
14,58000,"Persiaran Seputih"
14,58000,"Project Jaya Industrial Estate"
14,58000,"Resource Industrial Centre"
14,58000,"Taman Bukit Seputeh"
14,58000,"Taman Halimaton"
14,58000,"Lorong Padang Jawa"
14,58000,"Lorong Kota Raja"
14,58000,"Kampung Teepi Sungai"
14,58000,"Laman Seputeh"
14,58000,"Jalan Teluk Penglima Garang"
14,58000,"Lorong Bukit Raja"
14,58000,"Taman Hock Ann"
14,58000,"Lorong Chekor"
14,58000,"Lorong Halia"
14,58000,"Lorong Jambatan"
14,58000,"Lorong Jeram"
14,58100,"Wisma Marimas"
14,58100,"Taman Shanghai"
14,58100,"Lorong Bandar"
14,58100,"Lorong Bandar (1 - 3)"
14,58100,"Lorong Bukit Pisang"
14,58100,"Lorong Jugra"
14,58100,"Lorong Morib"
14,58100,"Lorong Permatang Pasir"
14,58100,"Lorong Pisang (1 - 2)"
14,58100,"Menara Faber"
14,58100,"Taman Abadi Indah"
14,58100,"Jalan Tasek"
14,58100,"Taman Bukit Desa (Jalan Klang Lama)"
14,58100,"Taman Desa"
14,58100,"Taman Desa Utama"
14,58100,"Taman Evergreen"
14,58100,"Taman Fairview"
14,58100,"Taman Seri Lempah"
14,58100,"Lorong Anggor"
14,58100,"Kondominium Desarina"
14,58100,"Desa Residence"
14,58100,"Fairview Mansion"
14,58100,"Hock Ann Estate"
14,58100,"Jalan Anggor"
14,58100,"Bukit Pisang"
14,58100,"Jalan Banting"
14,58100,"Jalan Desa Bakti 2"
14,58100,"Jalan Jugra"
14,58100,"Jalan Meru"
14,58100,"Kampung Bakti"
14,58100,"Jalan Teluk Gadong"
14,58100,"Jalan Sungai Buaya"
14,58100,"Jalan Pisang"
14,58100,"Jalan Permatang Pasir"
14,58100,"Jalan Morib"
14,58100,"Jalan Meru Selekoh"
14,58200,"Taman Suria"
14,58200,"Taman Sri Jati"
14,58200,"Taman Skyline"
14,58200,"Taman Seri Pandan"
14,58200,"Taman Puchong (Batu 6 1/4)"
14,58200,"Taman Perindustrian OUG"
14,58200,"Taman Pagar Ruyong"
14,58200,"Taman Overseas Union"
14,58200,"Taman Mega Mendung"
14,58200,"Taman Lucky (Puchong)"
14,58200,"Taman Nan Fong"
14,58200,"Taman Tan Yew Lai"
14,58200,"Taman United"
14,58200,"Kondominium Zamrud"
14,58200,"Taman OUG Parklane"
14,58200,"Taman Gembira (Happy Garden)"
14,58200,"Bukit Indah"
14,58200,"Jalan Awan Berarak 1"
14,58200,"Jalan Awan Makmur"
14,58200,"Jalan Awan Selimpat"
14,58200,"Jalan Batalong"
14,58200,"Jalan Riang Ria"
14,58200,"Taman Yarl"
14,58200,"Residensi Kiara Jalil 1"
14,58200,"Taman Lian Hoe"
14,58200,"Jalan Enak"
14,58200,"Jalan Perisa"
14,58200,"Jalan Puchong (Hingga Km 12)"
14,58200,"Jalan Ramah"
14,58200,"Jalan Riang"
14,58200,"Jalan Riang (1 - 15)"
14,58200,"Jalan Riangria 7"
14,58200,"Jalan Sekata"
14,58200,"Jalan Sekata (1 - 2)"
14,58200,"Jalan Sekutu"
14,58200,"Jalan Selera"
14,58200,"Jalan Selera 1"
14,58200,"Jalan Selesa"
14,58200,"Jalan Selesa (1 - 12)"
14,58200,"Jalan Pasir Puteh"
14,58200,"Jalan Pasir Merah"
14,58200,"Jalan Enak (1 - 3)"
14,58200,"Jalan Hujan Emas"
14,58200,"Jalan Jiran (1 - 2)"
14,58200,"Jalan Kuchai (1 - 9)"
14,58200,"Jalan Kuchai Lama"
14,58200,"Jalan Lazat (1 - 7)"
14,58200,"Jalan Manisan"
14,58200,"Jalan Manisan (1 - 3)"
14,58200,"Jalan Mas 1"
14,58200,"Jalan Nikmat"
14,58200,"Jalan Nyaman"
14,58200,"Jalan Nyaman (1 - 12)"
14,58200,"Jalan Overseas Union"
14,58200,"Jalan Sepadu"
14,58200,"Jalan Sepadu (1 - 7)"
14,58200,"Jalan Sepakat"
14,58200,"Taman Kuchai"
14,58200,"Lorong Selera"
14,58200,"Mutiara Bukit Jalil"
14,58200,"Mutiara Puchong Business Centre"
14,58200,"Taman Angkasa"
14,58200,"Taman Awan"
14,58200,"Taman Bukit Aman"
14,58200,"Taman Bukit Indah"
14,58200,"Taman Desa Tiara"
14,58200,"Jalan Batalong (1 - 3)"
14,58200,"Taman Goodwood"
14,58200,"Taman Indrahana"
14,58200,"Taman Kuchai Jaya"
14,58200,"Lorong Nikmat (1 - 11)"
14,58200,"Jalan Seragam"
14,58200,"Jalan Sukacita"
14,58200,"Jalan Sukacita (1 - 4)"
14,58200,"Kampung Bohol (Indian Settlement)"
14,58200,"Kampung Chetty"
14,58200,"Kampung Malaysia Jaya"
14,58200,"Kampung Muhibbah"
14,58200,"Kampung Pasir"
14,58200,"Kampung Petaling Bahagia"
14,58200,"Kinrara Mas Bukit Jalil"
14,58200,"Kuchai Business Park"
14,58200,"Kuchai Entrepreneurs Park"
14,58200,"Taman Kinrara Mas"
14,58700,"Jalan Klang Lama - Peti surat  1 - 240"
14,58990,"Jalan Klang Lama - Beg berkunci"
14,59000,"Jalan Maarof"
14,59000,"Bangsar Aman"
14,59000,"Jalan Limau Nipis"
14,59000,"Jalan Limau Purut"
14,59000,"Jalan Menarong"
14,59000,"Jalan Rumah Sakit Bangsar"
14,59000,"Jalan Rumpai"
14,59000,"Jalan Senangin"
14,59000,"Jalan Senuduk"
14,59000,"Kompleks Maybank"
14,59000,"Kompleks Niaga Utama"
14,59000,"Jalan Limau Manis (1 - 3)"
14,59000,"Jalan Limau Kasturi"
14,59000,"Bangsar Utama"
14,59000,"BRDB Towe, Jalan Maarof"
14,59000,"Bukit Bangsar"
14,59000,"Jalan Abdullah"
14,59000,"Jalan Bangsar Utama (1,3 & 9)"
14,59000,"Jalan Bukit Bangsar"
14,59000,"Jalan Buloh Perindu"
14,59000,"Jalan Kemuja"
14,59000,"Jalan Limau Besar"
14,59000,"Lengkok Abdullah"
14,59000,"Lorong Abdullah"
14,59000,"Lorong Buloh Perindu (1 - 5)"
14,59000,"Lorong Menarung 1"
14,59000,"Taman SA (Satok Amoy)"
14,59000,"Taman Bangsar"
14,59000,"Lorong Limau Kasturi"
14,59000,"Lorong Menarung"
14,59000,"Lorong Maarof (1 - 4)"
14,59000,"Lorong Maarof"
14,59000,"Lorong Limau Manis (1 - 3)"
14,59100,"Taman Bandaraya"
14,59100,"Persiaran Ara Kanan"
14,59100,"Persiaran Ara Kiri 1"
14,59100,"Persiaran Medang Utara"
14,59100,"Persiaran Terasik"
14,59100,"Pusat Perubatan Pantai"
14,59100,"Persiaran Ara"
14,59100,"Pangsapuri Ken Bangsar"
14,59100,"Lorong Universiti  A"
14,59100,"Lorong Universiti"
14,59100,"Lorong Terasik Kanan"
14,59100,"Lorong Terasik 1"
14,59100,"Lorong Tenggiri"
14,59100,"Lorong Tempinis Kiri (1 - 2)"
14,59100,"Lorong Tempinis Kanan (1 - 3)"
14,59100,"Taman Bukit Pantai"
14,59100,"Taman Lucky (Bangsar)"
14,59100,"Jalan Liku"
14,59100,"Bangsar Baru"
14,59100,"Bukit Bandaraya"
14,59100,"Bukit Pantai"
14,59100,"Cangkat Riong"
14,59100,"Institut Diplomasi & Hubungan Luar Negeri"
14,59100,"Jalan 1/80C"
14,59100,"Jalan Api"
14,59100,"Jalan Bilis (1 - 3)"
14,59100,"Jalan Ara"
14,59100,"Jalan Ara Kiri"
14,59100,"Jalan Bangkong"
14,59100,"Jalan Bawal"
14,59100,"Zhen Bukit Pantai"
14,59100,"Hospital Universiti"
14,59100,"Jalan Bukit Pantai"
14,59100,"Jalan Medang"
14,59100,"Jalan Medang Kapas"
14,59100,"Jalan Medang Kunyit"
14,59100,"Jalan Medang Payong"
14,59100,"Jalan Medang Serai"
14,59100,"Jalan Medang Tandok"
14,59100,"Jalan Menerung, Bangsar"
14,59100,"Jalan Panah"
14,59100,"Jalan Pantai Endah"
14,59100,"Jalan Penaga"
14,59100,"Jalan Piring"
14,59100,"Jalan Riong"
14,59100,"Jalan Ru (Pantai Baru)"
14,59100,"Jalan Mambu"
14,59100,"Jalan Kurau"
14,59100,"Jalan Kipas"
14,59100,"Jalan Changkat Pantai 1"
14,59100,"Jalan Chenderai (1 - 3)"
14,59100,"Jalan Elmu"
14,59100,"Jalan Faraday"
14,59100,"Jalan Ilmu"
14,59100,"Jalan Jejawi"
14,59100,"Jalan Kaloi"
14,59100,"Jalan Kapas"
14,59100,"Jalan Kawat"
14,59100,"Jalan Kemaris"
14,59100,"Jalan Keruing (Pantai Baru)"
14,59100,"Jalan Kesedang"
14,59100,"Jalan Kilat"
14,59100,"Jalan Senangin"
14,59100,"Jalan Sepat"
14,59100,"Jalan Taban"
14,59100,"Lingkungan Budi"
14,59100,"Lorong Ara"
14,59100,"Lorong Ara Kiri (1 - 3)"
14,59100,"Lorong Bukit Pantai (1 - 7)"
14,59100,"Lorong Chenderai"
14,59100,"Lorong Ilmu"
14,59100,"Lorong Kaloi"
14,59100,"Lorong Kemaris (1 - 6)"
14,59100,"Lorong Kurau"
14,59100,"Lorong Medang"
14,59100,"Lorong Riong"
14,59100,"Lorong Taban (1 - 3)"
14,59100,"Lorong Taman Pantai"
14,59100,"Lorong Taman Pantai (1 - 7)"
14,59100,"Kompleks Sukan Bangsar"
14,59100,"Jalan Turi"
14,59100,"Jalan Taban (1 - 4)"
14,59100,"Jalan Taman Pantai"
14,59100,"Jalan Tandok"
14,59100,"Jalan Telawi"
14,59100,"Jalan Telawi (1 - 9)"
14,59100,"Jalan Tempinis"
14,59100,"Jalan Tempinis (1 - 5)"
14,59100,"Jalan Tempinis Kanan"
14,59100,"Jalan Tempinis Kiri"
14,59100,"Jalan Tempinis Kiri (1 - 2)"
14,59100,"Jalan Tenggiri"
14,59100,"Jalan Terasik"
14,59100,"Jalan Terasik (1 - 8)"
14,59100,"Jalan Tualang"
14,59200,"Jalan Bangsar"
14,59200,"Kampung Pantai"
14,59200,"Kampung Haji Abdullah Hukum"
14,59200,"Kampung Kerinchi"
14,59200,"Kampung Padang"
14,59200,"Kampung Pasir Kiri"
14,59200,"Kampung Paya"
14,59200,"Kampung Selamat (Pantai  Baru)"
14,59200,"Lingkaran Syed Putra"
14,59200,"Lorong Kerinchi"
14,59200,"Lorong Kerinchi Kanan (1 - 2)"
14,59200,"Lorong Kerinchi Kiri (1 - 2)"
14,59200,"Taman Bukit Angkasa"
14,59200,"Taman Desa Kerinci"
14,59200,"Taman Desa Aman"
14,59200,"Taman Ghazali Shafie"
14,59200,"Jalan Selekoh"
14,59200,"Jalan Pantai Permai 1"
14,59200,"Bandar Mid - Valley"
14,59200,"Bangsar South"
14,59200,"Bukit Kerinchi"
14,59200,"Bukit Putra"
14,59200,"Jalan 4/83A"
14,59200,"Jalan Changkat Pantai"
14,59200,"Jalan Kerinchi"
14,59200,"Jalan Kerinchi Kanan"
14,59200,"Jalan Kerinchi Kiri"
14,59200,"Jalan Pantai Jaya"
14,59200,"Jalan Pantai Dalam"
14,59200,"Jalan Pantai Baru"
14,59200,"Jalan Lembah Pantai"
14,59200,"The Park Residences 1"
14,59700,"Jalan Pantai Baru - Peti surat  1121 - 1200"
14,59800,"Jalan Pantai Baru - Peti surat  1201 & ke atas"
14,59990,"Jalan Pantai Baru - Beg berkunci"
14,60000,"Bukit Kiara"
14,60000,"Taman Tun Dr Ismail"
14,60000,"Persiaran Burhanuddin Helmi"
14,60000,"Lengkok Zaaba (1 - 2)"
14,60000,"Kampung Damansara (Bahagian Kiri)"
14,60000,"Bukit Kiara Equestrian"
14,60000,"Menara Permata Damansara"
14,60000,"Bukit Kiara Estate"
14,60000,"Jalan Datuk Suleiman"
14,60000,"Lengkok Zaaba"
14,60000,"Lengkok Aminuddin Baki"
14,60000,"Kampung Sungai Penchala"
14,60000,"Kampung Pinggir"
14,60000,"Kampung Pelibangan Indah"
14,60000,"Kampung Palimbayan"
14,60000,"Kampung Palimbayam Tanah 60"
14,60000,"Kampung Kenangan (Damansara)"
14,60000,"Kampung Bukit Lanjan"
14,60000,"Kampung Baru Damansara"
14,60000,"Jalan Wan Kadir (1 - 4)"
14,60000,"Jalan Tun Mohd Fuad (1 - 4)"
14,60000,"Jalan Tun Mohd Fuad"
14,60000,"Jalan Taman Zaaba"
14,60000,"Jalan Rahim Kajai Kajai"
14,60000,"Jalan Persiaran Zaaba"
14,60000,"Lorong Abang Haji Openg"
14,60000,"Lorong Aminuddin Baki (1 - 4)"
14,60000,"Bukit Lanjan"
14,60000,"Jalan Abang Haji Openg"
14,60000,"Jalan Abang Haji Openg (1 - 2)"
14,60000,"Jalan Aminuddin Baki"
14,60000,"Jalan Burhanuddin Helmi"
14,60000,"Jalan Burhanuddin Helmi (1 - 3)"
14,60000,"Pinggir Zaaba"
14,60000,"Jalan Damansara (Km 10 ke atas)"
14,60000,"Persiaran Abang Haji Openg"
14,60000,"Lorong Burhanuddin Helmi (1 - 11)"
14,60000,"Lorong Datuk Suleiman"
14,60000,"Lorong Datuk Suleiman (1 - 8)"
14,60000,"Lorong Rahim Kajai (1 - 15)"
14,60000,"Lorong Zaaba"
14,60000,"Medan Burhanuddin Helmi"
14,60000,"Jalan Datuk Suleiman (1 - 7)"
14,68100,"Taman Bullion Mewah"
14,68100,"Jalan Bullion Mewah 9A"
